; 9Code-Version = 1.0
; Creation-Date = 2026-05-23 12:38:18Z
; Creator = fiber_gcode_tool.py
; Slicing-Engine = Custom Python Script

; -- Parts --
; generated_part
; xmin = 175.300
; xmax = 375.000
; ymin = 135.000
; ymax = 235.000
; zmin = 0.000
; zmax = 1.350
; -- End Parts --
;
;-- Fibrifier Config --
; bed_shape = 0x0,350x0,350x280,0x280
; fiber_helix = 0
; first_layers_at_once = 0
; gcode_stubs_dir = stubs
; after_cut_speed = 75
; anchoring_angle = 9
; anchoring_dwell = 600
; anchoring_height = 3
; anchoring_length = 2
; bed_temperature = 90
; build_chamber_temperature = 90
; cf_extrusion_multiplier = 0.99
; cf_first_layer_temperature = 220
; cf_print_feedrate = 600
; cf_print_temp = 220
; corner_direction_correction_angle_treshold = 30
; corner_dwell = 0
; corner_nozzle_lift_slack = 0
; corner_nozzle_z_lift = 0
; corner_overshoot_length = 0
; corner_slack_ratio = 0
; deposition_offset = 0
; fiber_height = 0.15
; fiber_helix_z_transition = 10
; fiber_max_extrusion_radius = 100
; fiber_min_extrusion_radius = 8
; fiber_min_radius_extrusion_multiplier = 0.99
; fiber_width = 1.5
; first_layer_bed_temperature = 90
; first_layer_extrusion_multiplier = 1
; layer_height = 0.15
; material_storage_temperature = 70
; minimal_extrusion_plastic_stretch = 0.02
; minimal_printable_length = 23.73
; no_speed_up_length = 5
; nozzle_cooldown_temperature = 50
; nozzle_dead_length = 21.5
; perimeter_speed = 40
; pl_extrusion_multiplier = 0.68
; pl_first_layer_speed = 30
; pl_first_layer_temperature = 230
; pl_print_temp = 230
; plastic_cover_extrusion_multipier = 0.85
; plastic_cover_feedrate = 60
; preheat_target_temperature = 230
; preheat_time = 60
; rapid_move_feedrate = 5500
; retract_length = 3
; retract_lift = 0
; retract_speed = 60
; straight_line_feedrate = 600
; stretch_beginning_length = 0
; stretch_beginning_multiplier = 1.2
;-- End Fibrifier Config --

;*-- START CODE --
CLEAR_PAUSE ; clear any saved pause states

G21 ; set units to millimeters
G90 ; use absolute coordinates
M83 ; extruder relative mode

SET_PIN PIN=lamps VALUE=0.7

M104 S130 T0 ; set fiber extruder temperature
M140 S90 ; set bed temp

G28 ; Home all axes

M109 S130 T0 ; set fiber extruder temp
G28 W ; re-home FG after it has heated up

M190 S90 ; wait for bed temp
M104 S220 T0 ; set fiber extruder temp

M104 S172 T1 ; set 75% polymer nozzle temp
G29 ; Meshbed leveling

G0 Z3.0000 F5500

M109 S230 T1 ; wait for first layer polymer temeprature
M109 S220 T0 ; wait for FG printing temperature

T1 ; change to polymer extruder

G0 X100.0000 Y3.0000 Z0.5000 F5500 ; go outside print area
G1 X60.0000 E9.0000 F1000 ; intro line
G1 X20.0000 E12.5000 F1000 ; intro line
G92 E0.0

SET_RETRACTION RETRACT_LENGTH=3.0 RETRACT_SPEED=60.0
SET_HEATER_TEMPERATURE HEATER=print_chamber target=90.0
SET_HEATER_TEMPERATURE HEATER=material_chamber target=70.0
;*-- END OF START CODE --
;========================
; - START OF ZCHUNK #1, range=[0.15, 0.15] -
;========================
;- START OF POLYMER STRETCH INITIALIZATION -
G10
G0 Z0.5000 F5500
G0 X175.3000 Y135.8000
G0 Z0.1500
G1 F1800
G11
;- END OF POLYMER STRETCH INITIALIZATION -
;------------------------
; - START OF POLYMER STRETCH #0 (Infill) -
;------------------------
G1 X277.5125 Y135.8000 E69.5045 ; infill
G1 X277.5125 Y136.8000 E0.6800 ; infill step
G1 X175.3000 Y136.8000 E69.5045 ; infill
G1 X175.3000 Y137.8000 E0.6800 ; infill step
G1 X277.5125 Y137.8000 E69.5045 ; infill
G1 X278.0632 Y138.8000 E0.7763 ; infill step
G1 X175.3000 Y138.8000 E69.8790 ; infill
G1 X175.3000 Y139.8000 E0.6800 ; infill step
G1 X278.1375 Y139.8000 E69.9295 ; infill
G1 X278.1375 Y140.8000 E0.6800 ; infill step
G1 X175.3000 Y140.8000 E69.9295 ; infill
G1 X175.3000 Y141.8000 E0.6800 ; infill step
G1 X278.1375 Y141.8000 E69.9295 ; infill
G1 X278.1375 Y142.8000 E0.6800 ; infill step
G1 X175.3000 Y142.8000 E69.9295 ; infill
G1 X175.3000 Y143.8000 E0.6800 ; infill step
G1 X278.6882 Y143.8000 E70.3040 ; infill
G1 X278.7625 Y144.8000 E0.6819 ; infill step
G1 X175.3000 Y144.8000 E70.3545 ; infill
G1 X175.3000 Y145.8000 E0.6800 ; infill step
G1 X278.8192 Y145.8000 E70.3931 ; infill
G1 X279.3875 Y146.8000 E0.7821 ; infill step
G1 X175.3000 Y146.8000 E70.7795 ; infill
G1 X175.3000 Y147.8000 E0.6800 ; infill step
G1 X279.5632 Y147.8000 E70.8990 ; infill
G1 X280.0170 Y148.8000 E0.7467 ; infill step
G1 X175.3000 Y148.8000 E71.2076 ; infill
G1 X175.3000 Y149.8000 E0.6800 ; infill step
G1 X280.6375 Y149.8000 E71.6295 ; infill
G1 X280.6942 Y150.8000 E0.6811 ; infill step
G1 X175.3000 Y150.8000 E71.6681 ; infill
G1 X175.3000 Y151.8000 E0.6800 ; infill step
G1 X281.2625 Y151.8000 E72.0545 ; infill
G1 X281.8875 Y152.8000 E0.8019 ; infill step
G1 X175.3000 Y152.8000 E72.4795 ; infill
G1 X175.3000 Y153.8000 E0.6800 ; infill step
G1 X282.4382 Y153.8000 E72.8540 ; infill
G1 X282.8132 Y154.8000 E0.7262 ; infill step
G1 X175.3000 Y154.8000 E73.1090 ; infill
G1 X175.3000 Y155.8000 E0.6800 ; infill step
G1 X283.1942 Y155.8000 E73.3681 ; infill
G1 X284.1882 Y156.8000 E0.9588 ; infill step
G1 X175.3000 Y156.8000 E74.0440 ; infill
G1 X175.3000 Y157.8000 E0.6800 ; infill step
G1 X284.5632 Y157.8000 E74.2990 ; infill
G1 X285.0170 Y158.8000 E0.7467 ; infill step
G1 X175.3000 Y158.8000 E74.6076 ; infill
G1 X175.3000 Y159.8000 E0.6800 ; infill step
G1 X285.9382 Y159.8000 E75.2340 ; infill
G1 X286.8875 Y160.8000 E0.9376 ; infill step
G1 X175.3000 Y160.8000 E75.8795 ; infill
G1 X175.3000 Y161.8000 E0.6800 ; infill step
G1 X287.3132 Y161.8000 E76.1690 ; infill
G1 X288.3132 Y162.8000 E0.9617 ; infill step
G1 X175.3000 Y162.8000 E76.8490 ; infill
G1 X175.3000 Y163.8000 E0.6800 ; infill step
G1 X288.7670 Y163.8000 E77.1576 ; infill
G1 X289.6882 Y164.8000 E0.9246 ; infill step
G1 X175.3000 Y164.8000 E77.7840 ; infill
G1 X175.3000 Y165.8000 E0.6800 ; infill step
G1 X290.6882 Y165.8000 E78.4640 ; infill
G1 X291.6882 Y166.8000 E0.9617 ; infill step
G1 X175.3000 Y166.8000 E79.1440 ; infill
G1 X175.3000 Y167.8000 E0.6800 ; infill step
G1 X292.6882 Y167.8000 E79.8240 ; infill
G1 X293.6882 Y168.8000 E0.9617 ; infill step
G1 X175.3000 Y168.8000 E80.5040 ; infill
G1 X175.3000 Y169.8000 E0.6800 ; infill step
G1 X294.6882 Y169.8000 E81.1840 ; infill
G1 X295.6882 Y170.8000 E0.9617 ; infill step
G1 X175.3000 Y170.8000 E81.8640 ; infill
G1 X175.3000 Y171.8000 E0.6800 ; infill step
G1 X296.6882 Y171.8000 E82.5440 ; infill
G1 X298.3132 Y172.8000 E1.2975 ; infill step
G1 X175.3000 Y172.8000 E83.6490 ; infill
G1 X175.3000 Y173.8000 E0.6800 ; infill step
G1 X299.3132 Y173.8000 E84.3290 ; infill
G1 X300.3132 Y174.8000 E0.9617 ; infill step
G1 X175.3000 Y174.8000 E85.0090 ; infill
G1 X175.3000 Y175.8000 E0.6800 ; infill step
G1 X301.3132 Y175.8000 E85.6890 ; infill
G1 X302.3132 Y176.8000 E0.9617 ; infill step
G1 X175.3000 Y176.8000 E86.3690 ; infill
G1 X175.3000 Y177.8000 E0.6800 ; infill step
G1 X303.3132 Y177.8000 E87.0490 ; infill
G1 X304.3132 Y178.8000 E0.9617 ; infill step
G1 X175.3000 Y178.8000 E87.7290 ; infill
G1 X175.3000 Y179.8000 E0.6800 ; infill step
G1 X305.0125 Y179.8000 E88.2045 ; infill
G1 X305.6375 Y180.8000 E0.8019 ; infill step
G1 X175.3000 Y180.8000 E88.6295 ; infill
G1 X175.3000 Y181.8000 E0.6800 ; infill step
G1 X306.0632 Y181.8000 E88.9190 ; infill
G1 X306.2625 Y182.8000 E0.6934 ; infill step
G1 X175.3000 Y182.8000 E89.0545 ; infill
G1 X175.3000 Y183.8000 E0.6800 ; infill step
G1 X306.8132 Y183.8000 E89.4290 ; infill
G1 X306.8875 Y184.8000 E0.6819 ; infill step
G1 X175.3000 Y184.8000 E89.4795 ; infill
G1 X175.3000 Y185.8000 E0.6800 ; infill step
G1 X306.8875 Y185.8000 E89.4795 ; infill
G1 X306.2724 Y186.8000 E0.7983 ; infill step
G1 X175.3000 Y186.8000 E89.0612 ; infill
G1 X175.3000 Y187.8000 E0.6800 ; infill step
G1 X306.2625 Y187.8000 E89.0545 ; infill
G1 X305.6375 Y188.8000 E0.8019 ; infill step
G1 X175.3000 Y188.8000 E88.6295 ; infill
G1 X175.3000 Y189.8000 E0.6800 ; infill step
G1 X305.0882 Y189.8000 E88.2560 ; infill
G1 X304.3875 Y190.8000 E0.8303 ; infill step
G1 X175.3000 Y190.8000 E87.7795 ; infill
G1 X175.3000 Y191.8000 E0.6800 ; infill step
G1 X303.7132 Y191.8000 E87.3210 ; infill
G1 X302.7132 Y192.8000 E0.9617 ; infill step
G1 X175.3000 Y192.8000 E86.6410 ; infill
G1 X175.3000 Y193.8000 E0.6800 ; infill step
G1 X301.7132 Y193.8000 E85.9610 ; infill
G1 X300.7132 Y194.8000 E0.9617 ; infill step
G1 X175.3000 Y194.8000 E85.2810 ; infill
G1 X175.3000 Y195.8000 E0.6800 ; infill step
G1 X299.7132 Y195.8000 E84.6010 ; infill
G1 X298.7132 Y196.8000 E0.9617 ; infill step
G1 X175.3000 Y196.8000 E83.9210 ; infill
G1 X175.3000 Y197.8000 E0.6800 ; infill step
G1 X297.0882 Y197.8000 E82.8160 ; infill
G1 X296.0882 Y198.8000 E0.9617 ; infill step
G1 X175.3000 Y198.8000 E82.1360 ; infill
G1 X175.3000 Y199.8000 E0.6800 ; infill step
G1 X295.0882 Y199.8000 E81.4560 ; infill
G1 X294.0882 Y200.8000 E0.9617 ; infill step
G1 X175.3000 Y200.8000 E80.7760 ; infill
G1 X175.3000 Y201.8000 E0.6800 ; infill step
G1 X293.0882 Y201.8000 E80.0960 ; infill
G1 X292.0882 Y202.8000 E0.9617 ; infill step
G1 X175.3000 Y202.8000 E79.4160 ; infill
G1 X175.3000 Y203.8000 E0.6800 ; infill step
G1 X291.0882 Y203.8000 E78.7360 ; infill
G1 X290.0882 Y204.8000 E0.9617 ; infill step
G1 X175.3000 Y204.8000 E78.0560 ; infill
G1 X175.3000 Y205.8000 E0.6800 ; infill step
G1 X289.0882 Y205.8000 E77.3760 ; infill
G1 X288.1474 Y206.8000 E0.9337 ; infill step
G1 X175.3000 Y206.8000 E76.7362 ; infill
G1 X175.3000 Y207.8000 E0.6800 ; infill step
G1 X287.7132 Y207.8000 E76.4410 ; infill
G1 X286.7132 Y208.8000 E0.9617 ; infill step
G1 X175.3000 Y208.8000 E75.7610 ; infill
G1 X175.3000 Y209.8000 E0.6800 ; infill step
G1 X286.2625 Y209.8000 E75.4545 ; infill
G1 X285.3382 Y210.8000 E0.9260 ; infill step
G1 X175.3000 Y210.8000 E74.8260 ; infill
G1 X175.3000 Y211.8000 E0.6800 ; infill step
G1 X284.9632 Y211.8000 E74.5710 ; infill
G1 X283.9632 Y212.8000 E0.9617 ; infill step
G1 X175.3000 Y212.8000 E73.8910 ; infill
G1 X175.3000 Y213.8000 E0.6800 ; infill step
G1 X283.5882 Y213.8000 E73.6360 ; infill
G1 X283.1375 Y214.8000 E0.7459 ; infill step
G1 X175.3000 Y214.8000 E73.3295 ; infill
G1 X175.3000 Y215.8000 E0.6800 ; infill step
G1 X282.5125 Y215.8000 E72.9045 ; infill
G1 X281.8974 Y216.8000 E0.7983 ; infill step
G1 X175.3000 Y216.8000 E72.4862 ; infill
G1 X175.3000 Y217.8000 E0.6800 ; infill step
G1 X281.4632 Y217.8000 E72.1910 ; infill
G1 X281.0882 Y218.8000 E0.7262 ; infill step
G1 X175.3000 Y218.8000 E71.9360 ; infill
G1 X175.3000 Y219.8000 E0.6800 ; infill step
G1 X280.6375 Y219.8000 E71.6295 ; infill
G1 X280.0125 Y220.8000 E0.8019 ; infill step
G1 X175.3000 Y220.8000 E71.2045 ; infill
G1 X175.3000 Y221.8000 E0.6800 ; infill step
G1 X279.9632 Y221.8000 E71.1710 ; infill
G1 X279.3875 Y222.8000 E0.7846 ; infill step
G1 X175.3000 Y222.8000 E70.7795 ; infill
G1 X175.3000 Y223.8000 E0.6800 ; infill step
G1 X279.2132 Y223.8000 E70.6610 ; infill
G1 X278.7625 Y224.8000 E0.7459 ; infill step
G1 X175.3000 Y224.8000 E70.3545 ; infill
G1 X175.3000 Y225.8000 E0.6800 ; infill step
G1 X278.7625 Y225.8000 E70.3545 ; infill
G1 X278.7132 Y226.8000 E0.6808 ; infill step
G1 X175.3000 Y226.8000 E70.3210 ; infill
G1 X175.3000 Y227.8000 E0.6800 ; infill step
G1 X278.1375 Y227.8000 E69.9295 ; infill
G1 X278.1375 Y228.8000 E0.6800 ; infill step
G1 X175.3000 Y228.8000 E69.9295 ; infill
G1 X175.3000 Y229.8000 E0.6800 ; infill step
G1 X278.1375 Y229.8000 E69.9295 ; infill
G1 X278.1375 Y230.8000 E0.6800 ; infill step
G1 X175.3000 Y230.8000 E69.9295 ; infill
G1 X175.3000 Y231.8000 E0.6800 ; infill step
G1 X277.5224 Y231.8000 E69.5112 ; infill
G1 X277.5125 Y232.8000 E0.6800 ; infill step
G1 X175.3000 Y232.8000 E69.5045 ; infill
G1 X175.3000 Y233.8000 E0.6800 ; infill step
G1 X277.5125 Y233.8000 E69.5045 ; infill
;------------------------
; - END OF POLYMER STRETCH #0 -
;------------------------
;- after first layer -
M104 S220 T0
M140 S90 ; wait for bed temp
;- after first layer -
;========================
; - END OF ZCHUNK #1, range=[0.15, 0.15] -
;========================
;========================
; - START OF ZCHUNK #2, range=[0.15, 0.15] -
;========================
G0 Z0.1500 ; to next layer transition
;- START OF Fiber STRETCH INITIALIZATION -
G10 S1
; nozzle change gcode for switching from the polymer nozzle(T1) to the fiber guide (T0)
M104 S50 T1 ; cool down polymer nozzle
G10
G91 ; use relative coordinates
G0 Z3.0000 F5500
G90 ; use absolute coordinates
M83 ; extruder relative mode

T0 ; change to fiber guide
SET_STATE_TARGET STATE=buffer TARGET=0.1
; end of T0 for Shoed-Red-Series
;- END OF Fiber STRETCH INITIALIZATION -
;------------------------
; - START OF Fiber STRETCH #1 -
;------------------------
USE_ABSOLUTE_ROTARY_POSITION
G0 X311.9233 Y127.8706 Z3.1500 W160.6341 F5500 ;move to anchoring start
USE_RELATIVE_ROTARY_POSITION
G0 E23.5000 F600
G1 X291.6398 Y135.0000 Z0.1500 F600
G4 P600 ;anchoring dwell
G1 X290.4928 Y135.4032 Z0.1500 E1.2036 W4.2779 F600
G1 X288.6180 Y135.6982 Z0.1500 E1.8789 W0.8690 F600
G1 X281.2860 Y135.9167 Z0.1500 E7.2619 W-1.7021 F600
G1 X279.6676 Y136.1202 Z0.1500 E1.6148 W-6.0832 F600
G1 X278.9425 Y136.4358 Z0.1500 E0.7829 W-1.5221 F600
G1 X278.7469 Y136.6484 Z0.1500 E0.2860 W-23.8487 F600
G1 X278.6803 Y136.8780 Z0.1500 E0.2367 W-26.4417 F600
G1 W-32.6989 ;in place turn
G1 X278.7466 Y137.1016 Z0.1500 W0.0000 E0.2309 F600
G1 X278.9415 Y137.2964 Z0.1500 E0.2728 W-28.4940 F600
G1 X279.2524 Y137.4462 Z0.1500 E0.3417 W-19.2702 F600
G1 X280.1409 Y137.5974 Z0.1500 E0.8922 W-16.0596 F600
G1 X282.3352 Y137.5571 Z0.1500 E2.1727 W-2.5840 F600
G1 X289.3080 Y137.1323 Z0.1500 E6.9158 W-6.8785 F600
G1 X290.9791 Y136.8914 Z0.1500 E1.6715 W-4.0311 F600
G1 X294.0406 Y136.2504 Z0.1500 E3.0967 W-1.7399 F600
G1 X296.2901 Y135.9807 Z0.1500 E2.2429 W-0.0135 F600
G1 X301.2169 Y135.7580 Z0.1500 E4.8825 W1.2050 F600
G1 X304.9833 Y135.4402 Z0.1500 E3.7420 W2.2193 F600
G1 X307.0790 Y135.3494 Z0.1500 E2.0767 W3.5600 F600
G1 X308.9003 Y135.3858 Z0.1500 E1.8035 W-0.2524 F600
G1 X309.4676 Y135.4511 Z0.1500 E0.5653 W5.4160 F600
G1 X309.7448 Y135.5363 Z0.1500 E0.2871 W10.5322 F600
G1 W70.4673 ;in place turn
G1 X309.7489 Y135.6312 Z0.1500 W0.0000 E0.0940 F600
G1 W74.4204 ;in place turn
G1 X309.1610 Y135.8224 Z0.1500 W0.0000 E0.6120 F600
G1 X304.1044 Y136.9070 Z0.1500 E5.1199 W5.9120 F600
G1 X302.4502 Y137.1786 Z0.1500 E1.6596 W2.7844 F600
G1 X295.6653 Y137.8171 Z0.1500 E6.7467 W3.9461 F600
G1 X288.5243 Y138.7893 Z0.1500 E7.1348 W-3.7848 F600
G1 X282.5550 Y139.1994 Z0.1500 E5.9236 W-1.2230 F600
G1 X280.9181 Y139.3759 Z0.1500 E1.6300 W-4.0791 F600
G1 X280.0606 Y139.5975 Z0.1500 E0.8768 W-7.4534 F600
G1 X279.7449 Y139.7579 Z0.1500 E0.3506 W-5.0110 F600
G1 X279.5289 Y139.9494 Z0.1500 E0.2857 W-14.6396 F600
G1 X279.4304 Y140.1601 Z0.1500 E0.2303 W-23.3560 F600
G1 W-33.4526 ;in place turn
G1 X279.4614 Y140.3707 Z0.1500 W0.0000 E0.2108 F600
G1 W-32.4888 ;in place turn
G1 X279.6250 Y140.5598 Z0.1500 W0.0000 E0.2476 F600
G1 X279.9135 Y140.7101 Z0.1500 E0.3220 W-21.6161 F600
G1 X280.3092 Y140.8128 Z0.1500 E0.4048 W-12.9741 F600
G1 X281.3269 Y140.8861 Z0.1500 E1.0101 W-10.4246 F600
G1 X283.6652 Y140.7688 Z0.1500 E2.3177 W-1.0759 F600
G1 X289.3375 Y140.2771 Z0.1500 E5.6367 W-4.8658 F600
G1 X296.5752 Y139.3947 Z0.1500 E7.2183 W-3.1916 F600
G1 X302.2867 Y138.8158 Z0.1500 E5.6834 W-2.2183 F600
G1 X304.9492 Y138.3920 Z0.1500 E2.6691 W-1.6181 F600
G1 X310.1448 Y137.3349 Z0.1500 E5.2490 W-0.8971 F600
G1 X315.0955 Y135.9594 Z0.1500 E5.0869 W0.3517 F600
G1 X316.9501 Y135.5579 Z0.1500 E1.8785 W2.2624 F600
G1 X318.5223 Y135.3644 Z0.1500 E1.5683 W4.8395 F600
G1 X320.0866 Y135.3170 Z0.1500 E1.5493 W0.5549 F600
G1 X321.0605 Y135.4382 Z0.1500 E0.9716 W8.8354 F600
G1 X321.2067 Y135.5453 Z0.1500 E0.1794 W29.1176 F600
G1 W83.2762 ;in place turn
G1 X321.1364 Y135.6695 Z0.1500 W0.0000 E0.1413 F600
G1 W36.1707 ;in place turn
G1 X320.5373 Y135.9405 Z0.1500 W0.0000 E0.6510 F600
G1 X316.8479 Y137.1574 Z0.1500 E3.8460 W6.0828 F600
G1 X312.9958 Y138.3068 Z0.1500 E3.9798 W1.6410 F600
G1 X309.4726 Y139.1611 Z0.1500 E3.5890 W2.9843 F600
G1 X305.2899 Y139.9730 Z0.1500 E4.2181 W1.6718 F600
G1 X300.3627 Y140.6537 Z0.1500 E4.9242 W1.8748 F600
G1 X289.1057 Y141.8974 Z0.1500 E11.2122 W0.4177 F600
G1 X282.7538 Y142.4656 Z0.1500 E6.3135 W-1.6348 F600
G1 X280.7082 Y142.7320 Z0.1500 E2.0422 W-4.4429 F600
G1 X279.9026 Y142.9570 Z0.1500 E0.8281 W-8.0232 F600
G1 X279.6255 Y143.1089 Z0.1500 E0.3129 W-4.9710 F600
G1 X279.4541 Y143.2865 Z0.1500 E0.2443 W-17.2804 F600
G1 X279.3925 Y143.4812 Z0.1500 E0.2022 W-26.4284 F600
G1 W-43.2939 ;in place turn
G1 X279.5745 Y143.8586 Z0.1500 W0.0000 E0.4149 F600
G1 W-30.9359 ;in place turn
G1 X279.7992 Y144.0064 Z0.1500 W0.0000 E0.2662 F600
G1 X280.1027 Y144.1108 Z0.1500 E0.3177 W-14.3422 F600
G1 X280.9217 Y144.1887 Z0.1500 E0.8144 W-13.5424 F600
G1 X285.4537 Y143.8447 Z0.1500 E4.4997 W-9.7806 F600
G1 X297.3298 Y142.6075 Z0.1500 E11.8209 W2.1429 F600
G1 X302.9209 Y141.9627 Z0.1500 E5.5719 W-3.8918 F600
G1 X306.6864 Y141.3706 Z0.1500 E3.7737 W-2.7539 F600
G1 X310.3332 Y140.6442 Z0.1500 E3.6813 W-2.1351 F600
G1 X313.3467 Y139.9101 Z0.1500 E3.0705 W-1.6144 F600
G1 X316.2654 Y139.0768 Z0.1500 E3.0050 W-0.8745 F600
G1 X324.3667 Y136.5518 Z0.1500 E8.4008 W0.1586 F600
G1 X325.8618 Y136.1629 Z0.1500 E1.5294 W1.3216 F600
G1 X327.5694 Y135.8476 Z0.1500 E1.7191 W2.3512 F600
G1 X329.9951 Y135.5524 Z0.1500 E2.4192 W3.0818 F600
G1 X333.7864 Y135.3490 Z0.1500 E3.7587 W3.6093 F600
G1 X336.2359 Y135.3651 Z0.1500 E2.4251 W3.3202 F600
G1 X337.0623 Y135.4193 Z0.1500 E0.8199 W3.3807 F600
G1 X337.6736 Y135.5713 Z0.1500 E0.6236 W10.2050 F600
G1 W148.9545 ;in place turn
G1 X337.1965 Y135.7179 Z0.1500 W0.0000 E0.4942 F600
G1 X333.3339 Y136.1620 Z0.1500 E3.8491 W10.5264 F600
G1 X331.7952 Y136.4843 Z0.1500 E1.5563 W-5.2738 F600
G1 X324.2925 Y138.3520 Z0.1500 E7.6544 W-2.1464 F600
G1 X313.6958 Y141.5083 Z0.1500 E10.9462 W0.7750 F600
G1 X310.6741 Y142.2383 Z0.1500 E3.0776 W0.7180 F600
G1 X308.0771 Y142.7666 Z0.1500 E2.6236 W0.9710 F600
G1 X304.8772 Y143.3081 Z0.1500 E3.2130 W0.8249 F600
G1 X301.0364 Y143.8235 Z0.1500 E3.8365 W-0.1216 F600
G1 X284.0060 Y145.5885 Z0.1500 E16.9505 W-2.0786 F600
G1 X281.9436 Y145.8989 Z0.1500 E2.0647 W-5.1253 F600
G1 X281.1008 Y146.1781 Z0.1500 E0.8790 W-0.3122 F600
G1 X280.7963 Y146.3625 Z0.1500 E0.3525 W-12.8730 F600
G1 X280.5127 Y146.7804 Z0.1500 E0.4999 W-24.6350 F600
G1 W-43.9289 ;in place turn
G1 X280.5467 Y146.9780 Z0.1500 W0.0000 E0.1986 F600
G1 W-31.7940 ;in place turn
G1 X280.6928 Y147.1428 Z0.1500 W0.0000 E0.2180 F600
G1 X280.9397 Y147.2622 Z0.1500 E0.2715 W-22.6370 F600
G1 X281.6804 Y147.3587 Z0.1500 E0.7395 W-18.3763 F600
G1 X284.3687 Y147.1623 Z0.1500 E2.6685 W-11.6067 F600
G1 X298.5708 Y145.7243 Z0.1500 E14.1320 W2.9977 F600
G1 X303.5807 Y145.1254 Z0.1500 E4.9951 W-4.4938 F600
G1 X307.8931 Y144.4517 Z0.1500 E4.3211 W-2.9807 F600
G1 X311.0190 Y143.8311 Z0.1500 E3.1551 W-2.1207 F600
G1 X314.5392 Y142.9749 Z0.1500 E3.5866 W-1.4503 F600
G1 X324.1698 Y140.1060 Z0.1500 E9.9483 W-0.6865 F600
G1 X328.1439 Y139.0829 Z0.1500 E4.0626 W0.1612 F600
G1 X332.7489 Y138.0580 Z0.1500 E4.6706 W0.9362 F600
G1 X338.6681 Y137.1165 Z0.1500 E5.9336 W1.5764 F600
G1 X343.3136 Y136.1432 Z0.1500 E4.6989 W2.2174 F600
G1 X348.2489 Y135.6422 Z0.1500 E4.9110 W3.0987 F600
G1 X350.9334 Y135.4496 Z0.1500 E2.6645 W4.4916 F600
G1 X353.5891 Y135.4668 Z0.1500 E2.6292 W0.8034 F600
G1 X354.0823 Y135.5337 Z0.1500 E0.4927 W7.3477 F600
G1 X354.2984 Y135.6199 Z0.1500 E0.2304 W14.0094 F600
G1 W90.9019 ;in place turn
G1 X354.2581 Y135.7165 Z0.1500 W0.0000 E0.1037 F600
G1 W53.4998 ;in place turn
G1 X348.6533 Y137.1004 Z0.1500 W0.0000 E5.7155 F600
G1 X334.7060 Y139.3976 Z0.1500 E13.9938 W4.5159 F600
G1 X330.0165 Y140.3302 Z0.1500 E4.7336 W-1.8949 F600
G1 X325.0114 Y141.5734 Z0.1500 E5.1056 W-2.7007 F600
G1 X314.8855 Y144.5726 Z0.1500 E10.4552 W0.4621 F600
G1 X311.8727 Y145.3110 Z0.1500 E3.0709 W0.8755 F600
G1 X309.2839 Y145.8464 Z0.1500 E2.6172 W1.0245 F600
G1 X306.0905 Y146.3944 Z0.1500 E3.2076 W0.8613 F600
G1 X301.7050 Y146.9902 Z0.1500 E4.3815 W-0.1305 F600
G1 X285.7588 Y148.6170 Z0.1500 E15.8687 W-2.2784 F600
G1 X283.6431 Y148.8953 Z0.1500 E2.1126 W-5.7405 F600
G1 X282.3345 Y149.2837 Z0.1500 E1.3514 W2.3448 F600
G1 X281.8306 Y149.6782 Z0.1500 E0.6335 W-21.5280 F600
G1 X281.7405 Y149.8896 Z0.1500 E0.2275 W-28.8561 F600
G1 W-30.3767 ;in place turn
G1 X281.7655 Y150.0849 Z0.1500 W0.0000 E0.1949 F600
G1 W-33.0629 ;in place turn
G1 X281.9019 Y150.2455 Z0.1500 W0.0000 E0.2087 F600
G1 X282.1414 Y150.3596 Z0.1500 E0.2626 W-24.1658 F600
G1 X282.8813 Y150.4454 Z0.1500 E0.7375 W-18.8646 F600
G1 X285.0084 Y150.2954 Z0.1500 E2.1111 W-10.6503 F600
G1 X299.7972 Y148.8295 Z0.1500 E14.7126 W2.7675 F600
G1 X304.7981 Y148.2186 Z0.1500 E4.9877 W-4.4911 F600
G1 X309.1025 Y147.5353 Z0.1500 E4.3147 W-2.9582 F600
G1 X312.2184 Y146.9048 Z0.1500 E3.1472 W-2.0664 F600
G1 X315.2303 Y146.1693 Z0.1500 E3.0695 W-1.3707 F600
G1 X325.3581 Y143.1702 Z0.1500 E10.4568 W-0.6637 F600
G1 X330.8762 Y141.8139 Z0.1500 E5.6255 W-0.0594 F600
G1 X335.0635 Y141.0010 Z0.1500 E4.2228 W0.2302 F600
G1 X349.5332 Y138.5945 Z0.1500 E14.5218 W0.2448 F600
G1 X355.1249 Y137.3117 Z0.1500 E5.6796 W0.3830 F600
G1 X359.0124 Y136.1437 Z0.1500 E4.0186 W1.1207 F600
G1 X360.7590 Y135.7306 Z0.1500 E1.7769 W2.6524 F600
G1 X362.1424 Y135.5454 Z0.1500 E1.3817 W4.9001 F600
G1 X363.4113 Y135.5163 Z0.1500 E1.2565 W2.0311 F600
G1 X363.8500 Y135.5716 Z0.1500 E0.4378 W8.4938 F600
G1 X364.0964 Y135.6680 Z0.1500 E0.2619 W14.1882 F600
G1 W48.8234 ;in place turn
G1 X364.1425 Y135.7961 Z0.1500 W0.0000 E0.1348 F600
G1 W60.8960 ;in place turn
G1 X364.0120 Y135.9458 Z0.1500 W0.0000 E0.1966 F600
G1 X363.3939 Y136.2787 Z0.1500 E0.6950 W20.6036 F600
G1 X360.7469 Y137.3072 Z0.1500 E2.8114 W7.0764 F600
G1 X357.4356 Y138.3745 Z0.1500 E3.4442 W3.3668 F600
G1 X354.4840 Y139.1713 Z0.1500 E3.0267 W0.7362 F600
G1 X348.3053 Y140.4963 Z0.1500 E6.2560 W2.7381 F600
G1 X336.4658 Y142.4093 Z0.1500 E11.8731 W1.3403 F600
G1 X330.7073 Y143.5170 Z0.1500 E5.8054 W0.3798 F600
G1 X325.7000 Y144.7618 Z0.1500 E5.1081 W-0.0204 F600
G1 X316.0695 Y147.6317 Z0.1500 E9.9485 W0.1847 F600
G1 X311.0168 Y148.8290 Z0.1500 E5.1407 W0.7296 F600
G1 X307.3099 Y149.4871 Z0.1500 E3.7273 W1.1150 F600
G1 X302.9284 Y150.0906 Z0.1500 E4.3786 W0.8671 F600
G1 X296.7482 Y150.7631 Z0.1500 E6.1546 W-0.2990 F600
G1 X286.3837 Y151.7451 Z0.1500 E10.3068 W-2.4781 F600
G1 X284.3524 Y152.0528 Z0.1500 E2.0339 W-5.6459 F600
G1 X283.5977 Y152.3187 Z0.1500 E0.7921 W-1.1895 F600
G1 X283.3526 Y152.4885 Z0.1500 E0.2952 W-15.3132 F600
G1 X283.2277 Y152.6744 Z0.1500 E0.2217 W-21.3860 F600
G1 W-37.2287 ;in place turn
G1 X283.2387 Y152.8625 Z0.1500 W0.0000 E0.1865 F600
G1 W-37.5491 ;in place turn
G1 X283.3891 Y153.0362 Z0.1500 W0.0000 E0.2274 F600
G1 X283.6696 Y153.1802 Z0.1500 E0.3122 W-21.9475 F600
G1 X284.0609 Y153.2845 Z0.1500 E0.4008 W-12.2339 F600
G1 X285.0711 Y153.3699 Z0.1500 E1.0037 W-10.1015 F600
G1 X287.3647 Y153.2461 Z0.1500 E2.2739 W-2.2044 F600
G1 X301.0204 Y151.9336 Z0.1500 E13.5814 W-5.3851 F600
G1 X306.5608 Y151.2427 Z0.1500 E5.5274 W-3.8253 F600
G1 X311.3634 Y150.4282 Z0.1500 E4.8225 W-2.7655 F600
G1 X315.9226 Y149.3585 Z0.1500 E4.6362 W-1.8958 F600
G1 X326.0374 Y146.3482 Z0.1500 E10.4477 W-1.0268 F600
G1 X331.0407 Y145.1049 Z0.1500 E5.1039 W-0.2760 F600
G1 X336.8116 Y143.9927 Z0.1500 E5.8183 W0.0537 F600
G1 X348.6745 Y142.1106 Z0.1500 E11.8911 W-0.1806 F600
G1 X353.8382 Y141.0260 Z0.1500 E5.2236 W-0.7509 F600
G1 X357.3058 Y140.1199 Z0.1500 E3.5482 W-1.1721 F600
G1 X360.6414 Y139.0787 Z0.1500 E3.4594 W-0.9843 F600
G1 X363.4036 Y138.0883 Z0.1500 E2.9050 W0.0386 F600
G1 X368.9318 Y135.9236 Z0.1500 E5.8776 W1.8408 F600
G1 X370.1742 Y135.6304 Z0.1500 E1.2637 W4.2409 F600
G1 X371.5102 Y135.4731 Z0.1500 E1.3317 W2.7456 F600
G1 X372.0871 Y135.4669 Z0.1500 E0.5712 W6.1012 F600
G1 X372.7644 Y135.6012 Z0.1500 E0.6835 W11.8295 F600
G1 W57.3596 ;in place turn
G1 X372.8136 Y135.7266 Z0.1500 W0.0000 E0.1334 F600
G1 W61.0174 ;in place turn
G1 X372.6889 Y135.8774 Z0.1500 W0.0000 E0.1937 F600
G1 X371.6940 Y136.4066 Z0.1500 E1.1156 W22.3982 F600
G1 X367.3494 Y138.2877 Z0.1500 E4.6871 W4.5973 F600
G1 X363.3060 Y139.8699 Z0.1500 E4.2985 W2.0422 F600
G1 X358.1487 Y141.5844 Z0.1500 E5.3804 W2.2648 F600
G1 X352.6831 Y142.9959 Z0.1500 E5.5885 W3.2500 F600
G1 X347.4509 Y144.0161 Z0.1500 E5.2775 W2.1075 F600
G1 X336.5989 Y145.6617 Z0.1500 E10.8663 W1.0382 F600
G1 X331.3740 Y146.6868 Z0.1500 E5.2712 W0.1510 F600
G1 X325.8786 Y148.0665 Z0.1500 E5.6093 W-0.2589 F600
G1 X315.7778 Y151.0892 Z0.1500 E10.4380 W-0.0736 F600
G1 X313.2693 Y151.7083 Z0.1500 E2.5580 W0.4544 F600
G1 X310.6670 Y152.2338 Z0.1500 E2.6283 W0.8064 F600
G1 X307.4457 Y152.7580 Z0.1500 E3.2311 W0.4220 F600
G1 X303.0398 Y153.3288 Z0.1500 E4.3983 W-1.1467 F600
G1 X286.4729 Y154.9340 Z0.1500 E16.4781 W6.8204 F600
G1 X285.1308 Y155.1964 Z0.1500 E1.3538 W-5.5276 F600
G1 X284.6111 Y155.4716 Z0.1500 E0.5822 W-16.8425 F600
G1 W-33.0398 ;in place turn
G1 X284.5184 Y155.6385 Z0.1500 W0.0000 E0.1889 F600
G1 W-40.1789 ;in place turn
G1 X284.5529 Y155.8141 Z0.1500 W0.0000 E0.1772 F600
G1 W-32.2451 ;in place turn
G1 X284.7148 Y155.9855 Z0.1500 W0.0000 E0.2334 F600
G1 X285.3743 Y156.2612 Z0.1500 E0.7076 W-23.9433 F600
G1 X286.3462 Y156.3936 Z0.1500 E0.9711 W-14.9262 F600
G1 X288.0121 Y156.3635 Z0.1500 E1.6495 W-8.7996 F600
G1 X302.2501 Y155.0423 Z0.1500 E14.1562 W0.0664 F600
G1 X307.8010 Y154.3591 Z0.1500 E5.5369 W-4.7899 F600
G1 X312.0888 Y153.6510 Z0.1500 E4.3024 W-3.3392 F600
G1 X315.6476 Y152.8339 Z0.1500 E3.6149 W-2.2865 F600
G1 X325.2248 Y149.9115 Z0.1500 E9.9129 W-1.2906 F600
G1 X328.6712 Y148.9830 Z0.1500 E3.5336 W-0.2906 F600
G1 X331.7027 Y148.2645 Z0.1500 E3.0844 W0.4926 F600
G1 X337.9941 Y147.0502 Z0.1500 E6.3434 W0.7858 F600
G1 X346.2181 Y145.9109 Z0.1500 E8.2195 W0.5054 F600
G1 X348.9052 Y145.4711 Z0.1500 E2.6956 W-0.1729 F600
G1 X352.0341 Y144.8484 Z0.1500 E3.1583 W-0.9258 F600
G1 X355.5699 Y144.0076 Z0.1500 E3.5981 W-1.4314 F600
G1 X358.9877 Y143.0502 Z0.1500 E3.5138 W-1.4009 F600
G1 X362.7479 Y141.8101 Z0.1500 E3.9199 W-0.5094 F600
G1 X366.3784 Y140.4396 Z0.1500 E3.8417 W1.5991 F600
G1 X372.5278 Y137.9283 Z0.1500 E6.5760 W-8.1882 F600
G1 X373.3192 Y137.7518 Z0.1500 E0.8027 W9.6399 F600
G1 X373.9085 Y137.8379 Z0.1500 E0.5896 W20.8880 F600
G1 W35.6919 ;in place turn
G1 X374.0690 Y137.9930 Z0.1500 W0.0000 E0.2210 F600
G1 W33.6526 ;in place turn
G1 X374.1159 Y138.2071 Z0.1500 W0.0000 E0.2169 F600
G1 X374.0442 Y138.4569 Z0.1500 E0.2573 W28.3379 F600
G1 X373.8627 Y138.7184 Z0.1500 E0.3151 W18.7790 F600
G1 X373.2502 Y139.2116 Z0.1500 E0.7785 W16.3826 F600
G1 X372.0288 Y139.8375 Z0.1500 E1.3587 W3.3147 F600
G1 X368.9609 Y141.1494 Z0.1500 E3.3032 W7.2746 F600
G1 X364.9366 Y142.7474 Z0.1500 E4.2867 W4.8922 F600
G1 X361.2442 Y144.0571 Z0.1500 E3.8786 W3.4090 F600
G1 X357.8998 Y145.0877 Z0.1500 E3.4645 W2.6271 F600
G1 X353.9397 Y146.1284 Z0.1500 E4.0536 W2.2038 F600
G1 X350.8753 Y146.8133 Z0.1500 E3.1086 W1.7945 F600
G1 X347.7151 Y147.4007 Z0.1500 E3.1822 W1.1732 F600
G1 X338.2938 Y148.6092 Z0.1500 E9.4035 W0.3258 F600
G1 X332.5346 Y149.7241 Z0.1500 E5.8074 W-0.5121 F600
G1 X325.5300 Y151.4650 Z0.1500 E7.1455 W-0.9708 F600
G1 X321.6669 Y152.6061 Z0.1500 E3.9878 W-0.8043 F600
G1 X316.5219 Y154.3370 Z0.1500 E5.3741 W-0.0996 F600
G1 X314.5425 Y154.8561 Z0.1500 E2.0259 W0.7344 F600
G1 X312.4657 Y155.2839 Z0.1500 E2.0992 W1.1509 F600
G1 X309.2572 Y155.8090 Z0.1500 E3.2187 W0.6433 F600
G1 X304.2838 Y156.4441 Z0.1500 E4.9637 W-1.1723 F600
G1 X288.2500 Y157.9725 Z0.1500 E15.9453 W7.4119 F600
G1 X286.8728 Y158.2441 Z0.1500 E1.3898 W-5.7109 F600
G1 X286.3903 Y158.5369 Z0.1500 E0.5587 W-20.0922 F600
G1 W-38.2473 ;in place turn
G1 X286.3241 Y158.7139 Z0.1500 W0.0000 E0.1871 F600
G1 W-38.0419 ;in place turn
G1 X286.3824 Y158.8984 Z0.1500 W0.0000 E0.1915 F600
G1 X286.5616 Y159.0754 Z0.1500 E0.2494 W-27.8035 F600
G1 X287.2310 Y159.3495 Z0.1500 E0.7161 W-22.3947 F600
G1 X288.1796 Y159.4673 Z0.1500 E0.9463 W-15.1813 F600
G1 X289.7741 Y159.4159 Z0.1500 E1.5794 W-1.5480 F600
G1 X304.0319 Y158.0992 Z0.1500 E14.1753 W-6.9836 F600
G1 X309.6097 Y157.4279 Z0.1500 E5.5618 W-4.9703 F600
G1 X314.4581 Y156.6504 Z0.1500 E4.8612 W-3.7753 F600
G1 X317.4519 Y155.8952 Z0.1500 E3.0568 W-2.8772 F600
G1 X321.0179 Y154.4593 Z0.1500 E3.8058 W-1.8143 F600
G1 X323.3650 Y153.6785 Z0.1500 E2.4489 W-0.5377 F600
G1 X327.8086 Y152.4957 Z0.1500 E4.5523 W0.6363 F600
G1 X332.8524 Y151.2893 Z0.1500 E5.1342 W1.3859 F600
G1 X336.4644 Y150.5262 Z0.1500 E3.6549 W1.5990 F600
G1 X339.1167 Y150.0686 Z0.1500 E2.6646 W1.3031 F600
G1 X344.8918 Y149.5356 Z0.1500 E5.7416 W0.5813 F600
G1 X347.6053 Y149.1704 Z0.1500 E2.7106 W-0.3743 F600
G1 X351.7848 Y148.3500 Z0.1500 E4.2167 W-1.2560 F600
G1 X355.8132 Y147.3757 Z0.1500 E4.1031 W-1.7778 F600
G1 X359.2275 Y146.4148 Z0.1500 E3.5115 W-1.7647 F600
G1 X362.5363 Y145.3494 Z0.1500 E3.4413 W-1.0529 F600
G1 X366.6508 Y143.8377 Z0.1500 E4.3396 W0.6217 F600
G1 X372.3750 Y141.4893 Z0.1500 E6.1253 W3.5551 F600
G1 X373.1771 Y141.2336 Z0.1500 E0.8334 W-5.7168 F600
G1 X373.8120 Y141.2013 Z0.1500 E0.6294 W14.7732 F600
G1 X374.0156 Y141.3035 Z0.1500 E0.2256 W29.5684 F600
G1 W33.8128 ;in place turn
G1 X374.1175 Y141.4834 Z0.1500 W0.0000 E0.2047 F600
G1 W31.9135 ;in place turn
G1 X374.1076 Y141.7236 Z0.1500 W0.0000 E0.2379 F600
G1 X373.7670 Y142.2801 Z0.1500 E0.6459 W29.0816 F600
G1 X373.1116 Y142.8000 Z0.1500 E0.8282 W20.1056 F600
G1 X371.8754 Y143.4366 Z0.1500 E1.3766 W11.1825 F600
G1 X367.9076 Y145.0949 Z0.1500 E4.2574 W-0.9456 F600
G1 X364.2795 Y146.4688 Z0.1500 E3.8407 W5.3332 F600
G1 X360.5420 Y147.7283 Z0.1500 E3.9046 W3.6975 F600
G1 X357.1668 Y148.7286 Z0.1500 E3.4851 W2.9436 F600
G1 X351.6742 Y150.1137 Z0.1500 E5.6079 W2.6585 F600
G1 X346.4934 Y151.1634 Z0.1500 E5.2332 W2.3585 F600
G1 X344.2946 Y151.4002 Z0.1500 E2.1894 W1.6472 F600
G1 X340.0451 Y151.5520 Z0.1500 E4.2098 W0.4175 F600
G1 X337.2685 Y151.9563 Z0.1500 E2.7778 W-1.1377 F600
G1 X329.1190 Y153.8057 Z0.1500 E8.2732 W-2.8487 F600
G1 X324.5963 Y154.9089 Z0.1500 E4.6088 W-4.9360 F600
G1 X322.6698 Y155.4611 Z0.1500 E1.9840 W2.0642 F600
G1 X321.5521 Y155.9808 Z0.1500 E1.2203 W-8.9455 F600
G1 X321.2281 Y156.3499 Z0.1500 E0.4862 W-23.7762 F600
G1 W-46.5607 ;in place turn
G1 X321.2430 Y156.5112 Z0.1500 W0.0000 E0.1604 F600
G1 W-41.2982 ;in place turn
G1 X321.3792 Y156.6401 Z0.1500 W0.0000 E0.1857 F600
G1 W-30.8125 ;in place turn
G1 X321.9613 Y156.7704 Z0.1500 W0.0000 E0.5905 F600
G1 X323.3010 Y156.6714 Z0.1500 E1.3300 W-16.8400 F600
G1 X326.8811 Y155.9446 Z0.1500 E3.6166 W-7.2489 F600
G1 X338.0334 Y153.3625 Z0.1500 E11.3328 W-1.5602 F600
G1 X339.5371 Y153.1180 Z0.1500 E1.5083 W3.8019 F600
G1 X340.4336 Y153.0921 Z0.1500 E0.8878 W7.5794 F600
G1 X341.0532 Y153.2354 Z0.1500 E0.6296 W14.6780 F600
G1 W30.2453 ;in place turn
G1 X341.1948 Y153.3687 Z0.1500 W0.0000 E0.1925 F600
G1 W43.2272 ;in place turn
G1 X341.2048 Y153.5316 Z0.1500 W0.0000 E0.1616 F600
G1 W47.4518 ;in place turn
G1 X340.8527 Y153.8969 Z0.1500 W0.0000 E0.5022 F600
G1 X340.1388 Y154.2484 Z0.1500 E0.7879 W19.8360 F600
G1 X338.2736 Y154.8348 Z0.1500 E1.9356 W8.7635 F600
G1 X333.2819 Y156.0959 Z0.1500 E5.0971 W3.2746 F600
G1 X327.1635 Y157.4750 Z0.1500 E6.2092 W1.1402 F600
G1 X323.4893 Y158.1250 Z0.1500 E3.6940 W3.8516 F600
G1 X321.8604 Y158.2368 Z0.1500 E1.6164 W2.6769 F600
G1 X318.6558 Y158.1012 Z0.1500 E3.1753 W1.2514 F600
G1 X316.5792 Y158.1883 Z0.1500 E2.0577 W-0.6581 F600
G1 X306.1074 Y159.5098 Z0.1500 E10.4493 W-3.1411 F600
G1 X290.6884 Y160.9810 Z0.1500 E15.3341 W3.6070 F600
G1 X289.2520 Y161.2761 Z0.1500 E1.4518 W-6.1579 F600
G1 X288.7666 Y161.5898 Z0.1500 E0.5722 W-21.2645 F600
G1 W-41.5634 ;in place turn
G1 X288.7154 Y161.7737 Z0.1500 W0.0000 E0.1890 F600
G1 W-38.1233 ;in place turn
G1 X288.7927 Y161.9598 Z0.1500 W0.0000 E0.1995 F600
G1 X288.9871 Y162.1325 Z0.1500 E0.2574 W-25.8256 F600
G1 X289.6507 Y162.3841 Z0.1500 E0.7026 W-20.8488 F600
G1 X290.5421 Y162.4781 Z0.1500 E0.8875 W-14.7475 F600
G1 X292.0772 Y162.4134 Z0.1500 E1.5211 W-0.3626 F600
G1 X303.6329 Y161.3971 Z0.1500 E11.4843 W-5.7748 F600
G1 X315.9905 Y160.0560 Z0.1500 E12.3058 W-3.5231 F600
G1 X323.0796 Y159.6822 Z0.1500 E7.0280 W-2.3841 F600
G1 X325.3353 Y159.3895 Z0.1500 E2.2519 W-2.1350 F600
G1 X327.9721 Y158.9086 Z0.1500 E2.6535 W-2.3541 F600
G1 X333.6036 Y157.6654 Z0.1500 E5.7094 W-2.6196 F600
G1 X339.0089 Y156.1974 Z0.1500 E5.5451 W-2.6014 F600
G1 X341.3056 Y155.3605 Z0.1500 E2.4199 W-2.0778 F600
G1 X344.2410 Y153.9209 Z0.1500 E3.2367 W-1.0676 F600
G1 X345.5909 Y153.4028 Z0.1500 E1.4314 W0.0452 F600
G1 X347.5352 Y152.8490 Z0.1500 E2.0014 W0.7289 F600
G1 X355.0756 Y151.0135 Z0.1500 E7.6830 W0.8103 F600
G1 X359.4644 Y149.7785 Z0.1500 E4.5137 W0.7722 F600
G1 X365.5518 Y147.7384 Z0.1500 E6.3560 W1.4983 F600
G1 X372.2349 Y145.0931 Z0.1500 E7.1157 W3.7198 F600
G1 X373.0467 Y144.8399 Z0.1500 E0.8418 W-6.0140 F600
G1 X373.6981 Y144.8076 Z0.1500 E0.6457 W14.4785 F600
G1 X373.9104 Y144.9092 Z0.1500 E0.2330 W28.4296 F600
G1 W33.3442 ;in place turn
G1 X374.0186 Y145.0888 Z0.1500 W0.0000 E0.2076 F600
G1 W32.9036 ;in place turn
G1 X374.0109 Y145.3293 Z0.1500 W0.0000 E0.2382 F600
G1 W30.1277 ;in place turn
G1 X373.6622 Y145.8881 Z0.1500 W0.0000 E0.6521 F600
G1 X372.9905 Y146.4097 Z0.1500 E0.8419 W20.2083 F600
G1 X370.8538 Y147.4166 Z0.1500 E2.3384 W12.5973 F600
G1 X365.9001 Y149.3349 Z0.1500 E5.2590 W4.0632 F600
G1 X361.7173 Y150.7803 Z0.1500 E4.3813 W-1.0503 F600
G1 X357.8989 Y151.9618 Z0.1500 E3.9571 W2.5448 F600
G1 X347.0208 Y154.8318 Z0.1500 E11.1378 W1.0250 F600
G1 X345.1526 Y155.4622 Z0.1500 E1.9520 W0.2441 F600
G1 X341.5845 Y156.8967 Z0.1500 E3.8072 W0.1925 F600
G1 X339.2861 Y157.7241 Z0.1500 E2.4183 W0.7050 F600
G1 X336.4135 Y158.5993 Z0.1500 E2.9730 W1.4324 F600
G1 X333.4291 Y159.3681 Z0.1500 E3.0510 W2.0157 F600
G1 X328.2681 Y160.4564 Z0.1500 E5.2218 W2.2115 F600
G1 X323.4220 Y161.2174 Z0.1500 E4.8564 W1.8340 F600
G1 X315.2334 Y161.8318 Z0.1500 E8.1295 W0.6545 F600
G1 X306.2198 Y162.7642 Z0.1500 E8.9711 W-1.6085 F600
G1 X293.1051 Y163.9703 Z0.1500 E13.0384 W5.7139 F600
G1 X291.1934 Y164.2943 Z0.1500 E1.9195 W-4.3671 F600
G1 X290.7690 Y164.5587 Z0.1500 E0.4950 W-22.2934 F600
G1 W-48.5296 ;in place turn
G1 X290.7417 Y164.7212 Z0.1500 W0.0000 E0.1631 F600
G1 W-36.3873 ;in place turn
G1 X290.8297 Y164.8953 Z0.1500 W0.0000 E0.1931 F600
G1 X291.2832 Y165.2253 Z0.1500 E0.5553 W-27.1207 F600
G1 X291.9913 Y165.4432 Z0.1500 E0.7334 W-18.9457 F600
G1 X292.8729 Y165.5091 Z0.1500 E0.8752 W-12.8236 F600
G1 X294.4599 Y165.4251 Z0.1500 E1.5733 W-0.7007 F600
G1 X322.5230 Y162.8788 Z0.1500 E27.8966 W-5.9363 F600
G1 X325.8944 Y162.4532 Z0.1500 E3.3642 W-4.1123 F600
G1 X330.6782 Y161.6180 Z0.1500 E4.8076 W-3.0912 F600
G1 X334.2783 Y160.8428 Z0.1500 E3.6458 W-2.5418 F600
G1 X337.2425 Y160.0534 Z0.1500 E3.0368 W-2.0890 F600
G1 X339.5912 Y159.2826 Z0.1500 E2.4472 W-1.4972 F600
G1 X346.4616 Y156.7709 Z0.1500 E7.2420 W-0.7906 F600
G1 X348.8757 Y156.0633 Z0.1500 E2.4905 W-0.1755 F600
G1 X355.3379 Y154.4013 Z0.1500 E6.6058 W0.2725 F600
G1 X358.7471 Y153.4353 Z0.1500 E3.5079 W0.9036 F600
G1 X365.3154 Y151.2525 Z0.1500 E6.8523 W2.4148 F600
G1 X372.5317 Y148.5576 Z0.1500 E7.6261 W-7.4123 F600
G1 X373.3335 Y148.3897 Z0.1500 E0.8109 W8.6471 F600
G1 X373.9347 Y148.4833 Z0.1500 E0.6024 W20.6852 F600
G1 W34.6969 ;in place turn
G1 X374.1015 Y148.6420 Z0.1500 W0.0000 E0.2279 F600
G1 W32.9639 ;in place turn
G1 X374.1536 Y148.8589 Z0.1500 W0.0000 E0.2209 F600
G1 X374.0847 Y149.1104 Z0.1500 E0.2581 W28.8069 F600
G1 X373.9024 Y149.3716 Z0.1500 E0.3154 W19.5866 F600
G1 X373.2776 Y149.8576 Z0.1500 E0.7837 W17.2122 F600
G1 X371.5761 Y150.6380 Z0.1500 E1.8531 W3.9721 F600
G1 X367.0248 Y152.3363 Z0.1500 E4.8092 W7.4500 F600
G1 X361.4721 Y154.2862 Z0.1500 E5.8263 W4.6468 F600
G1 X358.1602 Y155.3457 Z0.1500 E3.4424 W2.6132 F600
G1 X348.7491 Y157.8111 Z0.1500 E9.6314 W1.2332 F600
G1 X345.8423 Y158.6526 Z0.1500 E2.9959 W0.4343 F600
G1 X343.5097 Y159.4481 Z0.1500 E2.4399 W0.2557 F600
G1 X339.0375 Y161.2248 Z0.1500 E4.7641 W0.6602 F600
G1 X335.6564 Y162.2210 Z0.1500 E3.4895 W1.3397 F600
G1 X332.5798 Y162.8941 Z0.1500 E3.1179 W1.8044 F600
G1 X329.4159 Y163.4819 Z0.1500 E3.1858 W1.6394 F600
G1 X322.8984 Y164.4333 Z0.1500 E6.5208 W0.6234 F600
G1 X296.0287 Y166.9308 Z0.1500 E26.7156 W-1.3200 F600
G1 X295.0570 Y167.0817 Z0.1500 E0.9735 W-4.1786 F600
G1 X294.2794 Y167.2988 Z0.1500 E0.7992 W1.1070 F600
G1 X294.0200 Y167.4406 Z0.1500 E0.2927 W-13.0530 F600
G1 X293.8699 Y167.6042 Z0.1500 E0.2198 W-18.8186 F600
G1 W-30.8666 ;in place turn
G1 X293.8328 Y167.7839 Z0.1500 W0.0000 E0.1817 F600
G1 W-43.9068 ;in place turn
G1 X294.0602 Y168.1445 Z0.1500 W0.0000 E0.4220 F600
G1 W-31.4096 ;in place turn
G1 X294.5977 Y168.4107 Z0.1500 W0.0000 E0.5938 F600
G1 X295.8561 Y168.5152 Z0.1500 E1.2502 W-21.5988 F600
G1 X306.1455 Y167.6511 Z0.1500 E10.2224 W-9.5493 F600
G1 X319.2722 Y166.4112 Z0.1500 E13.0533 W-0.5954 F600
G1 X324.2989 Y165.8521 Z0.1500 E5.0071 W-0.1254 F600
G1 X329.7456 Y165.0531 Z0.1500 E5.4499 W-3.0294 F600
G1 X335.0308 Y164.0948 Z0.1500 E5.3177 W-2.6529 F600
G1 X337.5924 Y163.5306 Z0.1500 E2.5967 W-2.6889 F600
G1 X339.5157 Y162.9573 Z0.1500 E1.9869 W-2.5834 F600
G1 X340.3999 Y162.5958 Z0.1500 E0.9457 W-1.9584 F600
G1 X343.3331 Y161.1515 Z0.1500 E3.2368 W-0.8413 F600
G1 X345.1725 Y160.4843 Z0.1500 E1.9371 W0.3078 F600
G1 X348.0943 Y159.6564 Z0.1500 E3.0065 W0.9586 F600
G1 X355.6078 Y157.7961 Z0.1500 E7.6630 W1.0225 F600
G1 X358.5442 Y156.9843 Z0.1500 E3.0161 W1.0387 F600
G1 X361.3672 Y156.0544 Z0.1500 E2.9425 W1.8566 F600
G1 X372.3704 Y152.1096 Z0.1500 E11.5721 W4.1355 F600
G1 X373.2035 Y151.8873 Z0.1500 E0.8537 W-4.9835 F600
G1 X373.8601 Y151.8809 Z0.1500 E0.6500 W14.3853 F600
G1 X374.0689 Y151.9912 Z0.1500 E0.2338 W28.3889 F600
G1 W32.8244 ;in place turn
G1 X374.1719 Y152.1745 Z0.1500 W0.0000 E0.2082 F600
G1 W32.3953 ;in place turn
G1 X374.1592 Y152.4127 Z0.1500 W0.0000 E0.2361 F600
G1 X374.0320 Y152.6796 Z0.1500 E0.2927 W22.4173 F600
G1 X373.4905 Y153.2034 Z0.1500 E0.7458 W20.4837 F600
G1 X372.7053 Y153.6394 Z0.1500 E0.8892 W15.0029 F600
G1 X365.3349 Y156.2757 Z0.1500 E7.7495 W-0.1189 F600
G1 X360.8360 Y158.0270 Z0.1500 E4.7795 W4.9730 F600
G1 X356.9981 Y159.1856 Z0.1500 E3.9689 W1.2846 F600
G1 X345.4181 Y161.9752 Z0.1500 E11.7921 W-2.7593 F600
G1 X343.7065 Y162.5982 Z0.1500 E1.8032 W5.6606 F600
G1 X343.2158 Y162.9589 Z0.1500 E0.6030 W-16.3128 F600
G1 X343.1231 Y163.1332 Z0.1500 E0.1954 W-25.6959 F600
G1 W-35.1131 ;in place turn
G1 X343.1426 Y163.2892 Z0.1500 W0.0000 E0.1556 F600
G1 W-38.3098 ;in place turn
G1 X343.2712 Y163.4159 Z0.1500 W0.0000 E0.1787 F600
G1 W-30.4060 ;in place turn
G1 X343.8120 Y163.5523 Z0.1500 W0.0000 E0.5521 F600
G1 X345.6102 Y163.3949 Z0.1500 E1.7871 W-19.1637 F600
G1 X354.8663 Y161.4265 Z0.1500 E9.3685 W-7.0030 F600
G1 X358.9204 Y160.4829 Z0.1500 E4.1208 W-1.0966 F600
G1 X361.7580 Y159.5753 Z0.1500 E2.9494 W-1.8585 F600
G1 X365.1820 Y157.9981 Z0.1500 E3.7321 W-1.0956 F600
G1 X366.9915 Y157.3048 Z0.1500 E1.9184 W2.2798 F600
G1 X372.1449 Y155.6317 Z0.1500 E5.3639 W-4.2104 F600
G1 X373.3801 Y155.4043 Z0.1500 E1.2434 W7.5518 F600
G1 X373.9047 Y155.5543 Z0.1500 E0.5402 W26.4003 F600
G1 W43.7301 ;in place turn
G1 X374.0109 Y155.7361 Z0.1500 W0.0000 E0.2084 F600
G1 W34.2060 ;in place turn
G1 X373.9950 Y155.9695 Z0.1500 W0.0000 E0.2316 F600
G1 X373.8582 Y156.2288 Z0.1500 E0.2902 W23.9177 F600
G1 X373.2837 Y156.7307 Z0.1500 E0.7553 W21.0348 F600
G1 X372.0040 Y157.3118 Z0.1500 E1.3914 W16.7245 F600
G1 X366.8225 Y158.9744 Z0.1500 E5.3873 W6.6317 F600
G1 X366.0890 Y159.3419 Z0.1500 E0.8122 W-8.8231 F600
G1 X365.7070 Y159.7312 Z0.1500 E0.5400 W-18.9307 F600
G1 W-43.9432 ;in place turn
G1 X365.7054 Y159.9074 Z0.1500 W0.0000 E0.1744 F600
G1 W-44.0489 ;in place turn
G1 X365.8418 Y160.0509 Z0.1500 W0.0000 E0.1959 F600
G1 X366.1056 Y160.1488 Z0.1500 E0.2787 W-26.0969 F600
G1 X367.3967 Y160.1427 Z0.1500 E1.2781 W-20.6412 F600
G1 X368.9077 Y159.8431 Z0.1500 E1.5250 W-10.9383 F600
G1 X372.3172 Y158.9699 Z0.1500 E3.4844 W11.9355 F600
G1 X373.1834 Y158.8709 Z0.1500 E0.8631 W3.4951 F600
G1 X373.5423 Y158.9050 Z0.1500 E0.3569 W1.2155 F600
G1 X373.8188 Y159.0064 Z0.1500 E0.2916 W14.6933 F600
G1 X373.9883 Y159.1704 Z0.1500 E0.2335 W23.9440 F600
G1 W33.8997 ;in place turn
G1 X374.0332 Y159.3812 Z0.1500 W0.0000 E0.2133 F600
G1 W31.9521 ;in place turn
G1 X373.9483 Y159.6154 Z0.1500 W0.0000 E0.2466 F600
G1 X373.4350 Y160.0686 Z0.1500 E0.6778 W28.6333 F600
G1 X372.1528 Y160.5897 Z0.1500 E1.3702 W19.3239 F600
G1 X370.1795 Y161.1174 Z0.1500 E2.0222 W7.1499 F600
G1 X368.1352 Y161.5665 Z0.1500 E2.0721 W-0.0516 F600
G1 X366.5933 Y161.8016 Z0.1500 E1.5441 W4.8738 F600
G1 X365.0708 Y161.8798 Z0.1500 E1.5093 W2.8487 F600
G1 X362.5368 Y161.8519 Z0.1500 E2.5089 W1.1966 F600
G1 X360.4771 Y162.0594 Z0.1500 E2.0494 W0.0597 F600
G1 X347.9602 Y164.5205 Z0.1500 E12.6289 W-0.3113 F600
G1 X345.3175 Y164.9686 Z0.1500 E2.6537 W-0.0487 F600
G1 X343.6578 Y165.1183 Z0.1500 E1.6498 W0.2986 F600
G1 X340.0077 Y165.1948 Z0.1500 E3.6144 W0.2724 F600
G1 X338.1957 Y165.3422 Z0.1500 E1.7998 W-0.1110 F600
G1 X328.4432 Y166.8771 Z0.1500 E9.7738 W-0.6028 F600
G1 X322.9567 Y167.6166 Z0.1500 E5.4808 W-1.2661 F600
G1 X310.4867 Y168.8737 Z0.1500 E12.4079 W-2.6368 F600
G1 X298.9338 Y169.9059 Z0.1500 E11.4829 W5.3428 F600
G1 X297.5847 Y170.1761 Z0.1500 E1.3621 W-6.2172 F600
G1 X297.0815 Y170.4644 Z0.1500 E0.5741 W-18.4895 F600
G1 W-34.8758 ;in place turn
G1 X296.9983 Y170.6402 Z0.1500 W0.0000 E0.1926 F600
G1 W-38.1590 ;in place turn
G1 X297.0407 Y170.8260 Z0.1500 W0.0000 E0.1886 F600
G1 X297.2080 Y171.0074 Z0.1500 E0.2444 W-29.8284 F600
G1 X297.8716 Y171.2966 Z0.1500 E0.7166 W-23.7755 F600
G1 X298.8410 Y171.4258 Z0.1500 E0.9682 W-15.9576 F600
G1 X299.9400 Y171.4102 Z0.1500 E1.0882 W-0.6790 F600
G1 X307.9662 Y170.7267 Z0.1500 E7.9747 W-6.4165 F600
G1 X320.4741 Y169.5006 Z0.1500 E12.4422 W-3.7712 F600
G1 X326.0290 Y168.8274 Z0.1500 E5.5396 W-2.0117 F600
G1 X336.9511 Y167.2546 Z0.1500 E10.9245 W-0.9865 F600
G1 X343.7665 Y166.6825 Z0.1500 E6.7710 W-0.4928 F600
G1 X346.1004 Y166.4165 Z0.1500 E2.3255 W-0.2939 F600
G1 X359.3715 Y164.0463 Z0.1500 E13.3463 W-0.1744 F600
G1 X362.0840 Y163.7121 Z0.1500 E2.7057 W0.0203 F600
G1 X366.7647 Y163.3259 Z0.1500 E4.6497 W0.4960 F600
G1 X368.9242 Y162.9811 Z0.1500 E2.1649 W1.6433 F600
G1 X372.4445 Y162.2459 Z0.1500 E3.5603 W3.8997 F600
G1 X373.2877 Y162.1863 Z0.1500 E0.8368 W-2.8710 F600
G1 X373.6126 Y162.2415 Z0.1500 E0.3263 W13.6894 F600
G1 X373.8397 Y162.3640 Z0.1500 E0.2554 W18.6992 F600
G1 W31.2245 ;in place turn
G1 X373.9476 Y162.5477 Z0.1500 W0.0000 E0.2110 F600
G1 W36.1096 ;in place turn
G1 X373.9251 Y162.7748 Z0.1500 W0.0000 E0.2259 F600
G1 X373.7740 Y163.0203 Z0.1500 E0.2854 W25.9403 F600
G1 X373.5092 Y163.2599 Z0.1500 E0.3535 W16.2345 F600
G1 X372.7335 Y163.6651 Z0.1500 E0.8664 W14.5701 F600
G1 X370.7676 Y164.2056 Z0.1500 E2.0185 W4.4268 F600
G1 X367.5967 Y164.7933 Z0.1500 E3.1926 W6.8900 F600
G1 X358.6947 Y165.8734 Z0.1500 E8.8776 W4.2748 F600
G1 X348.0214 Y167.7076 Z0.1500 E10.7215 W2.4073 F600
G1 X344.7769 Y168.1838 Z0.1500 E3.2465 W1.2404 F600
G1 X336.8044 Y168.9645 Z0.1500 E7.9305 W0.4631 F600
G1 X324.6713 Y170.6078 Z0.1500 E12.1214 W-0.3955 F600
G1 X319.0716 Y171.2540 Z0.1500 E5.5806 W-1.8147 F600
G1 X302.5557 Y172.8364 Z0.1500 E16.4255 W-4.1628 F600
G1 X301.1064 Y173.1322 Z0.1500 E1.4645 W2.7114 F600
G1 X300.7990 Y173.2800 Z0.1500 E0.3377 W-14.1318 F600
G1 X300.6155 Y173.4518 Z0.1500 E0.2488 W-17.4608 F600
G1 W-31.7780 ;in place turn
G1 X300.5650 Y173.6392 Z0.1500 W0.0000 E0.1921 F600
G1 W-37.9437 ;in place turn
G1 X300.6447 Y173.8284 Z0.1500 W0.0000 E0.2032 F600
G1 X300.8419 Y174.0032 Z0.1500 E0.2609 W-25.5865 F600
G1 X301.5080 Y174.2561 Z0.1500 E0.7053 W-20.7711 F600
G1 X302.3978 Y174.3488 Z0.1500 E0.8857 W-14.8411 F600
G1 X303.4026 Y174.3215 Z0.1500 E0.9952 W-0.2311 F600
G1 X309.7718 Y173.8017 Z0.1500 E6.3264 W-5.9123 F600
G1 X321.1140 Y172.6417 Z0.1500 E11.2874 W-3.5277 F600
G1 X336.0400 Y170.7119 Z0.1500 E14.8998 W-1.9466 F600
G1 X345.5968 Y169.6697 Z0.1500 E9.5173 W-0.8669 F600
G1 X358.5292 Y167.5875 Z0.1500 E12.9680 W0.1856 F600
G1 X367.9177 Y166.3457 Z0.1500 E9.3756 W1.7399 F600
G1 X372.5925 Y165.5171 Z0.1500 E4.7002 W4.2057 F600
G1 X373.4572 Y165.4802 Z0.1500 E0.8569 W-2.0390 F600
G1 X373.7878 Y165.5444 Z0.1500 E0.3333 W13.4229 F600
G1 X374.0153 Y165.6734 Z0.1500 E0.2589 W18.5775 F600
G1 W31.3200 ;in place turn
G1 X374.1196 Y165.8606 Z0.1500 W0.0000 E0.2122 F600
G1 W36.0459 ;in place turn
G1 X374.0921 Y166.0876 Z0.1500 W0.0000 E0.2264 F600
G1 X373.9369 Y166.3294 Z0.1500 E0.2844 W25.7688 F600
G1 X373.6693 Y166.5622 Z0.1500 E0.3512 W16.2791 F600
G1 X372.8853 Y166.9485 Z0.1500 E0.8653 W14.8024 F600
G1 X370.8872 Y167.4474 Z0.1500 E2.0388 W3.9465 F600
G1 X367.6804 Y167.9993 Z0.1500 E3.2214 W6.7046 F600
G1 X358.3387 Y169.2859 Z0.1500 E9.3356 W4.0722 F600
G1 X344.8383 Y171.3807 Z0.1500 E13.5253 W2.0653 F600
G1 X335.2322 Y172.4388 Z0.1500 E9.5676 W0.4134 F600
G1 X322.5072 Y174.0860 Z0.1500 E12.7029 W-1.4070 F600
G1 X305.0442 Y175.8703 Z0.1500 E17.3783 W-3.9359 F600
G1 X303.6915 Y176.1332 Z0.1500 E1.3642 W3.3722 F600
G1 X303.4187 Y176.2591 Z0.1500 E0.2975 W-13.7732 F600
G1 X303.2658 Y176.4076 Z0.1500 E0.2110 W-19.4142 F600
G1 W-35.5409 ;in place turn
G1 X303.2354 Y176.5752 Z0.1500 W0.0000 E0.1686 F600
G1 W-46.9611 ;in place turn
G1 X303.4980 Y176.9276 Z0.1500 W0.0000 E0.4350 F600
G1 X304.0759 Y177.2100 Z0.1500 E0.6369 W-27.2711 F600
G1 X304.8673 Y177.3463 Z0.1500 E0.7950 W-16.2686 F600
G1 X305.8331 Y177.3495 Z0.1500 E0.9561 W-9.5862 F600
G1 X310.4764 Y176.9892 Z0.1500 E4.6108 W0.9445 F600
G1 X321.7647 Y175.7898 Z0.1500 E11.2383 W-4.2220 F600
G1 X333.3172 Y174.2797 Z0.1500 E11.5343 W-2.3453 F600
G1 X344.5816 Y173.0285 Z0.1500 E11.2203 W-1.1039 F600
G1 X357.6057 Y171.0533 Z0.1500 E13.0413 W-0.0570 F600
G1 X367.4717 Y169.6599 Z0.1500 E9.8643 W1.3502 F600
G1 X371.7341 Y168.9700 Z0.1500 E4.2746 W3.6205 F600
G1 X372.7076 Y168.8744 Z0.1500 E0.9684 W7.0726 F600
G1 X373.4802 Y168.9561 Z0.1500 E0.7692 W0.5878 F600
G1 X373.7301 Y169.0883 Z0.1500 E0.2799 W21.8461 F600
G1 X373.8543 Y169.2768 Z0.1500 E0.2235 W28.7456 F600
G1 W37.7869 ;in place turn
G1 X373.8368 Y169.5038 Z0.1500 W0.0000 E0.2253 F600
G1 X373.6774 Y169.7445 Z0.1500 E0.2858 W29.0820 F600
G1 X373.0114 Y170.1802 Z0.1500 E0.7879 W23.3141 F600
G1 X371.5677 Y170.6158 Z0.1500 E1.4929 W16.3973 F600
G1 X369.4272 Y170.9968 Z0.1500 E2.1524 W-1.4066 F600
G1 X344.3572 Y174.6840 Z0.1500 E25.0863 W5.5640 F600
G1 X331.3924 Y176.1055 Z0.1500 E12.9120 W2.6733 F600
G1 X323.1510 Y177.2514 Z0.1500 E8.2375 W0.1874 F600
G1 X316.3496 Y177.9331 Z0.1500 E6.7671 W-2.6094 F600
G1 X308.0635 Y178.8902 Z0.1500 E8.2577 W5.7936 F600
G1 X306.7705 Y179.2229 Z0.1500 E1.3218 W-7.8416 F600
G1 X306.3675 Y179.5728 Z0.1500 E0.5284 W-26.5363 F600
G1 W-49.9883 ;in place turn
G1 X306.3707 Y179.7653 Z0.1500 W0.0000 E0.1906 F600
G1 W-37.7238 ;in place turn
G1 X306.5172 Y179.9483 Z0.1500 W0.0000 E0.2321 F600
G1 X306.7963 Y180.1059 Z0.1500 E0.3174 W-21.8813 F600
G1 X307.6664 Y180.3073 Z0.1500 E0.8842 W-16.4062 F600
G1 X309.9865 Y180.3176 Z0.1500 E2.2969 W-12.7790 F600
G1 X312.3131 Y180.0983 Z0.1500 E2.3136 W1.1843 F600
G1 X317.7415 Y179.3488 Z0.1500 E5.4251 W-4.4297 F600
G1 X323.6004 Y178.8671 Z0.1500 E5.8199 W-2.3613 F600
G1 X330.6190 Y177.7842 Z0.1500 E7.0306 W-0.9992 F600
G1 X344.7400 Y176.2828 Z0.1500 E14.0585 W0.0999 F600
G1 X351.7336 Y175.1593 Z0.1500 E7.0125 W1.5511 F600
G1 X371.9122 Y172.2819 Z0.1500 E20.1789 W3.9025 F600
G1 X372.8941 Y172.2016 Z0.1500 E0.9753 W7.4955 F600
G1 X373.6535 Y172.2998 Z0.1500 E0.7580 W0.6753 F600
G1 X373.8868 Y172.4402 Z0.1500 E0.2696 W23.6631 F600
G1 X373.9957 Y172.6355 Z0.1500 E0.2213 W29.8217 F600
G1 W35.0326 ;in place turn
G1 X373.9718 Y172.8665 Z0.1500 W0.0000 E0.2299 F600
G1 X373.8194 Y173.1078 Z0.1500 E0.2826 W26.3927 F600
G1 X373.5530 Y173.3358 Z0.1500 E0.3471 W17.1583 F600
G1 X373.1936 Y173.5350 Z0.1500 E0.4068 W11.5655 F600
G1 X372.2816 Y173.8354 Z0.1500 E0.9505 W5.1344 F600
G1 X370.6844 Y174.1327 Z0.1500 E1.6084 W6.8960 F600
G1 X358.6648 Y175.8495 Z0.1500 E12.0202 W4.3699 F600
G1 X351.4434 Y176.7770 Z0.1500 E7.2079 W2.4397 F600
G1 X346.1564 Y177.7359 Z0.1500 E5.3196 W1.1820 F600
G1 X343.9969 Y178.0560 Z0.1500 E2.1613 W0.4883 F600
G1 X330.8139 Y179.3051 Z0.1500 E13.1095 W0.1591 F600
G1 X329.2277 Y179.5477 Z0.1500 E1.5887 W0.0835 F600
G1 X325.5891 Y180.3352 Z0.1500 E3.6855 W0.1870 F600
G1 X323.9940 Y180.5546 Z0.1500 E1.5940 W0.2169 F600
G1 X318.7606 Y180.8437 Z0.1500 E5.1890 W-0.2560 F600
G1 X316.9664 Y181.0102 Z0.1500 E1.7839 W-1.6059 F600
G1 X312.7729 Y181.7980 Z0.1500 E4.2242 W-4.0588 F600
G1 X308.4342 Y182.2786 Z0.1500 E4.3215 W7.4361 F600
G1 X307.7595 Y182.5528 Z0.1500 E0.7211 W-15.7997 F600
G1 X307.6045 Y182.7349 Z0.1500 E0.2367 W-27.4609 F600
G1 W-35.0230 ;in place turn
G1 X307.5857 Y182.9331 Z0.1500 W0.0000 E0.1971 F600
G1 W-47.6986 ;in place turn
G1 X307.9311 Y183.3126 Z0.1500 W0.0000 E0.5080 F600
G1 X308.2593 Y183.4660 Z0.1500 E0.3587 W-22.6464 F600
G1 X309.1196 Y183.6767 Z0.1500 E0.8768 W-11.2900 F600
G1 X312.4220 Y184.0433 Z0.1500 E3.2894 W-7.4253 F600
G1 X317.0727 Y185.0859 Z0.1500 E4.7185 W6.3715 F600
G1 X324.3320 Y185.9656 Z0.1500 E7.2393 W-1.4858 F600
G1 X332.8327 Y187.4843 Z0.1500 E8.5489 W-0.0274 F600
G1 X339.3868 Y189.0515 Z0.1500 E6.6715 W0.7678 F600
G1 X346.1468 Y190.4172 Z0.1500 E6.8276 W1.1616 F600
G1 X348.6855 Y191.0007 Z0.1500 E2.5789 W1.2321 F600
G1 X350.5820 Y191.6021 Z0.1500 E1.9697 W0.8963 F600
G1 X353.7021 Y192.8547 Z0.1500 E3.3285 W0.1605 F600
G1 X353.9447 Y192.9213 Z0.1500 E0.2491 W-0.6705 F600
cut_filament
G1 X356.6483 Y193.6638 Z0.1500 W0.0000 F450
G1 X375.0000 Y197.2371 Z0.1500 W0.0000 F450
; sum of skipped extrusion after the cut: 21.5
G0 X379.9078 Y198.1927 Z0.1500 W0.0000 F450 ;Ironing out move
;------------------------
; - END OF Fiber STRETCH #1 -
;------------------------
;------------------------
; - START OF Fiber STRETCH #2 -
;------------------------
USE_ABSOLUTE_ROTARY_POSITION
G0 X396.3139 Y172.3918 Z3.1500 W172.4555 F5500 ;move to anchoring start
USE_RELATIVE_ROTARY_POSITION
G0 E23.5000 F600
G1 X375.0000 Y175.2147 Z0.1500 F600
G4 P600 ;anchoring dwell
G1 X364.4314 Y176.6144 Z0.1500 E10.5543 W-0.4952 F600
G1 X358.4953 Y177.5369 Z0.1500 E5.9473 W-0.4077 F600
G1 X351.2218 Y178.3777 Z0.1500 E7.2487 W-0.4983 F600
G1 X349.6155 Y178.6801 Z0.1500 E1.6181 W-0.4195 F600
G1 X346.6103 Y179.4265 Z0.1500 E3.0656 W-0.2674 F600
G1 X345.5178 Y179.6095 Z0.1500 E1.0966 W-0.5521 F600
G1 X339.1384 Y180.0671 Z0.1500 E6.3319 W-2.0366 F600
G1 X330.6865 Y180.8880 Z0.1500 E8.4067 W6.6742 F600
G1 X329.2787 Y181.1784 Z0.1500 E1.4231 W-6.1105 F600
G1 X328.8502 Y181.4718 Z0.1500 E0.5141 W-22.7409 F600
G1 W-55.7944 ;in place turn
G1 X328.8507 Y181.6308 Z0.1500 W0.0000 E0.1574 F600
G1 W-43.8627 ;in place turn
G1 X328.9986 Y181.7836 Z0.1500 W0.0000 E0.2105 F600
G1 X329.6773 Y182.0348 Z0.1500 E0.7165 W-25.6345 F600
G1 X330.7033 Y182.1903 Z0.1500 E1.0273 W-11.6952 F600
G1 X332.5023 Y182.2765 Z0.1500 E1.7831 W-5.8707 F600
G1 X334.9324 Y182.1859 Z0.1500 E2.4075 W-0.4237 F600
G1 X338.2659 Y181.7292 Z0.1500 E3.3309 W-2.7657 F600
G1 X340.0251 Y181.5850 Z0.1500 E1.7475 W-0.4118 F600
G1 X342.4975 Y181.5566 Z0.1500 E2.4478 W1.2739 F600
G1 X344.9320 Y181.6636 Z0.1500 E2.4125 W2.0794 F600
G1 X346.6045 Y181.8639 Z0.1500 E1.6676 W1.9513 F600
G1 X349.1607 Y182.3655 Z0.1500 E2.5789 W1.1434 F600
G1 X350.7616 Y182.5929 Z0.1500 E1.6009 W0.1993 F600
G1 X352.5225 Y182.7002 Z0.1500 E1.7464 W-0.3010 F600
G1 X357.4901 Y182.7848 Z0.1500 E4.9187 W-0.1330 F600
G1 X359.2951 Y182.9024 Z0.1500 E1.7907 W0.3728 F600
G1 X360.9498 Y183.1315 Z0.1500 E1.6538 W0.5749 F600
G1 X364.0235 Y183.7666 Z0.1500 E3.1072 F600
G1 X365.6820 Y184.0161 Z0.1500 E1.6604 W-1.4631 F600
G1 X370.1688 Y184.4736 Z0.1500 E4.4649 W-3.6171 F600
G1 X371.8486 Y184.5462 Z0.1500 E1.6645 W-6.2924 F600
G1 X372.3919 Y184.4679 Z0.1500 E0.5434 W-9.3077 F600
G1 X372.8954 Y184.2683 Z0.1500 E0.5362 W-12.2569 F600
G1 X373.3330 Y183.8949 Z0.1500 E0.5695 W-14.3589 F600
G1 X373.6767 Y183.3106 Z0.1500 E0.6711 W-14.8613 F600
G1 X373.9007 Y182.5165 Z0.1500 E0.8169 W-13.8521 F600
G1 X373.9858 Y181.5654 Z0.1500 E0.9453 W-12.2808 F600
G1 X373.9244 Y180.5564 Z0.1500 E1.0008 W-11.1232 F600
G1 X373.7232 Y179.6062 Z0.1500 E0.9615 W-10.8682 F600
G1 X373.4024 Y178.8133 Z0.1500 E0.8469 W-11.5021 F600
G1 X372.9914 Y178.2296 Z0.1500 E0.7067 W-12.5763 F600
G1 X372.5215 Y177.8556 Z0.1500 E0.5946 W-13.3045 F600
G1 X372.0187 Y177.6539 Z0.1500 E0.5364 W-12.9269 F600
G1 X371.4992 Y177.5723 Z0.1500 E0.5206 W-11.2662 F600
G1 X370.4281 Y177.5906 Z0.1500 E1.0606 W-8.8373 F600
G1 X366.3577 Y177.9607 Z0.1500 E4.0463 W-6.4278 F600
G1 X364.1843 Y178.2506 Z0.1500 E2.1707 W-4.7948 F600
G1 X358.8252 Y179.1783 Z0.1500 E5.3844 W-4.6236 F600
G1 X351.9652 Y179.7859 Z0.1500 E6.8180 W5.1855 F600
G1 X350.5455 Y180.0773 Z0.1500 E1.4348 W-6.5373 F600
G1 X350.0974 Y180.3791 Z0.1500 E0.5348 W-22.3655 F600
G1 W-52.4894 ;in place turn
G1 X350.0871 Y180.5455 Z0.1500 W0.0000 E0.1650 F600
G1 W-57.8840 ;in place turn
G1 X350.5078 Y180.8474 Z0.1500 W0.0000 E0.5127 F600
G1 X351.9425 Y181.0974 Z0.1500 E1.4417 W-25.7772 F600
G1 X353.7540 Y181.1319 Z0.1500 E1.7938 W-8.7921 F600
G1 X358.1107 Y180.9922 Z0.1500 E4.3153 W-2.9297 F600
G1 X360.4498 Y180.7617 Z0.1500 E2.3269 W-1.0896 F600
G1 X363.9682 Y179.9042 Z0.1500 E3.5852 W-1.9703 F600
G1 X365.6497 Y179.6387 Z0.1500 E1.6854 W0.7105 F600
G1 X370.7062 Y179.2725 Z0.1500 E5.0190 W3.5378 F600
G1 X371.8507 Y179.2477 Z0.1500 E1.1333 W-0.5925 F600
G1 X372.9017 Y179.3456 Z0.1500 E1.0450 W6.5602 F600
G1 X373.6280 Y179.6580 Z0.1500 E0.7827 W17.9527 F600
G1 W31.8304 ;in place turn
G1 X373.7892 Y179.8891 Z0.1500 W0.0000 E0.2790 F600
G1 W34.9340 ;in place turn
G1 X373.7891 Y180.1423 Z0.1500 W0.0000 E0.2506 F600
G1 W33.3650 ;in place turn
G1 X373.6273 Y180.3876 Z0.1500 W0.0000 E0.2910 F600
G1 X372.8965 Y180.7615 Z0.1500 E0.8127 W29.5047 F600
G1 X371.2293 Y180.9797 Z0.1500 E1.6646 W19.6372 F600
G1 X366.8947 Y181.0431 Z0.1500 E4.2917 W6.6192 F600
G1 X365.1829 Y181.1585 Z0.1500 E1.6986 W-3.0193 F600
G1 X364.0308 Y181.4695 Z0.1500 E1.1814 W-11.2452 F600
G1 X363.8729 Y181.6162 Z0.1500 E0.2134 W-27.7962 F600
G1 W-39.3311 ;in place turn
G1 X363.8515 Y181.7731 Z0.1500 W0.0000 E0.1568 F600
G1 W-56.4622 ;in place turn
G1 X364.1984 Y182.0780 Z0.1500 W0.0000 E0.4572 F600
G1 X365.3990 Y182.4117 Z0.1500 E1.2336 W-25.7737 F600
G1 X366.9852 Y182.5882 Z0.1500 E1.5801 W-9.1845 F600
G1 X371.2300 Y182.8458 Z0.1500 E4.2101 W-2.8769 F600
G1 X372.4028 Y183.0257 Z0.1500 E1.1746 W13.8028 F600
G1 X372.9356 Y183.1917 Z0.1500 E0.5524 W5.6369 F600
G1 X373.4061 Y183.4361 Z0.1500 E0.5249 W9.2732 F600
G1 X373.7903 Y183.7716 Z0.1500 E0.5049 W12.0913 F600
G1 X374.0643 Y184.1931 Z0.1500 E0.4978 W14.1764 F600
G1 X374.2089 Y184.6724 Z0.1500 E0.4956 W15.6763 F600
G1 X374.2128 Y185.1612 Z0.1500 E0.4839 W16.7853 F600
G1 X374.0764 Y185.6049 Z0.1500 E0.4595 W17.5544 F600
G1 X373.8117 Y185.9591 Z0.1500 E0.4378 W17.6574 F600
G1 X373.4411 Y186.2026 Z0.1500 E0.4390 W16.5989 F600
G1 X372.9925 Y186.3386 Z0.1500 E0.4640 W14.3088 F600
G1 X372.4948 Y186.3882 Z0.1500 E0.4952 W11.2804 F600
G1 X371.4403 Y186.3347 Z0.1500 E1.0453 W8.1065 F600
G1 X366.9931 Y185.7914 Z0.1500 E4.4355 W5.1854 F600
G1 X360.5115 Y184.7842 Z0.1500 E6.4938 W2.7672 F600
G1 X358.2637 Y184.5037 Z0.1500 E2.2426 W0.9867 F600
G1 X350.0350 Y184.0731 Z0.1500 E8.1575 W-0.2526 F600
G1 X344.9691 Y183.4309 Z0.1500 E5.0553 W-1.3622 F600
G1 X342.1485 Y183.1617 Z0.1500 E2.8051 W-2.9070 F600
G1 X340.5461 Y183.0849 Z0.1500 E1.5883 W-5.3224 F600
G1 X339.0676 Y183.1753 Z0.1500 E1.4664 W0.9826 F600
G1 X338.4049 Y183.3828 Z0.1500 E0.6875 W-13.8858 F600
G1 X338.2422 Y183.5251 Z0.1500 E0.2140 W-23.7726 F600
G1 W-37.0202 ;in place turn
G1 X338.2094 Y183.6820 Z0.1500 W0.0000 E0.1587 F600
G1 W-56.2723 ;in place turn
G1 X338.5206 Y183.9992 Z0.1500 W0.0000 E0.4400 F600
G1 X339.2314 Y184.2717 Z0.1500 E0.7536 W-24.5788 F600
G1 X341.2889 Y184.6440 Z0.1500 E2.0700 W-10.7132 F600
G1 X349.5675 Y185.6774 Z0.1500 E8.2594 W-3.1410 F600
G1 X356.2313 Y185.9606 Z0.1500 E6.6031 W2.9762 F600
G1 X358.5670 Y186.1590 Z0.1500 E2.3206 W0.2444 F600
G1 X371.0482 Y188.0277 Z0.1500 E12.4942 W3.4921 F600
G1 X372.5718 Y188.3768 Z0.1500 E1.5474 W6.7488 F600
G1 X373.3960 Y188.7481 Z0.1500 E0.8950 W10.2786 F600
G1 X373.6778 Y188.9798 Z0.1500 E0.3611 W8.5649 F600
G1 X373.8342 Y189.2240 Z0.1500 E0.2871 W17.9549 F600
G1 X373.8483 Y189.4567 Z0.1500 E0.2308 W29.1398 F600
G1 W36.6053 ;in place turn
G1 X373.7205 Y189.6526 Z0.1500 W0.0000 E0.2316 F600
G1 W37.0949 ;in place turn
G1 X373.1136 Y189.8709 Z0.1500 W0.0000 E0.6385 F600
G1 X372.2141 Y189.8656 Z0.1500 E0.8905 W20.1276 F600
G1 X371.1840 Y189.7349 Z0.1500 E1.0280 W6.8865 F600
G1 X360.9620 Y188.1049 Z0.1500 E10.2476 W1.8306 F600
G1 X357.6328 Y187.6542 Z0.1500 E3.3260 W-4.6391 F600
G1 X354.8881 Y187.4359 Z0.1500 E2.7259 W0.5784 F600
G1 X350.6259 Y187.3741 Z0.1500 E4.2200 W0.2529 F600
G1 X348.7691 Y187.2627 Z0.1500 E1.8416 W0.7610 F600
G1 X343.1660 Y186.5161 Z0.1500 E5.5961 W1.4243 F600
G1 X340.4908 Y186.0786 Z0.1500 E2.6836 W1.7048 F600
G1 X338.9427 Y185.7423 Z0.1500 E1.5683 W1.3825 F600
G1 X334.6933 Y184.3845 Z0.1500 E4.4165 W0.5425 F600
G1 X329.7555 Y183.6634 Z0.1500 E4.9403 W-0.5903 F600
G1 X325.6980 Y182.7376 Z0.1500 E4.1201 W-1.8818 F600
G1 X324.1465 Y182.4924 Z0.1500 E1.5551 W-3.4154 F600
G1 X321.2387 Y182.3243 Z0.1500 E2.8835 W-5.4569 F600
G1 X318.2220 Y182.3664 Z0.1500 E2.9869 W-0.5213 F600
G1 X316.8147 Y182.6053 Z0.1500 E1.4132 W-8.8379 F600
G1 X316.3613 Y182.8895 Z0.1500 E0.5297 W-22.4396 F600
G1 W-48.0655 ;in place turn
G1 X316.3330 Y183.0522 Z0.1500 W0.0000 E0.1635 F600
G1 W-56.9177 ;in place turn
G1 X316.6680 Y183.3639 Z0.1500 W0.0000 E0.4530 F600
G1 X317.8643 Y183.6877 Z0.1500 E1.2270 W-27.7966 F600
G1 X324.1943 Y184.2650 Z0.1500 E6.2927 W-9.9333 F600
G1 X332.6737 Y185.7608 Z0.1500 E8.5243 W4.7936 F600
G1 X334.7241 Y186.2093 Z0.1500 E2.0778 W1.9119 F600
G1 X339.6778 Y187.5057 Z0.1500 E5.0693 W-1.6845 F600
G1 X347.1129 Y188.8252 Z0.1500 E7.4758 W-1.5823 F600
G1 X350.0153 Y189.1390 Z0.1500 E2.8901 W-1.5218 F600
G1 X354.9921 Y189.0329 Z0.1500 E4.9282 W-0.8596 F600
G1 X357.3860 Y189.1893 Z0.1500 E2.3750 W0.3943 F600
G1 X360.6483 Y189.6609 Z0.1500 E3.2633 W1.9168 F600
G1 X368.1479 Y190.9128 Z0.1500 E7.5274 W3.6077 F600
G1 X372.3526 Y191.7119 Z0.1500 E4.2372 W5.7472 F600
G1 X373.2530 Y192.0296 Z0.1500 E0.9452 W1.5024 F600
G1 X373.6094 Y192.2344 Z0.1500 E0.4069 W10.4407 F600
G1 X374.0242 Y192.7087 Z0.1500 E0.6239 W18.9518 F600
G1 W35.3298 ;in place turn
G1 X374.0478 Y192.9395 Z0.1500 W0.0000 E0.2297 F600
G1 W34.9221 ;in place turn
G1 X373.9402 Y193.1330 Z0.1500 W0.0000 E0.2192 F600
G1 W30.1931 ;in place turn
G1 X373.7096 Y193.2701 Z0.1500 W0.0000 E0.2656 F600
G1 X372.9613 Y193.3574 Z0.1500 E0.7458 W24.0708 F600
G1 X371.4891 Y193.1790 Z0.1500 E1.4682 W13.5631 F600
G1 X356.6146 Y190.6132 Z0.1500 E14.9433 W2.8790 F600
G1 X355.5738 Y190.5155 Z0.1500 E1.0349 W-14.7455 F600
G1 X354.6292 Y190.5260 Z0.1500 E0.9352 W4.3210 F600
G1 X353.9816 Y190.6889 Z0.1500 E0.6610 W-13.4828 F600
G1 X353.8372 Y190.8249 Z0.1500 E0.1965 W-29.1730 F600
G1 W-44.4279 ;in place turn
G1 X353.8307 Y190.9863 Z0.1500 W0.0000 E0.1599 F600
G1 W-38.4691 ;in place turn
G1 X353.9584 Y191.1608 Z0.1500 W0.0000 E0.2141 F600
G1 X354.5421 Y191.5047 Z0.1500 E0.6707 W-23.3065 F600
G1 X356.3908 Y192.0463 Z0.1500 E1.9071 W-14.1747 F600
G1 X370.0809 Y194.6055 Z0.1500 E13.7879 W-5.7402 F600
G1 X372.1452 Y195.1136 Z0.1500 E2.1047 W16.5116 F600
G1 X373.0652 Y195.5922 Z0.1500 E1.0266 W6.3929 F600
G1 X373.4444 Y195.9401 Z0.1500 E0.5095 W10.3367 F600
G1 X373.7344 Y196.3580 Z0.1500 E0.5035 W12.9596 F600
G1 X373.9088 Y196.8184 Z0.1500 E0.4875 W14.7575 F600
G1 X373.9500 Y197.2768 Z0.1500 E0.4556 W16.4171 F600
G1 X373.8543 Y197.6831 Z0.1500 E0.4133 W18.1068 F600
G1 X373.6323 Y197.9982 Z0.1500 E0.3816 W19.1838 F600
G1 X373.3054 Y198.2040 Z0.1500 E0.3824 W18.6539 F600
G1 X372.9001 Y198.3053 Z0.1500 E0.4135 W16.2455 F600
G1 X371.9544 Y198.2820 Z0.1500 E0.9366 W12.7435 F600
G1 X370.9383 Y198.1142 Z0.1500 E1.0195 W9.1531 F600
G1 X356.8799 Y195.3085 Z0.1500 E14.1923 W6.0546 F600
G1 X353.8905 Y194.5459 Z0.1500 E3.0542 W3.5897 F600
G1 X349.1822 Y193.0014 Z0.1500 E4.9056 W1.6750 F600
G1 X346.7442 Y192.3176 Z0.1500 E2.5068 W0.2219 F600
G1 X333.5066 Y189.3061 Z0.1500 E13.4401 W-0.7817 F600
G1 X329.8749 Y188.5640 Z0.1500 E3.6697 W-1.3826 F600
G1 X324.5437 Y187.6391 Z0.1500 E5.3567 W-1.8086 F600
G1 X317.3936 Y186.6900 Z0.1500 E7.1407 W-2.4735 F600
G1 X311.0043 Y185.6228 Z0.1500 E6.4130 W-3.8333 F600
G1 X309.9609 Y185.5496 Z0.1500 E1.0355 W-6.2158 F600
G1 X308.9989 Y185.5972 Z0.1500 E0.9535 W-9.7774 F600
G1 X308.2927 Y185.8260 Z0.1500 E0.7349 W-5.2685 F600
G1 X308.0965 Y186.0059 Z0.1500 E0.2635 W-24.5730 F600
G1 X308.0279 Y186.2118 Z0.1500 E0.2149 W-29.0504 F600
G1 W-35.6250 ;in place turn
G1 X308.0935 Y186.4236 Z0.1500 W0.0000 E0.2195 F600
G1 X308.2900 Y186.6223 Z0.1500 E0.2767 W-27.4828 F600
G1 X308.6048 Y186.7951 Z0.1500 E0.3555 W-16.5535 F600
G1 X309.5022 Y187.0530 Z0.1500 E0.9244 W-12.7336 F600
G1 X317.0740 Y188.2221 Z0.1500 E7.5849 W1.2636 F600
G1 X323.6776 Y189.1358 Z0.1500 E6.5998 W-3.9980 F600
G1 X328.4919 Y189.9487 Z0.1500 E4.8336 W-1.4684 F600
G1 X333.1688 Y190.8917 Z0.1500 E4.7233 W0.0848 F600
G1 X343.8453 Y193.3433 Z0.1500 E10.8447 W0.7596 F600
G1 X347.3296 Y194.2315 Z0.1500 E3.5598 W0.7863 F600
G1 X353.1007 Y195.9589 Z0.1500 E5.9638 W0.4972 F600
G1 X356.0789 Y196.7348 Z0.1500 E3.0468 W0.3432 F600
G1 X360.1760 Y197.6356 Z0.1500 E4.1531 W0.8621 F600
G1 X370.0740 Y199.6140 Z0.1500 E9.9928 W2.5205 F600
G1 X372.6070 Y200.2043 Z0.1500 E2.5748 W-4.5652 F600
G1 X373.4673 Y200.5355 Z0.1500 E0.9127 W7.9395 F600
G1 X374.0046 Y200.9653 Z0.1500 E0.6811 W17.5987 F600
G1 W31.4415 ;in place turn
G1 X374.0879 Y201.1955 Z0.1500 W0.0000 E0.2424 F600
G1 W34.3509 ;in place turn
G1 X374.0330 Y201.4085 Z0.1500 W0.0000 E0.2178 F600
G1 W32.5113 ;in place turn
G1 X373.8478 Y201.5815 Z0.1500 W0.0000 E0.2508 F600
G1 X373.5528 Y201.6977 Z0.1500 E0.3139 W21.5455 F600
G1 X372.7384 Y201.7481 Z0.1500 E0.8078 W17.9468 F600
G1 X371.7719 Y201.6222 Z0.1500 E0.9649 W10.9731 F600
G1 X357.8029 Y198.7593 Z0.1500 E14.1167 W-1.3994 F600
G1 X353.2775 Y197.6613 Z0.1500 E4.6102 W4.2357 F600
G1 X346.4592 Y195.7269 Z0.1500 E7.0165 W2.0289 F600
G1 X342.9825 Y194.8313 Z0.1500 E3.5543 W0.4412 F600
G1 X333.3514 Y192.5859 Z0.1500 E9.7905 W-0.6981 F600
G1 X328.1605 Y191.5266 Z0.1500 E5.2449 W-1.6213 F600
G1 X322.2807 Y190.5423 Z0.1500 E5.9019 W-2.6493 F600
G1 X309.6765 Y188.7926 Z0.1500 E12.5978 W-4.1636 F600
G1 X308.6500 Y188.7249 Z0.1500 E1.0185 W-6.5162 F600
G1 X307.7235 Y188.7731 Z0.1500 E0.9184 W-9.9727 F600
G1 X307.0469 Y188.9962 Z0.1500 E0.7053 W-5.3531 F600
G1 X306.8605 Y189.1694 Z0.1500 E0.2520 W-24.6649 F600
G1 X306.7980 Y189.3667 Z0.1500 E0.2049 W-29.5315 F600
G1 W-36.1555 ;in place turn
G1 X306.8662 Y189.5694 Z0.1500 W0.0000 E0.2117 F600
G1 X307.0622 Y189.7599 Z0.1500 E0.2706 W-27.2194 F600
G1 X307.3743 Y189.9264 Z0.1500 E0.3502 W-16.1042 F600
G1 X308.2661 Y190.1771 Z0.1500 E0.9171 W-12.3840 F600
G1 X319.7904 Y191.7836 Z0.1500 E11.5194 W1.6207 F600
G1 X325.1815 Y192.6270 Z0.1500 E5.4021 W-3.6723 F600
G1 X330.9662 Y193.7220 Z0.1500 E5.8285 W-1.2031 F600
G1 X337.0925 Y195.0965 Z0.1500 E6.2158 W0.3710 F600
G1 X343.6214 Y196.6907 Z0.1500 E6.6535 W1.4954 F600
G1 X355.4550 Y199.8588 Z0.1500 E12.1279 W2.8909 F600
G1 X371.9325 Y203.3826 Z0.1500 E16.6815 W5.2136 F600
G1 X373.2863 Y203.8732 Z0.1500 E1.4256 W8.7590 F600
G1 X373.8912 Y204.3297 Z0.1500 E0.7502 W5.8636 F600
G1 X374.0388 Y204.5758 Z0.1500 E0.2841 W22.0055 F600
G1 X374.0622 Y204.8045 Z0.1500 E0.2276 W25.1163 F600
G1 W35.0051 ;in place turn
G1 X373.9583 Y204.9908 Z0.1500 W0.0000 E0.2112 F600
G1 W31.3651 ;in place turn
G1 X373.7360 Y205.1164 Z0.1500 W0.0000 E0.2528 F600
G1 X373.0191 Y205.1724 Z0.1500 E0.7119 W25.0080 F600
G1 X372.0978 Y205.0404 Z0.1500 E0.9214 W12.6177 F600
G1 X357.1589 Y201.9023 Z0.1500 E15.1122 W3.7085 F600
G1 X352.1224 Y200.6906 Z0.1500 E5.1284 W-1.9820 F600
G1 X343.2613 Y198.3019 Z0.1500 E9.0856 W2.1258 F600
G1 X337.7674 Y196.9192 Z0.1500 E5.6086 W0.4728 F600
G1 X331.6702 Y195.5179 Z0.1500 E6.1936 W-0.5875 F600
G1 X326.4565 Y194.4796 Z0.1500 E5.2630 W-1.2989 F600
G1 X317.3005 Y193.0239 Z0.1500 E9.1782 W-1.9337 F600
G1 X312.3607 Y192.3439 Z0.1500 E4.9365 W-2.8318 F600
G1 X307.9114 Y191.8292 Z0.1500 E4.4342 W-4.3437 F600
G1 X306.3108 Y191.7719 Z0.1500 E1.5856 W-6.7110 F600
G1 X305.3626 Y191.8889 Z0.1500 E0.9459 W-1.8058 F600
G1 X304.7058 Y192.1546 Z0.1500 E0.7015 W-14.9923 F600
G1 X304.5391 Y192.3242 Z0.1500 E0.2355 W-23.4730 F600
G1 W-30.9149 ;in place turn
G1 X304.4965 Y192.5005 Z0.1500 W0.0000 E0.1795 F600
G1 W-54.7214 ;in place turn
G1 X304.7786 Y192.8235 Z0.1500 W0.0000 E0.4246 F600
G1 W-32.4665 ;in place turn
G1 X305.9220 Y193.1600 Z0.1500 W0.0000 E1.1800 F600
G1 X314.2562 Y194.1966 Z0.1500 E8.3145 W-9.3093 F600
G1 X322.4131 Y195.4038 Z0.1500 E8.1633 W1.3289 F600
G1 X328.2348 Y196.4506 Z0.1500 E5.8559 W1.7747 F600
G1 X333.8951 Y197.6659 Z0.1500 E5.7314 W2.2678 F600
G1 X339.9277 Y199.1354 Z0.1500 E6.1469 W0.7834 F600
G1 X349.7954 Y201.7675 Z0.1500 E10.1106 W1.5144 F600
G1 X354.7986 Y203.0140 Z0.1500 E5.1046 W2.7338 F600
G1 X371.7706 Y206.6732 Z0.1500 E17.1884 W5.0450 F600
G1 X373.1377 Y207.1794 Z0.1500 E1.4432 W8.6401 F600
G1 X373.7595 Y207.6446 Z0.1500 E0.7688 W5.6232 F600
G1 X373.9108 Y207.8916 Z0.1500 E0.2868 W21.7256 F600
G1 X373.9322 Y208.1182 Z0.1500 E0.2253 W26.0707 F600
G1 W36.6513 ;in place turn
G1 X373.8221 Y208.2997 Z0.1500 W0.0000 E0.2102 F600
G1 W31.3380 ;in place turn
G1 X373.5926 Y208.4188 Z0.1500 W0.0000 E0.2560 F600
G1 X372.8672 Y208.4606 Z0.1500 E0.7193 W24.1150 F600
G1 X371.9461 Y208.3173 Z0.1500 E0.9228 W12.1364 F600
G1 X358.0180 Y205.4196 Z0.1500 E14.0840 W2.9146 F600
G1 X350.4439 Y203.6186 Z0.1500 E7.7075 W-2.1352 F600
G1 X335.0793 Y199.6083 Z0.1500 E15.7205 W1.7377 F600
G1 X329.9873 Y198.4502 Z0.1500 E5.1699 W0.1181 F600
G1 X324.7650 Y197.4256 Z0.1500 E5.2686 W-0.9329 F600
G1 X320.4877 Y196.7054 Z0.1500 E4.2942 W-1.7835 F600
G1 X315.0285 Y195.9024 Z0.1500 E5.4627 W-2.8751 F600
G1 X304.4550 Y194.6438 Z0.1500 E10.5416 W-4.6404 F600
G1 X302.9402 Y194.5777 Z0.1500 E1.5011 W-7.4150 F600
G1 X302.1571 Y194.6914 Z0.1500 E0.7834 W-2.0851 F600
G1 X301.5987 Y194.9577 Z0.1500 E0.6125 W-17.2376 F600
G1 X301.3510 Y195.3020 Z0.1500 E0.4199 W-28.7726 F600
G1 W-47.0353 ;in place turn
G1 X301.3843 Y195.4688 Z0.1500 W0.0000 E0.1684 F600
G1 W-34.1088 ;in place turn
G1 X301.5366 Y195.6190 Z0.1500 W0.0000 E0.2117 F600
G1 X302.6182 Y195.9544 Z0.1500 E1.1210 W-27.3571 F600
G1 X313.0835 Y197.2349 Z0.1500 E10.4380 W-10.2540 F600
G1 X319.0976 Y198.0954 Z0.1500 E6.0145 W1.1664 F600
G1 X325.5002 Y199.1867 Z0.1500 E6.4301 W4.2640 F600
G1 X331.7091 Y200.4801 Z0.1500 E6.2787 W-0.3495 F600
G1 X336.2397 Y201.5722 Z0.1500 E4.6138 W0.4549 F600
G1 X347.6046 Y204.5819 Z0.1500 E11.6391 W0.5008 F600
G1 X354.6256 Y206.3111 Z0.1500 E7.1585 W0.4000 F600
G1 X362.2676 Y208.0461 Z0.1500 E7.7582 W0.7494 F600
G1 X369.1002 Y209.3439 Z0.1500 E6.8852 W2.0339 F600
G1 X371.6457 Y209.9144 Z0.1500 E2.5825 W4.5626 F600
G1 X373.0376 Y210.3719 Z0.1500 E1.4505 W-2.5621 F600
G1 X373.7299 Y210.7822 Z0.1500 E0.7967 W12.4561 F600
G1 X374.0267 Y211.2448 Z0.1500 E0.5441 W26.6631 F600
G1 W43.6848 ;in place turn
G1 X373.9866 Y211.4511 Z0.1500 W0.0000 E0.2081 F600
G1 W34.8276 ;in place turn
G1 X373.8225 Y211.6106 Z0.1500 W0.0000 E0.2266 F600
G1 X373.5508 Y211.7081 Z0.1500 E0.2858 W24.4321 F600
G1 X373.1952 Y211.7400 Z0.1500 E0.3534 W14.6111 F600
G1 X372.3277 Y211.6445 Z0.1500 E0.8640 W11.4061 F600
G1 X369.8222 Y211.1120 Z0.1500 E2.5358 W-1.8207 F600
G1 X364.9942 Y210.3322 Z0.1500 E4.8416 W4.0415 F600
G1 X361.8697 Y209.6949 Z0.1500 E3.1569 W2.2508 F600
G1 X348.2520 Y206.4355 Z0.1500 E13.8624 W1.1055 F600
G1 X332.8910 Y202.4209 Z0.1500 E15.7182 W0.2709 F600
G1 X328.3062 Y201.3821 Z0.1500 E4.6540 W-0.4414 F600
G1 X323.6043 Y200.4613 Z0.1500 E4.7434 W-1.0676 F600
G1 X318.7788 Y199.6527 Z0.1500 E4.8439 W-1.6674 F600
G1 X312.7701 Y198.7886 Z0.1500 E6.0097 W-2.4423 F600
G1 X302.1182 Y197.5650 Z0.1500 E10.6148 W-3.6844 F600
G1 X300.5601 Y197.4754 Z0.1500 E1.5451 W-5.6556 F600
G1 X299.6001 Y197.5496 Z0.1500 E0.9532 W-1.5891 F600
G1 X298.8093 Y197.7608 Z0.1500 E0.8104 W-10.5294 F600
G1 X298.3483 Y198.0570 Z0.1500 E0.5425 W-17.7667 F600
G1 W-35.6312 ;in place turn
G1 X298.2871 Y198.2113 Z0.1500 W0.0000 E0.1643 F600
G1 W-44.6894 ;in place turn
G1 X298.3496 Y198.3583 Z0.1500 W0.0000 E0.1582 F600
G1 W-38.5652 ;in place turn
G1 X298.8217 Y198.6135 Z0.1500 W0.0000 E0.5313 F600
G1 X300.1614 Y198.8928 Z0.1500 E1.3548 W-16.6197 F600
G1 X308.6100 Y199.8536 Z0.1500 E8.4180 W-5.2879 F600
G1 X314.6695 Y200.6437 Z0.1500 E6.0497 W0.9409 F600
G1 X321.1643 Y201.6509 Z0.1500 E6.5067 W3.4802 F600
G1 X326.4297 Y202.6326 Z0.1500 E5.3025 W0.1009 F600
G1 X333.0506 Y204.1370 Z0.1500 E6.7217 W0.5818 F600
G1 X345.9056 Y207.5322 Z0.1500 E13.1629 W0.3699 F600
G1 X363.4670 Y211.8659 Z0.1500 E17.9073 W0.0492 F600
G1 X365.6690 Y212.2658 Z0.1500 E2.2157 W0.2482 F600
G1 X369.5664 Y212.6633 Z0.1500 E3.8784 W1.3970 F600
G1 X371.0871 Y212.9766 Z0.1500 E1.5371 W3.5421 F600
G1 X372.5185 Y213.4240 Z0.1500 E1.4847 W6.4516 F600
G1 X373.3414 Y213.8259 Z0.1500 E0.9066 W9.9021 F600
G1 X373.9133 Y214.3218 Z0.1500 E0.7495 W7.3784 F600
G1 X374.0530 Y214.5767 Z0.1500 E0.2877 W20.3428 F600
G1 X374.0755 Y214.8045 Z0.1500 E0.2266 W23.0786 F600
G1 W34.4794 ;in place turn
G1 X373.9790 Y214.9798 Z0.1500 W0.0000 E0.1981 F600
G1 W34.0660 ;in place turn
G1 X373.7734 Y215.0850 Z0.1500 W0.0000 E0.2287 F600
G1 X373.1141 Y215.0793 Z0.1500 E0.6527 W27.6062 F600
G1 X370.8787 Y214.4821 Z0.1500 E2.2906 W14.4527 F600
G1 X369.9699 Y214.3163 Z0.1500 E0.9146 W-4.6124 F600
G1 X369.2273 Y214.3219 Z0.1500 E0.7352 W-10.7775 F600
G1 X368.9843 Y214.4016 Z0.1500 E0.2532 W-17.7354 F600
G1 X368.8573 Y214.5287 Z0.1500 E0.1778 W-26.8510 F600
G1 W-44.4565 ;in place turn
G1 X368.8558 Y214.6932 Z0.1500 W0.0000 E0.1629 F600
G1 W-41.7200 ;in place turn
G1 X369.1986 Y215.0848 Z0.1500 W0.0000 E0.5152 F600
G1 X369.8662 Y215.4909 Z0.1500 E0.7736 W-17.4929 F600
G1 X372.8725 Y216.8124 Z0.1500 E3.2511 W-7.5803 F600
G1 X373.6190 Y217.2524 Z0.1500 E0.8578 W6.7851 F600
G1 X374.0856 Y217.7531 Z0.1500 E0.6776 W16.5070 F600
G1 X374.1596 Y217.9975 Z0.1500 E0.2528 W26.1341 F600
G1 X374.1136 Y218.2078 Z0.1500 E0.2131 W29.1619 F600
G1 W33.9848 ;in place turn
G1 X373.9536 Y218.3607 Z0.1500 W0.0000 E0.2191 F600
G1 X373.6967 Y218.4410 Z0.1500 E0.2665 W26.3428 F600
G1 X372.9861 Y218.3835 Z0.1500 E0.7058 W21.9784 F600
G1 X371.2816 Y217.7735 Z0.1500 E1.7923 W15.0678 F600
G1 X368.7193 Y216.5904 Z0.1500 E2.7940 W-2.4211 F600
G1 X365.9428 Y214.9887 Z0.1500 E3.1733 W4.1552 F600
G1 X364.7008 Y214.3598 Z0.1500 E1.3783 W1.0085 F600
G1 X363.3655 Y213.8211 Z0.1500 E1.4254 W-1.0588 F600
G1 X361.4849 Y213.2031 Z0.1500 E1.9598 W-2.0109 F600
G1 X356.5789 Y211.8588 Z0.1500 E5.0359 W-2.0929 F600
G1 X344.5558 Y208.8815 Z0.1500 E12.2624 W-1.7596 F600
G1 X333.1998 Y205.8626 Z0.1500 E11.6329 W-1.4367 F600
G1 X328.1643 Y204.6461 Z0.1500 E5.1285 W-1.3385 F600
G1 X323.5006 Y203.6898 Z0.1500 E4.7132 W-1.4810 F600
G1 X318.1632 Y202.7688 Z0.1500 E5.3621 W-1.8707 F600
G1 X311.6265 Y201.8228 Z0.1500 E6.5387 W-2.6941 F600
G1 X305.5157 Y201.0775 Z0.1500 E6.0946 W-4.3197 F600
G1 X297.1506 Y200.2095 Z0.1500 E8.3259 W-7.1391 F600
G1 X295.9025 Y200.3192 Z0.1500 E1.2404 W-0.2537 F600
G1 X295.3457 Y200.5837 Z0.1500 E0.6102 W-20.3899 F600
G1 X295.0996 Y200.9275 Z0.1500 E0.4186 W-28.9935 F600
G1 W-46.9820 ;in place turn
G1 X295.1332 Y201.0945 Z0.1500 W0.0000 E0.1687 F600
G1 W-33.8876 ;in place turn
G1 X295.2853 Y201.2451 Z0.1500 W0.0000 E0.2119 F600
G1 X295.5527 Y201.3759 Z0.1500 E0.2947 W-18.6585 F600
G1 X296.8523 Y201.6679 Z0.1500 E1.3187 W-13.4075 F600
G1 X308.0089 Y202.9537 Z0.1500 E11.1181 W-6.0849 F600
G1 X313.5229 Y203.6756 Z0.1500 E5.5054 W5.4247 F600
G1 X320.0031 Y204.6828 Z0.1500 E6.4924 W-1.0844 F600
G1 X325.2664 Y205.6707 Z0.1500 E5.3016 W0.4564 F600
G1 X330.8595 Y206.9528 Z0.1500 E5.6808 W1.2214 F600
G1 X342.2111 Y209.9755 Z0.1500 E11.6297 W1.6204 F600
G1 X356.7033 Y213.6091 Z0.1500 E14.7913 W2.0972 F600
G1 X360.5776 Y214.7344 Z0.1500 E3.9941 W3.0071 F600
G1 X363.3315 Y215.7286 Z0.1500 E2.8986 W4.5919 F600
G1 X372.2567 Y219.9398 Z0.1500 E9.7702 W7.0717 F600
G1 X373.4179 Y220.6391 Z0.1500 E1.3419 W0.0753 F600
G1 X373.9384 Y221.1981 Z0.1500 E0.7562 W15.9882 F600
G1 X374.0693 Y221.7140 Z0.1500 E0.5269 W28.7181 F600
G1 W44.3697 ;in place turn
G1 X373.9662 Y221.8916 Z0.1500 W0.0000 E0.2033 F600
G1 W34.3100 ;in place turn
G1 X373.7615 Y221.9895 Z0.1500 W0.0000 E0.2246 F600
G1 X373.1288 Y221.9444 Z0.1500 E0.6280 W29.6385 F600
G1 X372.3371 Y221.6733 Z0.1500 E0.8285 W14.8230 F600
G1 X363.3537 Y217.5815 Z0.1500 E9.7726 W5.5843 F600
G1 X361.1018 Y216.7107 Z0.1500 E2.3902 W-7.8522 F600
G1 X358.7526 Y215.9344 Z0.1500 E2.4494 W0.6413 F600
G1 X353.8652 Y214.5706 Z0.1500 E5.0234 W-0.7570 F600
G1 X341.8581 Y211.5787 Z0.1500 E12.2504 W-1.2125 F600
G1 X331.0090 Y208.6787 Z0.1500 E11.1178 W-1.2786 F600
G1 X326.4838 Y207.5787 Z0.1500 E4.6103 W-1.3276 F600
G1 X321.2828 Y206.5292 Z0.1500 E5.2528 W-1.4552 F600
G1 X315.3968 Y205.5490 Z0.1500 E5.9074 W-1.6432 F600
G1 X309.3522 Y204.7114 Z0.1500 E6.0413 W-1.9848 F600
G1 X300.4225 Y203.6681 Z0.1500 E8.9005 W-2.7680 F600
G1 X295.8724 Y203.1889 Z0.1500 E4.5294 W-4.3439 F600
G1 X294.3354 Y203.1022 Z0.1500 E1.5240 W-6.8986 F600
G1 X293.0766 Y203.3004 Z0.1500 E1.2616 W-10.3683 F600
G1 X292.7981 Y203.4442 Z0.1500 E0.3103 W-10.5503 F600
G1 X292.6238 Y203.6136 Z0.1500 E0.2406 W-16.8719 F600
G1 X292.5670 Y203.7940 Z0.1500 E0.1872 W-28.3174 F600
G1 W-37.9443 ;in place turn
G1 X292.6328 Y203.9707 Z0.1500 W0.0000 E0.1868 F600
G1 W-37.3991 ;in place turn
G1 X293.1139 Y204.2732 Z0.1500 W0.0000 E0.5626 F600
G1 X294.4872 Y204.5745 Z0.1500 E1.3919 W-19.7806 F600
G1 X306.8360 Y205.9836 Z0.1500 E12.3046 W-5.8666 F600
G1 X312.3682 Y206.7074 Z0.1500 E5.5235 W0.9447 F600
G1 X318.3089 Y207.6247 Z0.1500 E5.9510 W3.7161 F600
G1 X323.5819 Y208.6069 Z0.1500 E5.3101 W0.2392 F600
G1 X328.6723 Y209.7652 Z0.1500 E5.1683 W1.1337 F600
G1 X340.0167 Y212.7973 Z0.1500 E11.6252 W1.4905 F600
G1 X354.4960 Y216.4406 Z0.1500 E14.7814 W1.7165 F600
G1 X358.8464 Y217.7158 Z0.1500 E4.4881 W2.0487 F600
G1 X362.0740 Y218.8614 Z0.1500 E3.3906 W2.5963 F600
G1 X365.5892 Y220.3509 Z0.1500 E3.7796 W3.5213 F600
G1 X371.1468 Y222.9162 Z0.1500 E6.0599 W5.1594 F600
G1 X372.8105 Y223.7573 Z0.1500 E1.8456 W7.9142 F600
G1 X373.8251 Y224.5324 Z0.1500 E1.2640 W0.3873 F600
G1 X374.1504 Y225.0987 Z0.1500 E0.6466 W22.7445 F600
G1 X374.1578 Y225.3404 Z0.1500 E0.2395 W28.1394 F600
G1 W31.0651 ;in place turn
G1 X374.0572 Y225.5195 Z0.1500 W0.0000 E0.2034 F600
G1 W34.1916 ;in place turn
G1 X373.8587 Y225.6184 Z0.1500 W0.0000 E0.2195 F600
G1 W30.7434 ;in place turn
G1 X373.2430 Y225.5725 Z0.1500 W0.0000 E0.6112 F600
G1 X372.4670 Y225.2962 Z0.1500 E0.8154 W15.3415 F600
G1 X366.0928 Y222.3416 Z0.1500 E6.9554 W5.2655 F600
G1 X362.5961 Y220.8422 Z0.1500 E3.7666 W-1.6583 F600
G1 X359.8719 Y219.8147 Z0.1500 E2.8825 W-4.3504 F600
G1 X357.0474 Y218.8900 Z0.1500 E2.9423 W-0.7685 F600
G1 X352.1648 Y217.5238 Z0.1500 E5.0194 W-1.3419 F600
G1 X340.1618 Y214.5260 Z0.1500 E12.2480 W-1.3703 F600
G1 X329.3179 Y211.6195 Z0.1500 E11.1144 W-1.2868 F600
G1 X325.3065 Y210.6307 Z0.1500 E4.0901 W-1.3242 F600
G1 X320.1192 Y209.5665 Z0.1500 E5.2424 W-1.5244 F600
G1 X314.2392 Y208.5815 Z0.1500 E5.9023 W-1.9138 F600
G1 X308.7448 Y207.8137 Z0.1500 E5.4922 W-2.7020 F600
G1 X299.8436 Y206.7510 Z0.1500 E8.8748 W-4.2976 F600
G1 X291.4857 Y205.8728 Z0.1500 E8.3199 W3.6679 F600
G1 X290.2351 Y205.9644 Z0.1500 E1.2414 W-10.1888 F600
G1 X289.6935 Y206.2248 Z0.1500 E0.5950 W-21.4906 F600
G1 W-30.9521 ;in place turn
G1 X289.4620 Y206.5763 Z0.1500 W0.0000 E0.4166 F600
G1 W-45.2989 ;in place turn
G1 X289.4988 Y206.7501 Z0.1500 W0.0000 E0.1759 F600
G1 W-31.8768 ;in place turn
G1 X289.6501 Y206.9079 Z0.1500 W0.0000 E0.2164 F600
G1 X289.9126 Y207.0449 Z0.1500 E0.2932 W-18.6270 F600
G1 X291.1785 Y207.3449 Z0.1500 E1.2879 W-14.2347 F600
G1 X302.3528 Y208.6129 Z0.1500 E11.1335 W-6.8553 F600
G1 X309.5353 Y209.5122 Z0.1500 E7.1662 W5.5235 F600
G1 X316.0868 Y210.4816 Z0.1500 E6.5566 W-1.2292 F600
G1 X321.3705 Y211.4401 Z0.1500 E5.3162 W0.3968 F600
G1 X326.9829 Y212.7041 Z0.1500 E5.6955 W1.1812 F600
G1 X338.3202 Y215.7417 Z0.1500 E11.6198 W1.4665 F600
G1 X352.7996 Y219.3896 Z0.1500 E14.7825 W1.6052 F600
G1 X356.6813 Y220.5035 Z0.1500 E3.9981 W1.8170 F600
G1 X360.4233 Y221.7647 Z0.1500 E3.9093 W2.1632 F600
G1 X363.9957 Y223.1898 Z0.1500 E3.8077 W2.6838 F600
G1 X368.3100 Y225.1312 Z0.1500 E4.6837 W3.5727 F600
G1 X372.1128 Y226.9501 Z0.1500 E4.1733 W5.1874 F600
G1 X373.3088 Y227.6300 Z0.1500 E1.3620 W7.8769 F600
G1 X373.9426 Y228.1711 Z0.1500 E0.8250 W1.7702 F600
G1 X374.2706 Y228.7408 Z0.1500 E0.6508 W19.5773 F600
G1 X374.2789 Y228.9838 Z0.1500 E0.2407 W27.9938 F600
G1 W31.1675 ;in place turn
G1 X374.1782 Y229.1637 Z0.1500 W0.0000 E0.2041 F600
G1 W34.3783 ;in place turn
G1 X373.9786 Y229.2628 Z0.1500 W0.0000 E0.2206 F600
G1 W30.7986 ;in place turn
G1 X373.3587 Y229.2150 Z0.1500 W0.0000 E0.6155 F600
G1 X372.5804 Y228.9343 Z0.1500 E0.8192 W15.4292 F600
G1 X366.6670 Y226.1457 Z0.1500 E6.4725 W5.4133 F600
G1 X362.3097 Y224.2512 Z0.1500 E4.7038 W-1.7491 F600
G1 X359.1385 Y223.0478 Z0.1500 E3.3579 W-4.4409 F600
G1 X356.3225 Y222.1158 Z0.1500 E2.9366 W-0.8030 F600
G1 X350.9631 Y220.5988 Z0.1500 E5.5143 W-1.3786 F600
G1 X338.4677 Y217.4688 Z0.1500 E12.7526 W-1.4036 F600
G1 X327.6322 Y214.5554 Z0.1500 E11.1082 W-1.3097 F600
G1 X323.6206 Y213.5683 Z0.1500 E4.0900 W-1.3267 F600
G1 X318.9555 Y212.6058 Z0.1500 E4.7157 W-1.4800 F600
G1 X313.6196 Y211.6992 Z0.1500 E5.3582 W-1.7456 F600
G1 X306.4725 Y210.7029 Z0.1500 E7.1441 W-2.2412 F600
G1 X299.2584 Y209.8361 Z0.1500 E7.1933 W-3.2826 F600
G1 X289.6896 Y208.8393 Z0.1500 E9.5243 W-5.2620 F600
G1 X288.7531 Y208.8432 Z0.1500 E0.9272 W0.9367 F600
G1 X288.0006 Y208.9971 Z0.1500 E0.7604 W-11.3157 F600
G1 X287.5518 Y209.3025 Z0.1500 E0.5374 W-22.6776 F600
G1 W-36.0108 ;in place turn
G1 X287.4858 Y209.4860 Z0.1500 W0.0000 E0.1931 F600
G1 W-36.8937 ;in place turn
G1 X287.5424 Y209.6695 Z0.1500 W0.0000 E0.1901 F600
G1 X287.7239 Y209.8395 Z0.1500 E0.2462 W-29.7469 F600
G1 X288.0227 Y209.9877 Z0.1500 E0.3302 W-16.7264 F600
G1 X289.4229 Y210.3005 Z0.1500 E1.4203 W-13.7984 F600
G1 X307.8477 Y212.4729 Z0.1500 E18.3669 W3.5641 F600
G1 X314.9204 Y213.5191 Z0.1500 E7.0781 W-3.2825 F600
G1 X320.2036 Y214.4835 Z0.1500 E5.3169 W-0.7963 F600
G1 X325.8000 Y215.7628 Z0.1500 E5.6833 W0.6085 F600
G1 X337.1273 Y218.8104 Z0.1500 E11.6129 W1.2236 F600
G1 X351.5988 Y222.4619 Z0.1500 E14.7758 W1.4800 F600
G1 X355.4866 Y223.5764 Z0.1500 E4.0039 W1.7113 F600
G1 X359.2379 Y224.8238 Z0.1500 E3.9137 W2.0523 F600
G1 X362.3939 Y226.0451 Z0.1500 E3.3503 W2.5463 F600
G1 X366.3051 Y227.7537 Z0.1500 E4.2254 W3.2990 F600
G1 X371.3833 Y230.1838 Z0.1500 E5.5735 W4.4766 F600
G1 X373.0212 Y231.1070 Z0.1500 E1.8613 W6.1586 F600
G1 X373.7143 Y231.6966 Z0.1500 E0.9009 W8.2696 F600
G1 X373.9703 Y232.0192 Z0.1500 E0.4077 W10.7695 F600
G1 X374.1355 Y232.3337 Z0.1500 E0.3517 W7.6144 F600
G1 X374.1931 Y232.6092 Z0.1500 E0.2786 W15.8918 F600
G1 X374.1374 Y232.8154 Z0.1500 E0.2115 W26.9401 F600
G1 W39.0806 ;in place turn
G1 X373.9752 Y232.9324 Z0.1500 W0.0000 E0.1980 F600
G1 W30.4708 ;in place turn
G1 X373.7238 Y232.9558 Z0.1500 W0.0000 E0.2500 F600
G1 X373.0430 Y232.7735 Z0.1500 E0.6978 W20.3242 F600
G1 X366.8020 Y229.7622 Z0.1500 E6.8602 W10.7637 F600
G1 X362.9155 Y228.0215 Z0.1500 E4.2160 W-1.6316 F600
G1 X359.3393 Y226.5989 Z0.1500 E3.8102 W-5.2295 F600
G1 X355.6076 Y225.3285 Z0.1500 E3.9026 W-0.4933 F600
G1 X350.2645 Y223.7984 Z0.1500 E5.5023 W-1.3758 F600
G1 X336.2840 Y220.2794 Z0.1500 E14.2724 W-1.5492 F600
G1 X323.9619 Y216.9757 Z0.1500 E12.6298 W-1.4972 F600
G1 X320.9128 Y216.2752 Z0.1500 E3.0972 W-1.5068 F600
G1 X317.2657 Y215.5497 Z0.1500 E3.6815 W-1.6587 F600
G1 X309.7380 Y214.3327 Z0.1500 E7.5492 W-1.9812 F600
G1 X298.6636 Y212.9232 Z0.1500 E11.0521 W-2.6122 F600
G1 X289.0924 Y211.8665 Z0.1500 E9.5331 W-3.8183 F600
G1 X287.5269 Y211.7682 Z0.1500 E1.5528 W-5.8922 F600
G1 X286.6007 Y211.8504 Z0.1500 E0.9206 W-1.5840 F600
G1 X286.2308 Y211.9563 Z0.1500 E0.3808 W-10.9065 F600
G1 X285.7912 Y212.2737 Z0.1500 E0.5368 W-19.8528 F600
G1 W-41.9637 ;in place turn
G1 X285.7516 Y212.4571 Z0.1500 W0.0000 E0.1857 F600
G1 W-37.7699 ;in place turn
G1 X285.8370 Y212.6357 Z0.1500 W0.0000 E0.1961 F600
G1 X286.0394 Y212.7981 Z0.1500 E0.2569 W-25.6923 F600
G1 X286.7312 Y213.0565 Z0.1500 E0.7311 W-18.2625 F600
G1 X288.2289 Y213.3150 Z0.1500 E1.5047 W-10.6882 F600
G1 X306.6949 Y215.5099 Z0.1500 E18.4100 W4.6480 F600
G1 X312.6708 Y216.3853 Z0.1500 E5.9793 W-2.5404 F600
G1 X317.9922 Y217.3201 Z0.1500 E5.3489 W-0.3180 F600
G1 X324.1269 Y218.6849 Z0.1500 E6.2218 W0.9057 F600
G1 X335.4392 Y221.7481 Z0.1500 E11.6025 W1.4572 F600
G1 X349.9174 Y225.3957 Z0.1500 E14.7813 W1.7390 F600
G1 X355.7305 Y227.0810 Z0.1500 E5.9919 W2.0330 F600
G1 X360.7891 Y228.8976 Z0.1500 E5.3211 W2.4644 F600
G1 X363.8672 Y230.1965 Z0.1500 E3.3076 W3.1739 F600
G1 X367.2881 Y231.7766 Z0.1500 E3.7305 W4.5029 F600
G1 X370.1964 Y233.2334 Z0.1500 E3.2202 W-1.2519 F600
G1 X371.5292 Y234.0542 Z0.1500 E1.5497 W5.0206 F600
G1 X371.6566 Y234.2286 Z0.1500 E0.2138 W22.2377 F600
G1 W46.1108 ;in place turn
G1 X371.6312 Y234.3728 Z0.1500 W0.0000 E0.1450 F600
G1 W64.8320 ;in place turn
G1 X371.0728 Y234.5245 Z0.1500 W0.0000 E0.5728 F600
G1 X370.0148 Y234.4509 Z0.1500 E1.0500 W19.1684 F600
G1 X368.8519 Y234.1849 Z0.1500 E1.1811 W8.9113 F600
G1 X367.3622 Y233.6135 Z0.1500 E1.5795 W8.0970 F600
G1 X363.9413 Y231.9993 Z0.1500 E3.7448 W-2.8428 F600
G1 X360.4364 Y230.5000 Z0.1500 E3.7740 W1.5705 F600
G1 X357.2532 Y229.3076 Z0.1500 E3.3652 W-0.2431 F600
G1 X353.9562 Y228.2338 Z0.1500 E3.4327 W-1.1979 F600
G1 X348.5820 Y226.7300 Z0.1500 E5.5249 W-1.4757 F600
G1 X335.0914 Y223.3449 Z0.1500 E13.7697 W-1.4138 F600
G1 X324.7843 Y220.5288 Z0.1500 E10.5781 W-1.3377 F600
G1 X320.7661 Y219.5443 Z0.1500 E4.0956 W-1.4096 F600
G1 X315.0327 Y218.4029 Z0.1500 E5.7875 W-1.6191 F600
G1 X308.0271 Y217.2952 Z0.1500 E7.0216 W-1.9440 F600
G1 X298.6343 Y216.0798 Z0.1500 E9.3764 W-2.5287 F600
G1 X287.4346 Y214.7895 Z0.1500 E11.1611 W-3.6755 F600
G1 X285.2991 Y214.6045 Z0.1500 E2.1221 W-5.6610 F600
G1 X284.4859 Y214.6628 Z0.1500 E0.8071 W-1.3033 F600
G1 X284.1824 Y214.7588 Z0.1500 E0.3152 W-13.4552 F600
G1 X283.9565 Y214.8988 Z0.1500 E0.2631 W-14.2237 F600
G1 W-31.0963 ;in place turn
G1 X283.7703 Y215.2621 Z0.1500 W0.0000 E0.4041 F600
G1 W-44.4706 ;in place turn
G1 X283.8294 Y215.4511 Z0.1500 W0.0000 E0.1961 F600
G1 X283.9977 Y215.6251 Z0.1500 E0.2396 W-26.7093 F600
G1 X284.2708 Y215.7762 Z0.1500 E0.3090 W-16.9924 F600
G1 X285.5419 Y216.0993 Z0.1500 E1.2984 W-14.6913 F600
G1 X301.1134 Y217.9706 Z0.1500 E15.5267 W2.4474 F600
G1 X309.3438 Y219.0952 Z0.1500 E8.2238 W-3.7237 F600
G1 X316.2947 Y220.2662 Z0.1500 E6.9784 W-1.0787 F600
G1 X322.4582 Y221.6042 Z0.1500 E6.2439 W0.4903 F600
G1 X333.2597 Y224.5537 Z0.1500 E11.0850 W1.2061 F600
G1 X347.7439 Y228.1923 Z0.1500 E14.7849 W1.5187 F600
G1 X353.1310 Y229.6817 Z0.1500 E5.5333 W1.9026 F600
G1 X356.4431 Y230.7440 Z0.1500 E3.4436 W2.7249 F600
G1 X359.6386 Y231.9255 Z0.1500 E3.3728 W4.2919 F600
G1 X362.6971 Y233.2352 Z0.1500 E3.2939 W-0.8616 F600
G1 X364.0911 Y233.9994 Z0.1500 E1.5738 W5.5492 F600
G1 X364.2317 Y234.1676 Z0.1500 E0.2170 W21.3914 F600
G1 W46.3233 ;in place turn
G1 X364.2155 Y234.3110 Z0.1500 W0.0000 E0.1429 F600
G1 W66.9379 ;in place turn
G1 X363.6538 Y234.4786 Z0.1500 W0.0000 E0.5803 F600
G1 X362.5588 Y234.4410 Z0.1500 E1.0847 W18.5835 F600
G1 X361.3373 Y234.2221 Z0.1500 E1.2285 W8.1941 F600
G1 X360.2460 Y233.9030 Z0.1500 E1.1257 W6.1371 F600
G1 X355.1632 Y232.0257 Z0.1500 E5.3642 W-2.7240 F600
G1 X350.3627 Y230.5748 Z0.1500 E4.9648 W1.3735 F600
G1 X332.9155 Y226.1478 Z0.1500 E17.8201 W-0.1668 F600
G1 X322.6221 Y223.3151 Z0.1500 E10.5693 W-1.0460 F600
G1 X317.5335 Y222.1517 Z0.1500 E5.1677 W-1.5360 F600
G1 X311.1907 Y220.9973 Z0.1500 E6.3825 W-1.8963 F600
G1 X303.5717 Y219.8832 Z0.1500 E7.6230 W-2.3909 F600
G1 X287.4172 Y217.9214 Z0.1500 E16.1105 W-3.3850 F600
G1 X284.6189 Y217.6388 Z0.1500 E2.7844 W-5.3234 F600
G1 X283.6831 Y217.6234 Z0.1500 E0.9265 W1.7394 F600
G1 X282.9552 Y217.7585 Z0.1500 E0.7329 W-11.4530 F600
G1 X282.5327 Y218.0581 Z0.1500 E0.5128 W-24.8375 F600
G1 W-37.5480 ;in place turn
G1 X282.4752 Y218.2452 Z0.1500 W0.0000 E0.1937 F600
G1 W-34.9894 ;in place turn
G1 X282.5365 Y218.4352 Z0.1500 W0.0000 E0.1977 F600
G1 X282.7196 Y218.6133 Z0.1500 E0.2529 W-27.8997 F600
G1 X283.0169 Y218.7700 Z0.1500 E0.3327 W-16.4239 F600
G1 X283.8772 Y219.0115 Z0.1500 E0.8846 W-12.1112 F600
G1 X299.9461 Y221.0033 Z0.1500 E16.0299 W0.9521 F600
G1 X306.5376 Y221.8993 Z0.1500 E6.5856 W-3.7814 F600
G1 X313.5424 Y223.0234 Z0.1500 E7.0235 W-1.2036 F600
G1 X319.7713 Y224.2911 Z0.1500 E6.2931 W0.3806 F600
G1 X323.7707 Y225.2939 Z0.1500 E4.0819 W1.1560 F600
G1 X333.0686 Y227.8685 Z0.1500 E9.5513 W1.5946 F600
G1 X348.5494 Y231.7652 Z0.1500 E15.8041 W2.3321 F600
G1 X352.9216 Y233.0184 Z0.1500 E4.5028 W-1.1162 F600
G1 X355.2241 Y233.8083 Z0.1500 E2.4099 W2.9422 F600
G1 X356.2436 Y234.2614 Z0.1500 E1.1045 W5.0234 F600
G1 W30.0019 ;in place turn
G1 X356.3413 Y234.3956 Z0.1500 W0.0000 E0.1643 F600
G1 W77.0051 ;in place turn
G1 X356.2423 Y234.5095 Z0.1500 W0.0000 E0.1494 F600
G1 W34.1825 ;in place turn
G1 X355.9272 Y234.5931 Z0.1500 W0.0000 E0.3227 F600
G1 X354.7473 Y234.6375 Z0.1500 E1.1690 W12.6958 F600
G1 X352.5298 Y234.4194 Z0.1500 E2.2059 W7.7718 F600
G1 X350.6934 Y234.0619 Z0.1500 E1.8522 W5.4000 F600
G1 X345.7382 Y232.6989 Z0.1500 E5.0878 W-0.6490 F600
G1 X331.7384 Y229.1984 Z0.1500 E14.2865 W1.9556 F600
G1 X321.4494 Y226.3630 Z0.1500 E10.5658 W0.4740 F600
G1 X317.9073 Y225.5305 Z0.1500 E3.6023 W-0.5727 F600
G1 X313.7418 Y224.6932 Z0.1500 E4.2063 W-1.3013 F600
G1 X307.3235 Y223.6249 Z0.1500 E6.4415 W-1.9435 F600
G1 X298.5416 Y222.4123 Z0.1500 E8.7766 W-2.8654 F600
G1 X285.1160 Y220.7961 Z0.1500 E13.3873 W-4.4702 F600
G1 X282.5288 Y220.6054 Z0.1500 E2.5683 W-7.0168 F600
G1 X281.7241 Y220.7277 Z0.1500 E0.8058 W-3.2720 F600
G1 X281.4419 Y220.8574 Z0.1500 E0.3075 W-16.0249 F600
G1 X281.2688 Y221.0256 Z0.1500 E0.2389 W-19.5155 F600
G1 W-31.1531 ;in place turn
G1 X281.2186 Y221.2176 Z0.1500 W0.0000 E0.1965 F600
G1 W-35.9304 ;in place turn
G1 X281.2955 Y221.4150 Z0.1500 W0.0000 E0.2097 F600
G1 X281.4947 Y221.6009 Z0.1500 E0.2698 W-25.7142 F600
G1 X281.8042 Y221.7639 Z0.1500 E0.3463 W-15.2374 F600
G1 X282.6811 Y222.0118 Z0.1500 E0.9022 W-11.9937 F600
G1 X304.2833 Y224.7884 Z0.1500 E21.5621 W1.2562 F600
G1 X309.6970 Y225.6179 Z0.1500 E5.4221 W-3.4576 F600
G1 X314.9901 Y226.5710 Z0.1500 E5.3244 W-0.7827 F600
G1 X321.6098 Y228.0770 Z0.1500 E6.7210 W1.2649 F600
G1 X330.4132 Y230.5253 Z0.1500 E9.0462 W1.4750 F600
G1 X339.8969 Y232.9150 Z0.1500 E9.6823 W-1.3986 F600
G1 X344.9277 Y234.2810 Z0.1500 E5.1609 W1.0483 F600
G1 W40.4693 ;in place turn
G1 X344.9959 Y234.3808 Z0.1500 W0.0000 E0.1196 F600
G1 W96.8172 ;in place turn
G1 X344.8217 Y234.4715 Z0.1500 W0.0000 E0.1944 F600
G1 X344.3848 Y234.5447 Z0.1500 E0.4386 W18.0218 F600
G1 X341.9432 Y234.5772 Z0.1500 E2.4174 W8.7375 F600
G1 X339.4310 Y234.3503 Z0.1500 E2.4972 W5.9224 F600
G1 X337.0160 Y233.9475 Z0.1500 E2.4238 W1.3034 F600
G1 X335.4793 Y233.5859 Z0.1500 E1.5629 W3.1190 F600
G1 X319.7758 Y229.2861 Z0.1500 E16.1188 W1.4677 F600
G1 X315.1844 Y228.2537 Z0.1500 E4.6589 W0.1165 F600
G1 X309.9107 Y227.2803 Z0.1500 E5.3091 W-0.8660 F600
G1 X303.9535 Y226.3501 Z0.1500 E5.9691 W-1.5860 F600
G1 X296.8255 Y225.3721 Z0.1500 E7.1228 W-2.3857 F600
G1 X284.0092 Y223.8013 Z0.1500 E12.7831 W-3.6933 F600
G1 X281.9064 Y223.6432 Z0.1500 E2.0877 W-5.8245 F600
G1 X280.9780 Y223.7307 Z0.1500 E0.9232 W-2.1914 F600
G1 X280.6080 Y223.8390 Z0.1500 E0.3817 W-10.9377 F600
G1 X280.1708 Y224.1584 Z0.1500 E0.5360 W-19.8356 F600
G1 W-42.4002 ;in place turn
G1 X280.1338 Y224.3409 Z0.1500 W0.0000 E0.1844 F600
G1 W-52.6574 ;in place turn
G1 X280.4284 Y224.6772 Z0.1500 W0.0000 E0.4426 F600
G1 W-31.8170 ;in place turn
G1 X281.5754 Y225.0273 Z0.1500 W0.0000 E1.1872 F600
G1 X295.4276 Y226.7775 Z0.1500 E13.8227 W-9.7703 F600
G1 X303.1030 Y227.8351 Z0.1500 E7.6704 W0.6447 F600
G1 X312.7674 Y229.4207 Z0.1500 E9.6957 W1.4714 F600
G1 X316.3993 Y230.1623 Z0.1500 E3.6697 W2.2246 F600
G1 X320.9388 Y231.2507 Z0.1500 E4.6215 W1.9409 F600
G1 X331.7233 Y234.3406 Z0.1500 E11.1062 W2.5050 F600
G1 W46.4633 ;in place turn
G1 X331.7781 Y234.4456 Z0.1500 W0.0000 E0.1172 F600
G1 W90.5533 ;in place turn
G1 X331.5937 Y234.5395 Z0.1500 W0.0000 E0.2048 F600
G1 X330.4802 Y234.6547 Z0.1500 E1.1083 W21.0891 F600
G1 X328.7391 Y234.6225 Z0.1500 E1.7240 W6.9681 F600
G1 X327.0245 Y234.4546 Z0.1500 E1.7055 W4.5318 F600
G1 X324.5159 Y233.9667 Z0.1500 E2.5300 W1.6665 F600
G1 X320.0988 Y232.7131 Z0.1500 E4.5457 W2.4650 F600
G1 X315.0446 Y231.5169 Z0.1500 E5.1419 W0.5919 F600
G1 X307.1213 Y230.0674 Z0.1500 E7.9742 W-0.9982 F600
G1 X294.0008 Y228.1810 Z0.1500 E13.1229 W-2.4141 F600
G1 X282.9139 Y226.8107 Z0.1500 E11.0595 W-3.9870 F600
G1 X281.3123 Y226.7114 Z0.1500 E1.5886 W-6.1265 F600
G1 X280.3654 Y226.8048 Z0.1500 E0.9419 W-2.4218 F600
G1 X279.9923 Y226.9162 Z0.1500 E0.3855 W-10.9884 F600
G1 X279.5629 Y227.2363 Z0.1500 E0.5303 W-20.0815 F600
G1 W-45.1421 ;in place turn
G1 X279.5372 Y227.4155 Z0.1500 W0.0000 E0.1793 F600
G1 W-53.2906 ;in place turn
G1 X279.8648 Y227.7416 Z0.1500 W0.0000 E0.4577 F600
G1 X281.0399 Y228.0848 Z0.1500 E1.2119 W-28.5854 F600
G1 X286.9990 Y228.9221 Z0.1500 E5.9575 W-8.2829 F600
G1 X294.8311 Y229.8724 Z0.1500 E7.8107 W-1.0802 F600
G1 X305.2020 Y231.3615 Z0.1500 E10.3724 W6.8086 F600
G1 X313.6809 Y232.8749 Z0.1500 E8.5268 W-3.6066 F600
G1 X319.0210 Y234.1929 Z0.1500 E5.4453 W3.7442 F600
G1 X319.2755 Y234.2978 Z0.1500 E0.2725 W8.5363 F600
G1 W36.3892 ;in place turn
G1 X319.3374 Y234.4000 Z0.1500 W0.0000 E0.1183 F600
G1 W93.7791 ;in place turn
G1 X319.1563 Y234.4941 Z0.1500 W0.0000 E0.2021 F600
G1 X318.0331 Y234.6208 Z0.1500 E1.1190 W20.9931 F600
G1 X316.2647 Y234.6157 Z0.1500 E1.7508 W6.6025 F600
G1 X313.7589 Y234.4114 Z0.1500 E2.4889 W4.4961 F600
G1 X309.5378 Y233.8968 Z0.1500 E4.2099 W-0.1201 F600
G1 X304.8875 Y232.9181 Z0.1500 E4.7046 W2.1822 F600
G1 X299.3884 Y232.2000 Z0.1500 E5.4903 W0.7125 F600
G1 X293.9745 Y231.3367 Z0.1500 E5.4274 W-0.5463 F600
G1 X287.7791 Y230.6403 Z0.1500 E6.1721 W-1.9583 F600
G1 X282.3476 Y229.8772 Z0.1500 E5.4300 W-3.9594 F600
G1 X280.7582 Y229.7802 Z0.1500 E1.5764 W-6.8617 F600
G1 X279.9128 Y229.9005 Z0.1500 E0.8455 W-2.2072 F600
G1 X279.6356 Y230.0337 Z0.1500 E0.3044 W-17.5699 F600
G1 X279.4861 Y230.2067 Z0.1500 E0.2264 W-23.4979 F600
G1 W-37.4211 ;in place turn
G1 X279.4744 Y230.4027 Z0.1500 W0.0000 E0.1944 F600
G1 W-46.9994 ;in place turn
G1 X279.8400 Y230.7868 Z0.1500 W0.0000 E0.5250 F600
G1 X281.0475 Y231.1941 Z0.1500 E1.2616 W-27.7752 F600
G1 X285.2158 Y231.8882 Z0.1500 E4.1835 W-9.1845 F600
cut_filament
G1 X286.9187 Y232.1718 Z0.1500 W0.0000 F450
G1 X294.2442 Y232.9496 Z0.1500 W0.0000 F450
G1 X298.9158 Y233.8839 Z0.1500 W0.0000 F450
G1 X304.1274 Y234.3570 Z0.1500 W0.0000 F450
G1 X305.4167 Y234.6194 Z0.1500 W0.0000 F450
G1 X306.4425 Y235.0000 Z0.1500 W0.0000 F450
; sum of skipped extrusion after the cut: 21.5
G0 X311.1302 Y236.7393 Z0.1500 W0.0000 F450 ;Ironing out move
;------------------------
; - END OF Fiber STRETCH #2 -
;------------------------
;========================
; - END OF ZCHUNK #2, range=[0.15, 0.15] -
;========================
;========================
; - START OF ZCHUNK #3, range=[0.30, 0.30] -
;========================
;- START OF POLYMER STRETCH INITIALIZATION -
G10 S1
; nozzle change gcode for switching from the fiber guide (T0) to the polymer nozzle(T1)
M104 S230 T1 ; set polymer nozzle temperature
SET_STATE_TARGET STATE=buffer TARGET=0

G91 ; use relative coordinates
G0 Z3.0000 F5500 ; sits currently at heigth +3 over layer
G90 ; use absolute coordinates
M83 ; extruder relative mode

M109 S230 T1 ; wait for polymer nozzle temperature
M104 S230 T1 ; set polymer nozzle temperature
T1 ; change nozzle
; end of T1 for Shoed-Red-Series
;- START OF POLYMER STRETCH INITIALIZATION -
G10
G0 Z0.3000 F5500
G0 X283.3875 Y214.0007
G0 Z0.3000
G1 F3600
G11
;- END OF POLYMER STRETCH INITIALIZATION -
;------------------------
; - START OF POLYMER STRETCH #3 (Infill) -
;------------------------
G1 X283.3875 Y155.9993 E39.4410 ; infill
G1 X286.3875 Y160.2493 E3.5375 ; infill step
G1 X286.3875 Y209.1257 E33.2360 ; infill
G1 X287.3875 Y208.1257 E0.9617 ; infill step
G1 X287.3875 Y161.8743 E31.4510 ; infill
G1 X289.3875 Y164.4993 E2.2441 ; infill step
G1 X289.3875 Y205.5007 E27.8810 ; infill
;------------------------
; - END OF POLYMER STRETCH #3 -
;------------------------
;- START OF POLYMER STRETCH INITIALIZATION -
G10
G0 Z0.3000 F5500
G0 X306.3875 Y183.3743
G0 Z0.3000
G1 F3600
G11
;- END OF POLYMER STRETCH INITIALIZATION -
;------------------------
; - START OF POLYMER STRETCH #4 (Infill) -
;------------------------
G1 X306.3875 Y186.6257 E2.2110 ; infill
G1 X304.3875 Y191.1257 E3.3486 ; infill step
G1 X304.3875 Y190.6250 E0.3405 ; infill
G1 X305.3875 Y189.5007 E1.0232 ; infill step
G1 X305.3875 Y180.4993 E6.1210 ; infill
G1 X304.3875 Y178.8743 E1.2975 ; infill step
G1 X304.3875 Y190.6250 E7.9905 ; infill
G1 X303.3875 Y192.1257 E1.2263 ; infill step
G1 X303.3875 Y177.8743 E9.6910 ; infill
G1 X302.3875 Y176.8743 E0.9617 ; infill step
G1 X302.3875 Y193.1257 E11.0510 ; infill
G1 X301.3875 Y194.1257 E0.9617 ; infill step
G1 X301.3875 Y175.8743 E12.4110 ; infill
G1 X300.3875 Y174.8743 E0.9617 ; infill step
G1 X300.3875 Y195.1257 E13.7710 ; infill
G1 X299.3875 Y196.1257 E0.9617 ; infill step
G1 X299.3875 Y173.8743 E15.1310 ; infill
G1 X298.3875 Y172.8743 E0.9617 ; infill step
G1 X298.3875 Y197.1257 E16.4910 ; infill
G1 X297.3875 Y197.5345 E0.7346 ; infill step
G1 X297.3875 Y172.4655 E17.0469 ; infill
G1 X296.3875 Y171.4993 E0.9456 ; infill step
G1 X296.3875 Y198.5007 E18.3610 ; infill
G1 X295.3875 Y199.5007 E0.9617 ; infill step
G1 X295.3875 Y170.4993 E19.7210 ; infill
G1 X294.3875 Y169.4993 E0.9617 ; infill step
G1 X294.3875 Y200.5007 E21.0810 ; infill
G1 X293.3875 Y201.5007 E0.9617 ; infill step
G1 X293.3875 Y168.4993 E22.4410 ; infill
G1 X292.3875 Y167.4993 E0.9617 ; infill step
G1 X292.3875 Y202.5007 E23.8010 ; infill
G1 X291.3875 Y203.5007 E0.9617 ; infill step
G1 X291.3875 Y166.4993 E25.1610 ; infill
G1 X290.3875 Y165.4993 E0.9617 ; infill step
G1 X290.3875 Y204.5007 E26.5210 ; infill
G1 X288.3875 Y206.5007 E1.9233 ; infill step
G1 X288.3875 Y162.8743 E29.6660 ; infill
G1 X285.3875 Y159.2493 E3.1997 ; infill step
G1 X285.3875 Y210.7507 E35.0210 ; infill
G1 X284.3875 Y212.3757 E1.2975 ; infill step
G1 X284.3875 Y156.9993 E37.6560 ; infill
G1 X282.3875 Y153.7493 E2.5949 ; infill step
G1 X282.3875 Y216.2507 E42.5010 ; infill
G1 X281.3875 Y217.8757 E1.2975 ; infill step
G1 X281.3875 Y152.1243 E44.7110 ; infill
G1 X280.3875 Y149.2493 E2.0699 ; infill step
G1 X280.3875 Y220.1257 E48.1960 ; infill
G1 X279.3875 Y223.6257 E2.4752 ; infill step
G1 X279.3875 Y146.3743 E52.5310 ; infill
G1 X278.3875 Y143.4993 E2.0699 ; infill step
G1 X278.3875 Y227.1257 E56.8660 ; infill
G1 X277.3875 Y234.7000 E5.1952 ; infill step
G1 X277.3875 Y135.3000 E67.5920 ; infill
G1 X276.3875 Y135.3000 E0.6800 ; infill step
G1 X276.3875 Y234.7000 E67.5920 ; infill
G1 X275.3875 Y234.7000 E0.6800 ; infill step
G1 X275.3875 Y135.3000 E67.5920 ; infill
G1 X274.3875 Y135.3000 E0.6800 ; infill step
G1 X274.3875 Y234.7000 E67.5920 ; infill
G1 X273.3875 Y234.7000 E0.6800 ; infill step
G1 X273.3875 Y135.3000 E67.5920 ; infill
G1 X272.3875 Y135.3000 E0.6800 ; infill step
G1 X272.3875 Y234.7000 E67.5920 ; infill
G1 X271.3875 Y234.7000 E0.6800 ; infill step
G1 X271.3875 Y135.3000 E67.5920 ; infill
G1 X270.3875 Y135.3000 E0.6800 ; infill step
G1 X270.3875 Y234.7000 E67.5920 ; infill
G1 X269.3875 Y234.7000 E0.6800 ; infill step
G1 X269.3875 Y135.3000 E67.5920 ; infill
G1 X268.3875 Y135.3000 E0.6800 ; infill step
G1 X268.3875 Y234.7000 E67.5920 ; infill
G1 X267.3875 Y234.7000 E0.6800 ; infill step
G1 X267.3875 Y135.3000 E67.5920 ; infill
G1 X266.3875 Y135.3000 E0.6800 ; infill step
G1 X266.3875 Y234.7000 E67.5920 ; infill
G1 X265.3875 Y234.7000 E0.6800 ; infill step
G1 X265.3875 Y135.3000 E67.5920 ; infill
G1 X264.3875 Y135.3000 E0.6800 ; infill step
G1 X264.3875 Y234.7000 E67.5920 ; infill
G1 X263.3875 Y234.7000 E0.6800 ; infill step
G1 X263.3875 Y135.3000 E67.5920 ; infill
G1 X262.3875 Y135.3000 E0.6800 ; infill step
G1 X262.3875 Y234.7000 E67.5920 ; infill
G1 X261.3875 Y234.7000 E0.6800 ; infill step
G1 X261.3875 Y135.3000 E67.5920 ; infill
G1 X260.3875 Y135.3000 E0.6800 ; infill step
G1 X260.3875 Y234.7000 E67.5920 ; infill
G1 X259.3875 Y234.7000 E0.6800 ; infill step
G1 X259.3875 Y135.3000 E67.5920 ; infill
G1 X258.3875 Y135.3000 E0.6800 ; infill step
G1 X258.3875 Y234.7000 E67.5920 ; infill
G1 X257.3875 Y234.7000 E0.6800 ; infill step
G1 X257.3875 Y135.3000 E67.5920 ; infill
G1 X256.3875 Y135.3000 E0.6800 ; infill step
G1 X256.3875 Y234.7000 E67.5920 ; infill
G1 X255.3875 Y234.7000 E0.6800 ; infill step
G1 X255.3875 Y135.3000 E67.5920 ; infill
G1 X254.3875 Y135.3000 E0.6800 ; infill step
G1 X254.3875 Y234.7000 E67.5920 ; infill
G1 X253.3875 Y234.7000 E0.6800 ; infill step
G1 X253.3875 Y135.3000 E67.5920 ; infill
G1 X252.3875 Y135.3000 E0.6800 ; infill step
G1 X252.3875 Y234.7000 E67.5920 ; infill
G1 X251.3875 Y234.7000 E0.6800 ; infill step
G1 X251.3875 Y135.3000 E67.5920 ; infill
G1 X250.3875 Y135.3000 E0.6800 ; infill step
G1 X250.3875 Y234.7000 E67.5920 ; infill
G1 X249.3875 Y234.7000 E0.6800 ; infill step
G1 X249.3875 Y135.3000 E67.5920 ; infill
G1 X248.3875 Y135.3000 E0.6800 ; infill step
G1 X248.3875 Y234.7000 E67.5920 ; infill
G1 X247.3875 Y234.7000 E0.6800 ; infill step
G1 X247.3875 Y135.3000 E67.5920 ; infill
G1 X246.3875 Y135.3000 E0.6800 ; infill step
G1 X246.3875 Y234.7000 E67.5920 ; infill
G1 X245.3875 Y234.7000 E0.6800 ; infill step
G1 X245.3875 Y135.3000 E67.5920 ; infill
G1 X244.3875 Y135.3000 E0.6800 ; infill step
G1 X244.3875 Y234.7000 E67.5920 ; infill
G1 X243.3875 Y234.7000 E0.6800 ; infill step
G1 X243.3875 Y135.3000 E67.5920 ; infill
G1 X242.3875 Y135.3000 E0.6800 ; infill step
G1 X242.3875 Y234.7000 E67.5920 ; infill
G1 X241.3875 Y234.7000 E0.6800 ; infill step
G1 X241.3875 Y135.3000 E67.5920 ; infill
G1 X240.3875 Y135.3000 E0.6800 ; infill step
G1 X240.3875 Y234.7000 E67.5920 ; infill
;------------------------
; - END OF POLYMER STRETCH #4 -
;------------------------
;- START OF POLYMER STRETCH INITIALIZATION -
G10
G0 Z0.3000 F5500
G0 X191.3875 Y234.7000
G0 Z0.3000
G1 F3600
G11
;- END OF POLYMER STRETCH INITIALIZATION -
;------------------------
; - START OF POLYMER STRETCH #5 (Infill) -
;------------------------
G1 X191.3875 Y135.3000 E67.5920 ; infill
G1 X192.3875 Y135.3000 E0.6800 ; infill step
G1 X192.3875 Y234.7000 E67.5920 ; infill
G1 X193.3875 Y234.7000 E0.6800 ; infill step
G1 X193.3875 Y135.3000 E67.5920 ; infill
G1 X194.3875 Y135.3000 E0.6800 ; infill step
G1 X194.3875 Y234.7000 E67.5920 ; infill
G1 X195.3875 Y234.7000 E0.6800 ; infill step
G1 X195.3875 Y135.3000 E67.5920 ; infill
G1 X196.3875 Y135.3000 E0.6800 ; infill step
G1 X196.3875 Y234.7000 E67.5920 ; infill
G1 X197.3875 Y234.7000 E0.6800 ; infill step
G1 X197.3875 Y135.3000 E67.5920 ; infill
G1 X198.3875 Y135.3000 E0.6800 ; infill step
G1 X198.3875 Y234.7000 E67.5920 ; infill
G1 X199.3875 Y234.7000 E0.6800 ; infill step
G1 X199.3875 Y135.3000 E67.5920 ; infill
G1 X200.3875 Y135.3000 E0.6800 ; infill step
G1 X200.3875 Y234.7000 E67.5920 ; infill
G1 X201.3875 Y234.7000 E0.6800 ; infill step
G1 X201.3875 Y135.3000 E67.5920 ; infill
G1 X202.3875 Y135.3000 E0.6800 ; infill step
G1 X202.3875 Y234.7000 E67.5920 ; infill
G1 X203.3875 Y234.7000 E0.6800 ; infill step
G1 X203.3875 Y135.3000 E67.5920 ; infill
G1 X204.3875 Y135.3000 E0.6800 ; infill step
G1 X204.3875 Y234.7000 E67.5920 ; infill
G1 X205.3875 Y234.7000 E0.6800 ; infill step
G1 X205.3875 Y135.3000 E67.5920 ; infill
G1 X206.3875 Y135.3000 E0.6800 ; infill step
G1 X206.3875 Y234.7000 E67.5920 ; infill
G1 X207.3875 Y234.7000 E0.6800 ; infill step
G1 X207.3875 Y135.3000 E67.5920 ; infill
G1 X208.3875 Y135.3000 E0.6800 ; infill step
G1 X208.3875 Y234.7000 E67.5920 ; infill
G1 X209.3875 Y234.7000 E0.6800 ; infill step
G1 X209.3875 Y135.3000 E67.5920 ; infill
G1 X210.3875 Y135.3000 E0.6800 ; infill step
G1 X210.3875 Y234.7000 E67.5920 ; infill
G1 X211.3875 Y234.7000 E0.6800 ; infill step
G1 X211.3875 Y135.3000 E67.5920 ; infill
G1 X212.3875 Y135.3000 E0.6800 ; infill step
G1 X212.3875 Y234.7000 E67.5920 ; infill
G1 X213.3875 Y234.7000 E0.6800 ; infill step
G1 X213.3875 Y135.3000 E67.5920 ; infill
G1 X214.3875 Y135.3000 E0.6800 ; infill step
G1 X214.3875 Y234.7000 E67.5920 ; infill
G1 X215.3875 Y234.7000 E0.6800 ; infill step
G1 X215.3875 Y135.3000 E67.5920 ; infill
G1 X216.3875 Y135.3000 E0.6800 ; infill step
G1 X216.3875 Y234.7000 E67.5920 ; infill
G1 X217.3875 Y234.7000 E0.6800 ; infill step
G1 X217.3875 Y135.3000 E67.5920 ; infill
G1 X218.3875 Y135.3000 E0.6800 ; infill step
G1 X218.3875 Y234.7000 E67.5920 ; infill
G1 X219.3875 Y234.7000 E0.6800 ; infill step
G1 X219.3875 Y135.3000 E67.5920 ; infill
G1 X220.3875 Y135.3000 E0.6800 ; infill step
G1 X220.3875 Y234.7000 E67.5920 ; infill
G1 X221.3875 Y234.7000 E0.6800 ; infill step
G1 X221.3875 Y135.3000 E67.5920 ; infill
G1 X222.3875 Y135.3000 E0.6800 ; infill step
G1 X222.3875 Y234.7000 E67.5920 ; infill
G1 X223.3875 Y234.7000 E0.6800 ; infill step
G1 X223.3875 Y135.3000 E67.5920 ; infill
G1 X224.3875 Y135.3000 E0.6800 ; infill step
G1 X224.3875 Y234.7000 E67.5920 ; infill
G1 X225.3875 Y234.7000 E0.6800 ; infill step
G1 X225.3875 Y135.3000 E67.5920 ; infill
G1 X226.3875 Y135.3000 E0.6800 ; infill step
G1 X226.3875 Y234.7000 E67.5920 ; infill
G1 X227.3875 Y234.7000 E0.6800 ; infill step
G1 X227.3875 Y135.3000 E67.5920 ; infill
G1 X228.3875 Y135.3000 E0.6800 ; infill step
G1 X228.3875 Y234.7000 E67.5920 ; infill
G1 X229.3875 Y234.7000 E0.6800 ; infill step
G1 X229.3875 Y135.3000 E67.5920 ; infill
G1 X230.3875 Y135.3000 E0.6800 ; infill step
G1 X230.3875 Y234.7000 E67.5920 ; infill
G1 X231.3875 Y234.7000 E0.6800 ; infill step
G1 X231.3875 Y135.3000 E67.5920 ; infill
G1 X232.3875 Y135.3000 E0.6800 ; infill step
G1 X232.3875 Y234.7000 E67.5920 ; infill
G1 X233.3875 Y234.7000 E0.6800 ; infill step
G1 X233.3875 Y135.3000 E67.5920 ; infill
G1 X234.3875 Y135.3000 E0.6800 ; infill step
G1 X234.3875 Y234.7000 E67.5920 ; infill
G1 X235.3875 Y234.7000 E0.6800 ; infill step
G1 X235.3875 Y135.3000 E67.5920 ; infill
G1 X236.3875 Y135.3000 E0.6800 ; infill step
G1 X236.3875 Y234.7000 E67.5920 ; infill
G1 X237.3875 Y234.7000 E0.6800 ; infill step
G1 X237.3875 Y135.3000 E67.5920 ; infill
G1 X238.3875 Y135.3000 E0.6800 ; infill step
G1 X238.3875 Y234.7000 E67.5920 ; infill
G1 X239.3875 Y234.7000 E0.6800 ; infill step
G1 X239.3875 Y135.3000 E67.5920 ; infill
;------------------------
; - END OF POLYMER STRETCH #5 -
;------------------------
;- START OF POLYMER STRETCH INITIALIZATION -
G10
G0 Z0.3000 F5500
G0 X190.3875 Y135.3000
G0 Z0.3000
G1 F3600
G11
;- END OF POLYMER STRETCH INITIALIZATION -
;------------------------
; - START OF POLYMER STRETCH #6 (Infill) -
;------------------------
G1 X190.3875 Y234.7000 E67.5920 ; infill
G1 X189.3875 Y234.7000 E0.6800 ; infill step
G1 X189.3875 Y135.3000 E67.5920 ; infill
G1 X188.3875 Y135.3000 E0.6800 ; infill step
G1 X188.3875 Y234.7000 E67.5920 ; infill
G1 X187.3875 Y234.7000 E0.6800 ; infill step
G1 X187.3875 Y135.3000 E67.5920 ; infill
G1 X186.3875 Y135.3000 E0.6800 ; infill step
G1 X186.3875 Y234.7000 E67.5920 ; infill
G1 X185.3875 Y234.7000 E0.6800 ; infill step
G1 X185.3875 Y135.3000 E67.5920 ; infill
G1 X184.3875 Y135.3000 E0.6800 ; infill step
G1 X184.3875 Y234.7000 E67.5920 ; infill
G1 X177.3875 Y234.7000 E4.7600 ; infill step
G1 X177.3875 Y135.3000 E67.5920 ; infill
G1 X178.3875 Y135.3000 E0.6800 ; infill step
G1 X178.3875 Y234.7000 E67.5920 ; infill
G1 X179.3875 Y234.7000 E0.6800 ; infill step
G1 X179.3875 Y135.3000 E67.5920 ; infill
G1 X180.3875 Y135.3000 E0.6800 ; infill step
G1 X180.3875 Y234.7000 E67.5920 ; infill
G1 X181.3875 Y234.7000 E0.6800 ; infill step
G1 X181.3875 Y135.3000 E67.5920 ; infill
G1 X182.3875 Y135.3000 E0.6800 ; infill step
G1 X182.3875 Y234.7000 E67.5920 ; infill
G1 X183.3875 Y234.7000 E0.6800 ; infill step
G1 X183.3875 Y135.3000 E67.5920 ; infill
G1 X176.3875 Y135.3000 E4.7600 ; infill step
G1 X176.3875 Y234.7000 E67.5920 ; infill
G1 X175.3875 Y234.7000 E0.6800 ; infill step
G1 X175.3875 Y135.3000 E67.5920 ; infill
;------------------------
; - END OF POLYMER STRETCH #6 -
;------------------------
;========================
; - END OF ZCHUNK #3, range=[0.30, 0.30] -
;========================
;========================
; - START OF ZCHUNK #4, range=[0.30, 0.30] -
;========================
G0 Z0.3000 ; to next layer transition
;- START OF Fiber STRETCH INITIALIZATION -
G10 S1
; nozzle change gcode for switching from the polymer nozzle(T1) to the fiber guide (T0)
M104 S50 T1 ; cool down polymer nozzle
G10
G91 ; use relative coordinates
G0 Z3.0000 F5500
G90 ; use absolute coordinates
M83 ; extruder relative mode

T0 ; change to fiber guide
SET_STATE_TARGET STATE=buffer TARGET=0.3
; end of T0 for Shoed-Red-Series
;- END OF Fiber STRETCH INITIALIZATION -
;------------------------
; - START OF Fiber STRETCH #7 -
;------------------------
USE_ABSOLUTE_ROTARY_POSITION
G0 X311.9233 Y127.8706 Z3.3000 W160.6341 F5500 ;move to anchoring start
USE_RELATIVE_ROTARY_POSITION
G0 E23.5000 F600
G1 X291.6398 Y135.0000 Z0.3000 F600
G4 P600 ;anchoring dwell
G1 X290.4928 Y135.4032 Z0.3000 E1.2036 W4.2779 F600
G1 X288.6180 Y135.6982 Z0.3000 E1.8789 W0.8690 F600
G1 X281.2860 Y135.9167 Z0.3000 E7.2619 W-1.7021 F600
G1 X279.6676 Y136.1202 Z0.3000 E1.6148 W-6.0832 F600
G1 X278.9425 Y136.4358 Z0.3000 E0.7829 W-1.5221 F600
G1 X278.7469 Y136.6484 Z0.3000 E0.2860 W-23.8487 F600
G1 X278.6803 Y136.8780 Z0.3000 E0.2367 W-26.4417 F600
G1 W-32.6989 ;in place turn
G1 X278.7466 Y137.1016 Z0.3000 W0.0000 E0.2309 F600
G1 X278.9415 Y137.2964 Z0.3000 E0.2728 W-28.4940 F600
G1 X279.2524 Y137.4462 Z0.3000 E0.3417 W-19.2702 F600
G1 X280.1409 Y137.5974 Z0.3000 E0.8922 W-16.0596 F600
G1 X282.3352 Y137.5571 Z0.3000 E2.1727 W-2.5840 F600
G1 X289.3080 Y137.1323 Z0.3000 E6.9158 W-6.8785 F600
G1 X290.9791 Y136.8914 Z0.3000 E1.6715 W-4.0311 F600
G1 X294.0406 Y136.2504 Z0.3000 E3.0967 W-1.7399 F600
G1 X296.2901 Y135.9807 Z0.3000 E2.2429 W-0.0135 F600
G1 X301.2169 Y135.7580 Z0.3000 E4.8825 W1.2050 F600
G1 X304.9833 Y135.4402 Z0.3000 E3.7420 W2.2193 F600
G1 X307.0790 Y135.3494 Z0.3000 E2.0767 W3.5600 F600
G1 X308.9003 Y135.3858 Z0.3000 E1.8035 W-0.2524 F600
G1 X309.4676 Y135.4511 Z0.3000 E0.5653 W5.4160 F600
G1 X309.7448 Y135.5363 Z0.3000 E0.2871 W10.5322 F600
G1 W70.4673 ;in place turn
G1 X309.7489 Y135.6312 Z0.3000 W0.0000 E0.0940 F600
G1 W74.4204 ;in place turn
G1 X309.1610 Y135.8224 Z0.3000 W0.0000 E0.6120 F600
G1 X304.1044 Y136.9070 Z0.3000 E5.1199 W5.9120 F600
G1 X302.4502 Y137.1786 Z0.3000 E1.6596 W2.7844 F600
G1 X295.6653 Y137.8171 Z0.3000 E6.7467 W3.9461 F600
G1 X288.5243 Y138.7893 Z0.3000 E7.1348 W-3.7848 F600
G1 X282.5550 Y139.1994 Z0.3000 E5.9236 W-1.2230 F600
G1 X280.9181 Y139.3759 Z0.3000 E1.6300 W-4.0791 F600
G1 X280.0606 Y139.5975 Z0.3000 E0.8768 W-7.4534 F600
G1 X279.7449 Y139.7579 Z0.3000 E0.3506 W-5.0110 F600
G1 X279.5289 Y139.9494 Z0.3000 E0.2857 W-14.6396 F600
G1 X279.4304 Y140.1601 Z0.3000 E0.2303 W-23.3560 F600
G1 W-33.4526 ;in place turn
G1 X279.4614 Y140.3707 Z0.3000 W0.0000 E0.2108 F600
G1 W-32.4888 ;in place turn
G1 X279.6250 Y140.5598 Z0.3000 W0.0000 E0.2476 F600
G1 X279.9135 Y140.7101 Z0.3000 E0.3220 W-21.6161 F600
G1 X280.3092 Y140.8128 Z0.3000 E0.4048 W-12.9741 F600
G1 X281.3269 Y140.8861 Z0.3000 E1.0101 W-10.4246 F600
G1 X283.6652 Y140.7688 Z0.3000 E2.3177 W-1.0759 F600
G1 X289.3375 Y140.2771 Z0.3000 E5.6367 W-4.8658 F600
G1 X296.5752 Y139.3947 Z0.3000 E7.2183 W-3.1916 F600
G1 X302.2867 Y138.8158 Z0.3000 E5.6834 W-2.2183 F600
G1 X304.9492 Y138.3920 Z0.3000 E2.6691 W-1.6181 F600
G1 X310.1448 Y137.3349 Z0.3000 E5.2490 W-0.8971 F600
G1 X315.0955 Y135.9594 Z0.3000 E5.0869 W0.3517 F600
G1 X316.9501 Y135.5579 Z0.3000 E1.8785 W2.2624 F600
G1 X318.5223 Y135.3644 Z0.3000 E1.5683 W4.8395 F600
G1 X320.0866 Y135.3170 Z0.3000 E1.5493 W0.5549 F600
G1 X321.0605 Y135.4382 Z0.3000 E0.9716 W8.8354 F600
G1 X321.2067 Y135.5453 Z0.3000 E0.1794 W29.1176 F600
G1 W83.2762 ;in place turn
G1 X321.1364 Y135.6695 Z0.3000 W0.0000 E0.1413 F600
G1 W36.1707 ;in place turn
G1 X320.5373 Y135.9405 Z0.3000 W0.0000 E0.6510 F600
G1 X316.8479 Y137.1574 Z0.3000 E3.8460 W6.0828 F600
G1 X312.9958 Y138.3068 Z0.3000 E3.9798 W1.6410 F600
G1 X309.4726 Y139.1611 Z0.3000 E3.5890 W2.9843 F600
G1 X305.2899 Y139.9730 Z0.3000 E4.2181 W1.6718 F600
G1 X300.3627 Y140.6537 Z0.3000 E4.9242 W1.8748 F600
G1 X289.1057 Y141.8974 Z0.3000 E11.2122 W0.4177 F600
G1 X282.7538 Y142.4656 Z0.3000 E6.3135 W-1.6348 F600
G1 X280.7082 Y142.7320 Z0.3000 E2.0422 W-4.4429 F600
G1 X279.9026 Y142.9570 Z0.3000 E0.8281 W-8.0232 F600
G1 X279.6255 Y143.1089 Z0.3000 E0.3129 W-4.9710 F600
G1 X279.4541 Y143.2865 Z0.3000 E0.2443 W-17.2804 F600
G1 X279.3925 Y143.4812 Z0.3000 E0.2022 W-26.4284 F600
G1 W-43.2939 ;in place turn
G1 X279.5745 Y143.8586 Z0.3000 W0.0000 E0.4149 F600
G1 W-30.9359 ;in place turn
G1 X279.7992 Y144.0064 Z0.3000 W0.0000 E0.2662 F600
G1 X280.1027 Y144.1108 Z0.3000 E0.3177 W-14.3422 F600
G1 X280.9217 Y144.1887 Z0.3000 E0.8144 W-13.5424 F600
G1 X285.4537 Y143.8447 Z0.3000 E4.4997 W-9.7806 F600
G1 X297.3298 Y142.6075 Z0.3000 E11.8209 W2.1429 F600
G1 X302.9209 Y141.9627 Z0.3000 E5.5719 W-3.8918 F600
G1 X306.6864 Y141.3706 Z0.3000 E3.7737 W-2.7539 F600
G1 X310.3332 Y140.6442 Z0.3000 E3.6813 W-2.1351 F600
G1 X313.3467 Y139.9101 Z0.3000 E3.0705 W-1.6144 F600
G1 X316.2654 Y139.0768 Z0.3000 E3.0050 W-0.8745 F600
G1 X324.3667 Y136.5518 Z0.3000 E8.4008 W0.1586 F600
G1 X325.8618 Y136.1629 Z0.3000 E1.5294 W1.3216 F600
G1 X327.5694 Y135.8476 Z0.3000 E1.7191 W2.3512 F600
G1 X329.9951 Y135.5524 Z0.3000 E2.4192 W3.0818 F600
G1 X333.7864 Y135.3490 Z0.3000 E3.7587 W3.6093 F600
G1 X336.2359 Y135.3651 Z0.3000 E2.4251 W3.3202 F600
G1 X337.0623 Y135.4193 Z0.3000 E0.8199 W3.3807 F600
G1 X337.6736 Y135.5713 Z0.3000 E0.6236 W10.2050 F600
G1 W148.9545 ;in place turn
G1 X337.1965 Y135.7179 Z0.3000 W0.0000 E0.4942 F600
G1 X333.3339 Y136.1620 Z0.3000 E3.8491 W10.5264 F600
G1 X331.7952 Y136.4843 Z0.3000 E1.5563 W-5.2738 F600
G1 X324.2925 Y138.3520 Z0.3000 E7.6544 W-2.1464 F600
G1 X313.6958 Y141.5083 Z0.3000 E10.9462 W0.7750 F600
G1 X310.6741 Y142.2383 Z0.3000 E3.0776 W0.7180 F600
G1 X308.0771 Y142.7666 Z0.3000 E2.6236 W0.9710 F600
G1 X304.8772 Y143.3081 Z0.3000 E3.2130 W0.8249 F600
G1 X301.0364 Y143.8235 Z0.3000 E3.8365 W-0.1216 F600
G1 X284.0060 Y145.5885 Z0.3000 E16.9505 W-2.0786 F600
G1 X281.9436 Y145.8989 Z0.3000 E2.0647 W-5.1253 F600
G1 X281.1008 Y146.1781 Z0.3000 E0.8790 W-0.3122 F600
G1 X280.7963 Y146.3625 Z0.3000 E0.3525 W-12.8730 F600
G1 X280.5127 Y146.7804 Z0.3000 E0.4999 W-24.6350 F600
G1 W-43.9289 ;in place turn
G1 X280.5467 Y146.9780 Z0.3000 W0.0000 E0.1986 F600
G1 W-31.7940 ;in place turn
G1 X280.6928 Y147.1428 Z0.3000 W0.0000 E0.2180 F600
G1 X280.9397 Y147.2622 Z0.3000 E0.2715 W-22.6370 F600
G1 X281.6804 Y147.3587 Z0.3000 E0.7395 W-18.3763 F600
G1 X284.3687 Y147.1623 Z0.3000 E2.6685 W-11.6067 F600
G1 X298.5708 Y145.7243 Z0.3000 E14.1320 W2.9977 F600
G1 X303.5807 Y145.1254 Z0.3000 E4.9951 W-4.4938 F600
G1 X307.8931 Y144.4517 Z0.3000 E4.3211 W-2.9807 F600
G1 X311.0190 Y143.8311 Z0.3000 E3.1551 W-2.1207 F600
G1 X314.5392 Y142.9749 Z0.3000 E3.5866 W-1.4503 F600
G1 X324.1698 Y140.1060 Z0.3000 E9.9483 W-0.6865 F600
G1 X328.1439 Y139.0829 Z0.3000 E4.0626 W0.1612 F600
G1 X332.7489 Y138.0580 Z0.3000 E4.6706 W0.9362 F600
G1 X338.6681 Y137.1165 Z0.3000 E5.9336 W1.5764 F600
G1 X343.3136 Y136.1432 Z0.3000 E4.6989 W2.2174 F600
G1 X348.2489 Y135.6422 Z0.3000 E4.9110 W3.0987 F600
G1 X350.9334 Y135.4496 Z0.3000 E2.6645 W4.4916 F600
G1 X353.5891 Y135.4668 Z0.3000 E2.6292 W0.8034 F600
G1 X354.0823 Y135.5337 Z0.3000 E0.4927 W7.3477 F600
G1 X354.2984 Y135.6199 Z0.3000 E0.2304 W14.0094 F600
G1 W90.9019 ;in place turn
G1 X354.2581 Y135.7165 Z0.3000 W0.0000 E0.1037 F600
G1 W53.4998 ;in place turn
G1 X348.6533 Y137.1004 Z0.3000 W0.0000 E5.7155 F600
G1 X334.7060 Y139.3976 Z0.3000 E13.9938 W4.5159 F600
G1 X330.0165 Y140.3302 Z0.3000 E4.7336 W-1.8949 F600
G1 X325.0114 Y141.5734 Z0.3000 E5.1056 W-2.7007 F600
G1 X314.8855 Y144.5726 Z0.3000 E10.4552 W0.4621 F600
G1 X311.8727 Y145.3110 Z0.3000 E3.0709 W0.8755 F600
G1 X309.2839 Y145.8464 Z0.3000 E2.6172 W1.0245 F600
G1 X306.0905 Y146.3944 Z0.3000 E3.2076 W0.8613 F600
G1 X301.7050 Y146.9902 Z0.3000 E4.3815 W-0.1305 F600
G1 X285.7588 Y148.6170 Z0.3000 E15.8687 W-2.2784 F600
G1 X283.6431 Y148.8953 Z0.3000 E2.1126 W-5.7405 F600
G1 X282.3345 Y149.2837 Z0.3000 E1.3514 W2.3448 F600
G1 X281.8306 Y149.6782 Z0.3000 E0.6335 W-21.5280 F600
G1 X281.7405 Y149.8896 Z0.3000 E0.2275 W-28.8561 F600
G1 W-30.3767 ;in place turn
G1 X281.7655 Y150.0849 Z0.3000 W0.0000 E0.1949 F600
G1 W-33.0629 ;in place turn
G1 X281.9019 Y150.2455 Z0.3000 W0.0000 E0.2087 F600
G1 X282.1414 Y150.3596 Z0.3000 E0.2626 W-24.1658 F600
G1 X282.8813 Y150.4454 Z0.3000 E0.7375 W-18.8646 F600
G1 X285.0084 Y150.2954 Z0.3000 E2.1111 W-10.6503 F600
G1 X299.7972 Y148.8295 Z0.3000 E14.7126 W2.7675 F600
G1 X304.7981 Y148.2186 Z0.3000 E4.9877 W-4.4911 F600
G1 X309.1025 Y147.5353 Z0.3000 E4.3147 W-2.9582 F600
G1 X312.2184 Y146.9048 Z0.3000 E3.1472 W-2.0664 F600
G1 X315.2303 Y146.1693 Z0.3000 E3.0695 W-1.3707 F600
G1 X325.3581 Y143.1702 Z0.3000 E10.4568 W-0.6637 F600
G1 X330.8762 Y141.8139 Z0.3000 E5.6255 W-0.0594 F600
G1 X335.0635 Y141.0010 Z0.3000 E4.2228 W0.2302 F600
G1 X349.5332 Y138.5945 Z0.3000 E14.5218 W0.2448 F600
G1 X355.1249 Y137.3117 Z0.3000 E5.6796 W0.3830 F600
G1 X359.0124 Y136.1437 Z0.3000 E4.0186 W1.1207 F600
G1 X360.7590 Y135.7306 Z0.3000 E1.7769 W2.6524 F600
G1 X362.1424 Y135.5454 Z0.3000 E1.3817 W4.9001 F600
G1 X363.4113 Y135.5163 Z0.3000 E1.2565 W2.0311 F600
G1 X363.8500 Y135.5716 Z0.3000 E0.4378 W8.4938 F600
G1 X364.0964 Y135.6680 Z0.3000 E0.2619 W14.1882 F600
G1 W48.8234 ;in place turn
G1 X364.1425 Y135.7961 Z0.3000 W0.0000 E0.1348 F600
G1 W60.8960 ;in place turn
G1 X364.0120 Y135.9458 Z0.3000 W0.0000 E0.1966 F600
G1 X363.3939 Y136.2787 Z0.3000 E0.6950 W20.6036 F600
G1 X360.7469 Y137.3072 Z0.3000 E2.8114 W7.0764 F600
G1 X357.4356 Y138.3745 Z0.3000 E3.4442 W3.3668 F600
G1 X354.4840 Y139.1713 Z0.3000 E3.0267 W0.7362 F600
G1 X348.3053 Y140.4963 Z0.3000 E6.2560 W2.7381 F600
G1 X336.4658 Y142.4093 Z0.3000 E11.8731 W1.3403 F600
G1 X330.7073 Y143.5170 Z0.3000 E5.8054 W0.3798 F600
G1 X325.7000 Y144.7618 Z0.3000 E5.1081 W-0.0204 F600
G1 X316.0695 Y147.6317 Z0.3000 E9.9485 W0.1847 F600
G1 X311.0168 Y148.8290 Z0.3000 E5.1407 W0.7296 F600
G1 X307.3099 Y149.4871 Z0.3000 E3.7273 W1.1150 F600
G1 X302.9284 Y150.0906 Z0.3000 E4.3786 W0.8671 F600
G1 X296.7482 Y150.7631 Z0.3000 E6.1546 W-0.2990 F600
G1 X286.3837 Y151.7451 Z0.3000 E10.3068 W-2.4781 F600
G1 X284.3524 Y152.0528 Z0.3000 E2.0339 W-5.6459 F600
G1 X283.5977 Y152.3187 Z0.3000 E0.7921 W-1.1895 F600
G1 X283.3526 Y152.4885 Z0.3000 E0.2952 W-15.3132 F600
G1 X283.2277 Y152.6744 Z0.3000 E0.2217 W-21.3860 F600
G1 W-37.2287 ;in place turn
G1 X283.2387 Y152.8625 Z0.3000 W0.0000 E0.1865 F600
G1 W-37.5491 ;in place turn
G1 X283.3891 Y153.0362 Z0.3000 W0.0000 E0.2274 F600
G1 X283.6696 Y153.1802 Z0.3000 E0.3122 W-21.9475 F600
G1 X284.0609 Y153.2845 Z0.3000 E0.4008 W-12.2339 F600
G1 X285.0711 Y153.3699 Z0.3000 E1.0037 W-10.1015 F600
G1 X287.3647 Y153.2461 Z0.3000 E2.2739 W-2.2044 F600
G1 X301.0204 Y151.9336 Z0.3000 E13.5814 W-5.3851 F600
G1 X306.5608 Y151.2427 Z0.3000 E5.5274 W-3.8253 F600
G1 X311.3634 Y150.4282 Z0.3000 E4.8225 W-2.7655 F600
G1 X315.9226 Y149.3585 Z0.3000 E4.6362 W-1.8958 F600
G1 X326.0374 Y146.3482 Z0.3000 E10.4477 W-1.0268 F600
G1 X331.0407 Y145.1049 Z0.3000 E5.1039 W-0.2760 F600
G1 X336.8116 Y143.9927 Z0.3000 E5.8183 W0.0537 F600
G1 X348.6745 Y142.1106 Z0.3000 E11.8911 W-0.1806 F600
G1 X353.8382 Y141.0260 Z0.3000 E5.2236 W-0.7509 F600
G1 X357.3058 Y140.1199 Z0.3000 E3.5482 W-1.1721 F600
G1 X360.6414 Y139.0787 Z0.3000 E3.4594 W-0.9843 F600
G1 X363.4036 Y138.0883 Z0.3000 E2.9050 W0.0386 F600
G1 X368.9318 Y135.9236 Z0.3000 E5.8776 W1.8408 F600
G1 X370.1742 Y135.6304 Z0.3000 E1.2637 W4.2409 F600
G1 X371.5102 Y135.4731 Z0.3000 E1.3317 W2.7456 F600
G1 X372.0871 Y135.4669 Z0.3000 E0.5712 W6.1012 F600
G1 X372.7644 Y135.6012 Z0.3000 E0.6835 W11.8295 F600
G1 W57.3596 ;in place turn
G1 X372.8136 Y135.7266 Z0.3000 W0.0000 E0.1334 F600
G1 W61.0174 ;in place turn
G1 X372.6889 Y135.8774 Z0.3000 W0.0000 E0.1937 F600
G1 X371.6940 Y136.4066 Z0.3000 E1.1156 W22.3982 F600
G1 X367.3494 Y138.2877 Z0.3000 E4.6871 W4.5973 F600
G1 X363.3060 Y139.8699 Z0.3000 E4.2985 W2.0422 F600
G1 X358.1487 Y141.5844 Z0.3000 E5.3804 W2.2648 F600
G1 X352.6831 Y142.9959 Z0.3000 E5.5885 W3.2500 F600
G1 X347.4509 Y144.0161 Z0.3000 E5.2775 W2.1075 F600
G1 X336.5989 Y145.6617 Z0.3000 E10.8663 W1.0382 F600
G1 X331.3740 Y146.6868 Z0.3000 E5.2712 W0.1510 F600
G1 X325.8786 Y148.0665 Z0.3000 E5.6093 W-0.2589 F600
G1 X315.7778 Y151.0892 Z0.3000 E10.4380 W-0.0736 F600
G1 X313.2693 Y151.7083 Z0.3000 E2.5580 W0.4544 F600
G1 X310.6670 Y152.2338 Z0.3000 E2.6283 W0.8064 F600
G1 X307.4457 Y152.7580 Z0.3000 E3.2311 W0.4220 F600
G1 X303.0398 Y153.3288 Z0.3000 E4.3983 W-1.1467 F600
G1 X286.4729 Y154.9340 Z0.3000 E16.4781 W6.8204 F600
G1 X285.1308 Y155.1964 Z0.3000 E1.3538 W-5.5276 F600
G1 X284.6111 Y155.4716 Z0.3000 E0.5822 W-16.8425 F600
G1 W-33.0398 ;in place turn
G1 X284.5184 Y155.6385 Z0.3000 W0.0000 E0.1889 F600
G1 W-40.1789 ;in place turn
G1 X284.5529 Y155.8141 Z0.3000 W0.0000 E0.1772 F600
G1 W-32.2451 ;in place turn
G1 X284.7148 Y155.9855 Z0.3000 W0.0000 E0.2334 F600
G1 X285.3743 Y156.2612 Z0.3000 E0.7076 W-23.9433 F600
G1 X286.3462 Y156.3936 Z0.3000 E0.9711 W-14.9262 F600
G1 X288.0121 Y156.3635 Z0.3000 E1.6495 W-8.7996 F600
G1 X302.2501 Y155.0423 Z0.3000 E14.1562 W0.0664 F600
G1 X307.8010 Y154.3591 Z0.3000 E5.5369 W-4.7899 F600
G1 X312.0888 Y153.6510 Z0.3000 E4.3024 W-3.3392 F600
G1 X315.6476 Y152.8339 Z0.3000 E3.6149 W-2.2865 F600
G1 X325.2248 Y149.9115 Z0.3000 E9.9129 W-1.2906 F600
G1 X328.6712 Y148.9830 Z0.3000 E3.5336 W-0.2906 F600
G1 X331.7027 Y148.2645 Z0.3000 E3.0844 W0.4926 F600
G1 X337.9941 Y147.0502 Z0.3000 E6.3434 W0.7858 F600
G1 X346.2181 Y145.9109 Z0.3000 E8.2195 W0.5054 F600
G1 X348.9052 Y145.4711 Z0.3000 E2.6956 W-0.1729 F600
G1 X352.0341 Y144.8484 Z0.3000 E3.1583 W-0.9258 F600
G1 X355.5699 Y144.0076 Z0.3000 E3.5981 W-1.4314 F600
G1 X358.9877 Y143.0502 Z0.3000 E3.5138 W-1.4009 F600
G1 X362.7479 Y141.8101 Z0.3000 E3.9199 W-0.5094 F600
G1 X366.3784 Y140.4396 Z0.3000 E3.8417 W1.5991 F600
G1 X372.5278 Y137.9283 Z0.3000 E6.5760 W-8.1882 F600
G1 X373.3192 Y137.7518 Z0.3000 E0.8027 W9.6399 F600
G1 X373.9085 Y137.8379 Z0.3000 E0.5896 W20.8880 F600
G1 W35.6919 ;in place turn
G1 X374.0690 Y137.9930 Z0.3000 W0.0000 E0.2210 F600
G1 W33.6526 ;in place turn
G1 X374.1159 Y138.2071 Z0.3000 W0.0000 E0.2169 F600
G1 X374.0442 Y138.4569 Z0.3000 E0.2573 W28.3379 F600
G1 X373.8627 Y138.7184 Z0.3000 E0.3151 W18.7790 F600
G1 X373.2502 Y139.2116 Z0.3000 E0.7785 W16.3826 F600
G1 X372.0288 Y139.8375 Z0.3000 E1.3587 W3.3147 F600
G1 X368.9609 Y141.1494 Z0.3000 E3.3032 W7.2746 F600
G1 X364.9366 Y142.7474 Z0.3000 E4.2867 W4.8922 F600
G1 X361.2442 Y144.0571 Z0.3000 E3.8786 W3.4090 F600
G1 X357.8998 Y145.0877 Z0.3000 E3.4645 W2.6271 F600
G1 X353.9397 Y146.1284 Z0.3000 E4.0536 W2.2038 F600
G1 X350.8753 Y146.8133 Z0.3000 E3.1086 W1.7945 F600
G1 X347.7151 Y147.4007 Z0.3000 E3.1822 W1.1732 F600
G1 X338.2938 Y148.6092 Z0.3000 E9.4035 W0.3258 F600
G1 X332.5346 Y149.7241 Z0.3000 E5.8074 W-0.5121 F600
G1 X325.5300 Y151.4650 Z0.3000 E7.1455 W-0.9708 F600
G1 X321.6669 Y152.6061 Z0.3000 E3.9878 W-0.8043 F600
G1 X316.5219 Y154.3370 Z0.3000 E5.3741 W-0.0996 F600
G1 X314.5425 Y154.8561 Z0.3000 E2.0259 W0.7344 F600
G1 X312.4657 Y155.2839 Z0.3000 E2.0992 W1.1509 F600
G1 X309.2572 Y155.8090 Z0.3000 E3.2187 W0.6433 F600
G1 X304.2838 Y156.4441 Z0.3000 E4.9637 W-1.1723 F600
G1 X288.2500 Y157.9725 Z0.3000 E15.9453 W7.4119 F600
G1 X286.8728 Y158.2441 Z0.3000 E1.3898 W-5.7109 F600
G1 X286.3903 Y158.5369 Z0.3000 E0.5587 W-20.0922 F600
G1 W-38.2473 ;in place turn
G1 X286.3241 Y158.7139 Z0.3000 W0.0000 E0.1871 F600
G1 W-38.0419 ;in place turn
G1 X286.3824 Y158.8984 Z0.3000 W0.0000 E0.1915 F600
G1 X286.5616 Y159.0754 Z0.3000 E0.2494 W-27.8035 F600
G1 X287.2310 Y159.3495 Z0.3000 E0.7161 W-22.3947 F600
G1 X288.1796 Y159.4673 Z0.3000 E0.9463 W-15.1813 F600
G1 X289.7741 Y159.4159 Z0.3000 E1.5794 W-1.5480 F600
G1 X304.0319 Y158.0992 Z0.3000 E14.1753 W-6.9836 F600
G1 X309.6097 Y157.4279 Z0.3000 E5.5618 W-4.9703 F600
G1 X314.4581 Y156.6504 Z0.3000 E4.8612 W-3.7753 F600
G1 X317.4519 Y155.8952 Z0.3000 E3.0568 W-2.8772 F600
G1 X321.0179 Y154.4593 Z0.3000 E3.8058 W-1.8143 F600
G1 X323.3650 Y153.6785 Z0.3000 E2.4489 W-0.5377 F600
G1 X327.8086 Y152.4957 Z0.3000 E4.5523 W0.6363 F600
G1 X332.8524 Y151.2893 Z0.3000 E5.1342 W1.3859 F600
G1 X336.4644 Y150.5262 Z0.3000 E3.6549 W1.5990 F600
G1 X339.1167 Y150.0686 Z0.3000 E2.6646 W1.3031 F600
G1 X344.8918 Y149.5356 Z0.3000 E5.7416 W0.5813 F600
G1 X347.6053 Y149.1704 Z0.3000 E2.7106 W-0.3743 F600
G1 X351.7848 Y148.3500 Z0.3000 E4.2167 W-1.2560 F600
G1 X355.8132 Y147.3757 Z0.3000 E4.1031 W-1.7778 F600
G1 X359.2275 Y146.4148 Z0.3000 E3.5115 W-1.7647 F600
G1 X362.5363 Y145.3494 Z0.3000 E3.4413 W-1.0529 F600
G1 X366.6508 Y143.8377 Z0.3000 E4.3396 W0.6217 F600
G1 X372.3750 Y141.4893 Z0.3000 E6.1253 W3.5551 F600
G1 X373.1771 Y141.2336 Z0.3000 E0.8334 W-5.7168 F600
G1 X373.8120 Y141.2013 Z0.3000 E0.6294 W14.7732 F600
G1 X374.0156 Y141.3035 Z0.3000 E0.2256 W29.5684 F600
G1 W33.8128 ;in place turn
G1 X374.1175 Y141.4834 Z0.3000 W0.0000 E0.2047 F600
G1 W31.9135 ;in place turn
G1 X374.1076 Y141.7236 Z0.3000 W0.0000 E0.2379 F600
G1 X373.7670 Y142.2801 Z0.3000 E0.6459 W29.0816 F600
G1 X373.1116 Y142.8000 Z0.3000 E0.8282 W20.1056 F600
G1 X371.8754 Y143.4366 Z0.3000 E1.3766 W11.1825 F600
G1 X367.9076 Y145.0949 Z0.3000 E4.2574 W-0.9456 F600
G1 X364.2795 Y146.4688 Z0.3000 E3.8407 W5.3332 F600
G1 X360.5420 Y147.7283 Z0.3000 E3.9046 W3.6975 F600
G1 X357.1668 Y148.7286 Z0.3000 E3.4851 W2.9436 F600
G1 X351.6742 Y150.1137 Z0.3000 E5.6079 W2.6585 F600
G1 X346.4934 Y151.1634 Z0.3000 E5.2332 W2.3585 F600
G1 X344.2946 Y151.4002 Z0.3000 E2.1894 W1.6472 F600
G1 X340.0451 Y151.5520 Z0.3000 E4.2098 W0.4175 F600
G1 X337.2685 Y151.9563 Z0.3000 E2.7778 W-1.1377 F600
G1 X329.1190 Y153.8057 Z0.3000 E8.2732 W-2.8487 F600
G1 X324.5963 Y154.9089 Z0.3000 E4.6088 W-4.9360 F600
G1 X322.6698 Y155.4611 Z0.3000 E1.9840 W2.0642 F600
G1 X321.5521 Y155.9808 Z0.3000 E1.2203 W-8.9455 F600
G1 X321.2281 Y156.3499 Z0.3000 E0.4862 W-23.7762 F600
G1 W-46.5607 ;in place turn
G1 X321.2430 Y156.5112 Z0.3000 W0.0000 E0.1604 F600
G1 W-41.2982 ;in place turn
G1 X321.3792 Y156.6401 Z0.3000 W0.0000 E0.1857 F600
G1 W-30.8125 ;in place turn
G1 X321.9613 Y156.7704 Z0.3000 W0.0000 E0.5905 F600
G1 X323.3010 Y156.6714 Z0.3000 E1.3300 W-16.8400 F600
G1 X326.8811 Y155.9446 Z0.3000 E3.6166 W-7.2489 F600
G1 X338.0334 Y153.3625 Z0.3000 E11.3328 W-1.5602 F600
G1 X339.5371 Y153.1180 Z0.3000 E1.5083 W3.8019 F600
G1 X340.4336 Y153.0921 Z0.3000 E0.8878 W7.5794 F600
G1 X341.0532 Y153.2354 Z0.3000 E0.6296 W14.6780 F600
G1 W30.2453 ;in place turn
G1 X341.1948 Y153.3687 Z0.3000 W0.0000 E0.1925 F600
G1 W43.2272 ;in place turn
G1 X341.2048 Y153.5316 Z0.3000 W0.0000 E0.1616 F600
G1 W47.4518 ;in place turn
G1 X340.8527 Y153.8969 Z0.3000 W0.0000 E0.5022 F600
G1 X340.1388 Y154.2484 Z0.3000 E0.7879 W19.8360 F600
G1 X338.2736 Y154.8348 Z0.3000 E1.9356 W8.7635 F600
G1 X333.2819 Y156.0959 Z0.3000 E5.0971 W3.2746 F600
G1 X327.1635 Y157.4750 Z0.3000 E6.2092 W1.1402 F600
G1 X323.4893 Y158.1250 Z0.3000 E3.6940 W3.8516 F600
G1 X321.8604 Y158.2368 Z0.3000 E1.6164 W2.6769 F600
G1 X318.6558 Y158.1012 Z0.3000 E3.1753 W1.2514 F600
G1 X316.5792 Y158.1883 Z0.3000 E2.0577 W-0.6581 F600
G1 X306.1074 Y159.5098 Z0.3000 E10.4493 W-3.1411 F600
G1 X290.6884 Y160.9810 Z0.3000 E15.3341 W3.6070 F600
G1 X289.2520 Y161.2761 Z0.3000 E1.4518 W-6.1579 F600
G1 X288.7666 Y161.5898 Z0.3000 E0.5722 W-21.2645 F600
G1 W-41.5634 ;in place turn
G1 X288.7154 Y161.7737 Z0.3000 W0.0000 E0.1890 F600
G1 W-38.1233 ;in place turn
G1 X288.7927 Y161.9598 Z0.3000 W0.0000 E0.1995 F600
G1 X288.9871 Y162.1325 Z0.3000 E0.2574 W-25.8256 F600
G1 X289.6507 Y162.3841 Z0.3000 E0.7026 W-20.8488 F600
G1 X290.5421 Y162.4781 Z0.3000 E0.8875 W-14.7475 F600
G1 X292.0772 Y162.4134 Z0.3000 E1.5211 W-0.3626 F600
G1 X303.6329 Y161.3971 Z0.3000 E11.4843 W-5.7748 F600
G1 X315.9905 Y160.0560 Z0.3000 E12.3058 W-3.5231 F600
G1 X323.0796 Y159.6822 Z0.3000 E7.0280 W-2.3841 F600
G1 X325.3353 Y159.3895 Z0.3000 E2.2519 W-2.1350 F600
G1 X327.9721 Y158.9086 Z0.3000 E2.6535 W-2.3541 F600
G1 X333.6036 Y157.6654 Z0.3000 E5.7094 W-2.6196 F600
G1 X339.0089 Y156.1974 Z0.3000 E5.5451 W-2.6014 F600
G1 X341.3056 Y155.3605 Z0.3000 E2.4199 W-2.0778 F600
G1 X344.2410 Y153.9209 Z0.3000 E3.2367 W-1.0676 F600
G1 X345.5909 Y153.4028 Z0.3000 E1.4314 W0.0452 F600
G1 X347.5352 Y152.8490 Z0.3000 E2.0014 W0.7289 F600
G1 X355.0756 Y151.0135 Z0.3000 E7.6830 W0.8103 F600
G1 X359.4644 Y149.7785 Z0.3000 E4.5137 W0.7722 F600
G1 X365.5518 Y147.7384 Z0.3000 E6.3560 W1.4983 F600
G1 X372.2349 Y145.0931 Z0.3000 E7.1157 W3.7198 F600
G1 X373.0467 Y144.8399 Z0.3000 E0.8418 W-6.0140 F600
G1 X373.6981 Y144.8076 Z0.3000 E0.6457 W14.4785 F600
G1 X373.9104 Y144.9092 Z0.3000 E0.2330 W28.4296 F600
G1 W33.3442 ;in place turn
G1 X374.0186 Y145.0888 Z0.3000 W0.0000 E0.2076 F600
G1 W32.9036 ;in place turn
G1 X374.0109 Y145.3293 Z0.3000 W0.0000 E0.2382 F600
G1 W30.1277 ;in place turn
G1 X373.6622 Y145.8881 Z0.3000 W0.0000 E0.6521 F600
G1 X372.9905 Y146.4097 Z0.3000 E0.8419 W20.2083 F600
G1 X370.8538 Y147.4166 Z0.3000 E2.3384 W12.5973 F600
G1 X365.9001 Y149.3349 Z0.3000 E5.2590 W4.0632 F600
G1 X361.7173 Y150.7803 Z0.3000 E4.3813 W-1.0503 F600
G1 X357.8989 Y151.9618 Z0.3000 E3.9571 W2.5448 F600
G1 X347.0208 Y154.8318 Z0.3000 E11.1378 W1.0250 F600
G1 X345.1526 Y155.4622 Z0.3000 E1.9520 W0.2441 F600
G1 X341.5845 Y156.8967 Z0.3000 E3.8072 W0.1925 F600
G1 X339.2861 Y157.7241 Z0.3000 E2.4183 W0.7050 F600
G1 X336.4135 Y158.5993 Z0.3000 E2.9730 W1.4324 F600
G1 X333.4291 Y159.3681 Z0.3000 E3.0510 W2.0157 F600
G1 X328.2681 Y160.4564 Z0.3000 E5.2218 W2.2115 F600
G1 X323.4220 Y161.2174 Z0.3000 E4.8564 W1.8340 F600
G1 X315.2334 Y161.8318 Z0.3000 E8.1295 W0.6545 F600
G1 X306.2198 Y162.7642 Z0.3000 E8.9711 W-1.6085 F600
G1 X293.1051 Y163.9703 Z0.3000 E13.0384 W5.7139 F600
G1 X291.1934 Y164.2943 Z0.3000 E1.9195 W-4.3671 F600
G1 X290.7690 Y164.5587 Z0.3000 E0.4950 W-22.2934 F600
G1 W-48.5296 ;in place turn
G1 X290.7417 Y164.7212 Z0.3000 W0.0000 E0.1631 F600
G1 W-36.3873 ;in place turn
G1 X290.8297 Y164.8953 Z0.3000 W0.0000 E0.1931 F600
G1 X291.2832 Y165.2253 Z0.3000 E0.5553 W-27.1207 F600
G1 X291.9913 Y165.4432 Z0.3000 E0.7334 W-18.9457 F600
G1 X292.8729 Y165.5091 Z0.3000 E0.8752 W-12.8236 F600
G1 X294.4599 Y165.4251 Z0.3000 E1.5733 W-0.7007 F600
G1 X322.5230 Y162.8788 Z0.3000 E27.8966 W-5.9363 F600
G1 X325.8944 Y162.4532 Z0.3000 E3.3642 W-4.1123 F600
G1 X330.6782 Y161.6180 Z0.3000 E4.8076 W-3.0912 F600
G1 X334.2783 Y160.8428 Z0.3000 E3.6458 W-2.5418 F600
G1 X337.2425 Y160.0534 Z0.3000 E3.0368 W-2.0890 F600
G1 X339.5912 Y159.2826 Z0.3000 E2.4472 W-1.4972 F600
G1 X346.4616 Y156.7709 Z0.3000 E7.2420 W-0.7906 F600
G1 X348.8757 Y156.0633 Z0.3000 E2.4905 W-0.1755 F600
G1 X355.3379 Y154.4013 Z0.3000 E6.6058 W0.2725 F600
G1 X358.7471 Y153.4353 Z0.3000 E3.5079 W0.9036 F600
G1 X365.3154 Y151.2525 Z0.3000 E6.8523 W2.4148 F600
G1 X372.5317 Y148.5576 Z0.3000 E7.6261 W-7.4123 F600
G1 X373.3335 Y148.3897 Z0.3000 E0.8109 W8.6471 F600
G1 X373.9347 Y148.4833 Z0.3000 E0.6024 W20.6852 F600
G1 W34.6969 ;in place turn
G1 X374.1015 Y148.6420 Z0.3000 W0.0000 E0.2279 F600
G1 W32.9639 ;in place turn
G1 X374.1536 Y148.8589 Z0.3000 W0.0000 E0.2209 F600
G1 X374.0847 Y149.1104 Z0.3000 E0.2581 W28.8069 F600
G1 X373.9024 Y149.3716 Z0.3000 E0.3154 W19.5866 F600
G1 X373.2776 Y149.8576 Z0.3000 E0.7837 W17.2122 F600
G1 X371.5761 Y150.6380 Z0.3000 E1.8531 W3.9721 F600
G1 X367.0248 Y152.3363 Z0.3000 E4.8092 W7.4500 F600
G1 X361.4721 Y154.2862 Z0.3000 E5.8263 W4.6468 F600
G1 X358.1602 Y155.3457 Z0.3000 E3.4424 W2.6132 F600
G1 X348.7491 Y157.8111 Z0.3000 E9.6314 W1.2332 F600
G1 X345.8423 Y158.6526 Z0.3000 E2.9959 W0.4343 F600
G1 X343.5097 Y159.4481 Z0.3000 E2.4399 W0.2557 F600
G1 X339.0375 Y161.2248 Z0.3000 E4.7641 W0.6602 F600
G1 X335.6564 Y162.2210 Z0.3000 E3.4895 W1.3397 F600
G1 X332.5798 Y162.8941 Z0.3000 E3.1179 W1.8044 F600
G1 X329.4159 Y163.4819 Z0.3000 E3.1858 W1.6394 F600
G1 X322.8984 Y164.4333 Z0.3000 E6.5208 W0.6234 F600
G1 X296.0287 Y166.9308 Z0.3000 E26.7156 W-1.3200 F600
G1 X295.0570 Y167.0817 Z0.3000 E0.9735 W-4.1786 F600
G1 X294.2794 Y167.2988 Z0.3000 E0.7992 W1.1070 F600
G1 X294.0200 Y167.4406 Z0.3000 E0.2927 W-13.0530 F600
G1 X293.8699 Y167.6042 Z0.3000 E0.2198 W-18.8186 F600
G1 W-30.8666 ;in place turn
G1 X293.8328 Y167.7839 Z0.3000 W0.0000 E0.1817 F600
G1 W-43.9068 ;in place turn
G1 X294.0602 Y168.1445 Z0.3000 W0.0000 E0.4220 F600
G1 W-31.4096 ;in place turn
G1 X294.5977 Y168.4107 Z0.3000 W0.0000 E0.5938 F600
G1 X295.8561 Y168.5152 Z0.3000 E1.2502 W-21.5988 F600
G1 X306.1455 Y167.6511 Z0.3000 E10.2224 W-9.5493 F600
G1 X319.2722 Y166.4112 Z0.3000 E13.0533 W-0.5954 F600
G1 X324.2989 Y165.8521 Z0.3000 E5.0071 W-0.1254 F600
G1 X329.7456 Y165.0531 Z0.3000 E5.4499 W-3.0294 F600
G1 X335.0308 Y164.0948 Z0.3000 E5.3177 W-2.6529 F600
G1 X337.5924 Y163.5306 Z0.3000 E2.5967 W-2.6889 F600
G1 X339.5157 Y162.9573 Z0.3000 E1.9869 W-2.5834 F600
G1 X340.3999 Y162.5958 Z0.3000 E0.9457 W-1.9584 F600
G1 X343.3331 Y161.1515 Z0.3000 E3.2368 W-0.8413 F600
G1 X345.1725 Y160.4843 Z0.3000 E1.9371 W0.3078 F600
G1 X348.0943 Y159.6564 Z0.3000 E3.0065 W0.9586 F600
G1 X355.6078 Y157.7961 Z0.3000 E7.6630 W1.0225 F600
G1 X358.5442 Y156.9843 Z0.3000 E3.0161 W1.0387 F600
G1 X361.3672 Y156.0544 Z0.3000 E2.9425 W1.8566 F600
G1 X372.3704 Y152.1096 Z0.3000 E11.5721 W4.1355 F600
G1 X373.2035 Y151.8873 Z0.3000 E0.8537 W-4.9835 F600
G1 X373.8601 Y151.8809 Z0.3000 E0.6500 W14.3853 F600
G1 X374.0689 Y151.9912 Z0.3000 E0.2338 W28.3889 F600
G1 W32.8244 ;in place turn
G1 X374.1719 Y152.1745 Z0.3000 W0.0000 E0.2082 F600
G1 W32.3953 ;in place turn
G1 X374.1592 Y152.4127 Z0.3000 W0.0000 E0.2361 F600
G1 X374.0320 Y152.6796 Z0.3000 E0.2927 W22.4173 F600
G1 X373.4905 Y153.2034 Z0.3000 E0.7458 W20.4837 F600
G1 X372.7053 Y153.6394 Z0.3000 E0.8892 W15.0029 F600
G1 X365.3349 Y156.2757 Z0.3000 E7.7495 W-0.1189 F600
G1 X360.8360 Y158.0270 Z0.3000 E4.7795 W4.9730 F600
G1 X356.9981 Y159.1856 Z0.3000 E3.9689 W1.2846 F600
G1 X345.4181 Y161.9752 Z0.3000 E11.7921 W-2.7593 F600
G1 X343.7065 Y162.5982 Z0.3000 E1.8032 W5.6606 F600
G1 X343.2158 Y162.9589 Z0.3000 E0.6030 W-16.3128 F600
G1 X343.1231 Y163.1332 Z0.3000 E0.1954 W-25.6959 F600
G1 W-35.1131 ;in place turn
G1 X343.1426 Y163.2892 Z0.3000 W0.0000 E0.1556 F600
G1 W-38.3098 ;in place turn
G1 X343.2712 Y163.4159 Z0.3000 W0.0000 E0.1787 F600
G1 W-30.4060 ;in place turn
G1 X343.8120 Y163.5523 Z0.3000 W0.0000 E0.5521 F600
G1 X345.6102 Y163.3949 Z0.3000 E1.7871 W-19.1637 F600
G1 X354.8663 Y161.4265 Z0.3000 E9.3685 W-7.0030 F600
G1 X358.9204 Y160.4829 Z0.3000 E4.1208 W-1.0966 F600
G1 X361.7580 Y159.5753 Z0.3000 E2.9494 W-1.8585 F600
G1 X365.1820 Y157.9981 Z0.3000 E3.7321 W-1.0956 F600
G1 X366.9915 Y157.3048 Z0.3000 E1.9184 W2.2798 F600
G1 X372.1449 Y155.6317 Z0.3000 E5.3639 W-4.2104 F600
G1 X373.3801 Y155.4043 Z0.3000 E1.2434 W7.5518 F600
G1 X373.9047 Y155.5543 Z0.3000 E0.5402 W26.4003 F600
G1 W43.7301 ;in place turn
G1 X374.0109 Y155.7361 Z0.3000 W0.0000 E0.2084 F600
G1 W34.2060 ;in place turn
G1 X373.9950 Y155.9695 Z0.3000 W0.0000 E0.2316 F600
G1 X373.8582 Y156.2288 Z0.3000 E0.2902 W23.9177 F600
G1 X373.2837 Y156.7307 Z0.3000 E0.7553 W21.0348 F600
G1 X372.0040 Y157.3118 Z0.3000 E1.3914 W16.7245 F600
G1 X366.8225 Y158.9744 Z0.3000 E5.3873 W6.6317 F600
G1 X366.0890 Y159.3419 Z0.3000 E0.8122 W-8.8231 F600
G1 X365.7070 Y159.7312 Z0.3000 E0.5400 W-18.9307 F600
G1 W-43.9432 ;in place turn
G1 X365.7054 Y159.9074 Z0.3000 W0.0000 E0.1744 F600
G1 W-44.0489 ;in place turn
G1 X365.8418 Y160.0509 Z0.3000 W0.0000 E0.1959 F600
G1 X366.1056 Y160.1488 Z0.3000 E0.2787 W-26.0969 F600
G1 X367.3967 Y160.1427 Z0.3000 E1.2781 W-20.6412 F600
G1 X368.9077 Y159.8431 Z0.3000 E1.5250 W-10.9383 F600
G1 X372.3172 Y158.9699 Z0.3000 E3.4844 W11.9355 F600
G1 X373.1834 Y158.8709 Z0.3000 E0.8631 W3.4951 F600
G1 X373.5423 Y158.9050 Z0.3000 E0.3569 W1.2155 F600
G1 X373.8188 Y159.0064 Z0.3000 E0.2916 W14.6933 F600
G1 X373.9883 Y159.1704 Z0.3000 E0.2335 W23.9440 F600
G1 W33.8997 ;in place turn
G1 X374.0332 Y159.3812 Z0.3000 W0.0000 E0.2133 F600
G1 W31.9521 ;in place turn
G1 X373.9483 Y159.6154 Z0.3000 W0.0000 E0.2466 F600
G1 X373.4350 Y160.0686 Z0.3000 E0.6778 W28.6333 F600
G1 X372.1528 Y160.5897 Z0.3000 E1.3702 W19.3239 F600
G1 X370.1795 Y161.1174 Z0.3000 E2.0222 W7.1499 F600
G1 X368.1352 Y161.5665 Z0.3000 E2.0721 W-0.0516 F600
G1 X366.5933 Y161.8016 Z0.3000 E1.5441 W4.8738 F600
G1 X365.0708 Y161.8798 Z0.3000 E1.5093 W2.8487 F600
G1 X362.5368 Y161.8519 Z0.3000 E2.5089 W1.1966 F600
G1 X360.4771 Y162.0594 Z0.3000 E2.0494 W0.0597 F600
G1 X347.9602 Y164.5205 Z0.3000 E12.6289 W-0.3113 F600
G1 X345.3175 Y164.9686 Z0.3000 E2.6537 W-0.0487 F600
G1 X343.6578 Y165.1183 Z0.3000 E1.6498 W0.2986 F600
G1 X340.0077 Y165.1948 Z0.3000 E3.6144 W0.2724 F600
G1 X338.1957 Y165.3422 Z0.3000 E1.7998 W-0.1110 F600
G1 X328.4432 Y166.8771 Z0.3000 E9.7738 W-0.6028 F600
G1 X322.9567 Y167.6166 Z0.3000 E5.4808 W-1.2661 F600
G1 X310.4867 Y168.8737 Z0.3000 E12.4079 W-2.6368 F600
G1 X298.9338 Y169.9059 Z0.3000 E11.4829 W5.3428 F600
G1 X297.5847 Y170.1761 Z0.3000 E1.3621 W-6.2172 F600
G1 X297.0815 Y170.4644 Z0.3000 E0.5741 W-18.4895 F600
G1 W-34.8758 ;in place turn
G1 X296.9983 Y170.6402 Z0.3000 W0.0000 E0.1926 F600
G1 W-38.1590 ;in place turn
G1 X297.0407 Y170.8260 Z0.3000 W0.0000 E0.1886 F600
G1 X297.2080 Y171.0074 Z0.3000 E0.2444 W-29.8284 F600
G1 X297.8716 Y171.2966 Z0.3000 E0.7166 W-23.7755 F600
G1 X298.8410 Y171.4258 Z0.3000 E0.9682 W-15.9576 F600
G1 X299.9400 Y171.4102 Z0.3000 E1.0882 W-0.6790 F600
G1 X307.9662 Y170.7267 Z0.3000 E7.9747 W-6.4165 F600
G1 X320.4741 Y169.5006 Z0.3000 E12.4422 W-3.7712 F600
G1 X326.0290 Y168.8274 Z0.3000 E5.5396 W-2.0117 F600
G1 X336.9511 Y167.2546 Z0.3000 E10.9245 W-0.9865 F600
G1 X343.7665 Y166.6825 Z0.3000 E6.7710 W-0.4928 F600
G1 X346.1004 Y166.4165 Z0.3000 E2.3255 W-0.2939 F600
G1 X359.3715 Y164.0463 Z0.3000 E13.3463 W-0.1744 F600
G1 X362.0840 Y163.7121 Z0.3000 E2.7057 W0.0203 F600
G1 X366.7647 Y163.3259 Z0.3000 E4.6497 W0.4960 F600
G1 X368.9242 Y162.9811 Z0.3000 E2.1649 W1.6433 F600
G1 X372.4445 Y162.2459 Z0.3000 E3.5603 W3.8997 F600
G1 X373.2877 Y162.1863 Z0.3000 E0.8368 W-2.8710 F600
G1 X373.6126 Y162.2415 Z0.3000 E0.3263 W13.6894 F600
G1 X373.8397 Y162.3640 Z0.3000 E0.2554 W18.6992 F600
G1 W31.2245 ;in place turn
G1 X373.9476 Y162.5477 Z0.3000 W0.0000 E0.2110 F600
G1 W36.1096 ;in place turn
G1 X373.9251 Y162.7748 Z0.3000 W0.0000 E0.2259 F600
G1 X373.7740 Y163.0203 Z0.3000 E0.2854 W25.9403 F600
G1 X373.5092 Y163.2599 Z0.3000 E0.3535 W16.2345 F600
G1 X372.7335 Y163.6651 Z0.3000 E0.8664 W14.5701 F600
G1 X370.7676 Y164.2056 Z0.3000 E2.0185 W4.4268 F600
G1 X367.5967 Y164.7933 Z0.3000 E3.1926 W6.8900 F600
G1 X358.6947 Y165.8734 Z0.3000 E8.8776 W4.2748 F600
G1 X348.0214 Y167.7076 Z0.3000 E10.7215 W2.4073 F600
G1 X344.7769 Y168.1838 Z0.3000 E3.2465 W1.2404 F600
G1 X336.8044 Y168.9645 Z0.3000 E7.9305 W0.4631 F600
G1 X324.6713 Y170.6078 Z0.3000 E12.1214 W-0.3955 F600
G1 X319.0716 Y171.2540 Z0.3000 E5.5806 W-1.8147 F600
G1 X302.5557 Y172.8364 Z0.3000 E16.4255 W-4.1628 F600
G1 X301.1064 Y173.1322 Z0.3000 E1.4645 W2.7114 F600
G1 X300.7990 Y173.2800 Z0.3000 E0.3377 W-14.1318 F600
G1 X300.6155 Y173.4518 Z0.3000 E0.2488 W-17.4608 F600
G1 W-31.7780 ;in place turn
G1 X300.5650 Y173.6392 Z0.3000 W0.0000 E0.1921 F600
G1 W-37.9437 ;in place turn
G1 X300.6447 Y173.8284 Z0.3000 W0.0000 E0.2032 F600
G1 X300.8419 Y174.0032 Z0.3000 E0.2609 W-25.5865 F600
G1 X301.5080 Y174.2561 Z0.3000 E0.7053 W-20.7711 F600
G1 X302.3978 Y174.3488 Z0.3000 E0.8857 W-14.8411 F600
G1 X303.4026 Y174.3215 Z0.3000 E0.9952 W-0.2311 F600
G1 X309.7718 Y173.8017 Z0.3000 E6.3264 W-5.9123 F600
G1 X321.1140 Y172.6417 Z0.3000 E11.2874 W-3.5277 F600
G1 X336.0400 Y170.7119 Z0.3000 E14.8998 W-1.9466 F600
G1 X345.5968 Y169.6697 Z0.3000 E9.5173 W-0.8669 F600
G1 X358.5292 Y167.5875 Z0.3000 E12.9680 W0.1856 F600
G1 X367.9177 Y166.3457 Z0.3000 E9.3756 W1.7399 F600
G1 X372.5925 Y165.5171 Z0.3000 E4.7002 W4.2057 F600
G1 X373.4572 Y165.4802 Z0.3000 E0.8569 W-2.0390 F600
G1 X373.7878 Y165.5444 Z0.3000 E0.3333 W13.4229 F600
G1 X374.0153 Y165.6734 Z0.3000 E0.2589 W18.5775 F600
G1 W31.3200 ;in place turn
G1 X374.1196 Y165.8606 Z0.3000 W0.0000 E0.2122 F600
G1 W36.0459 ;in place turn
G1 X374.0921 Y166.0876 Z0.3000 W0.0000 E0.2264 F600
G1 X373.9369 Y166.3294 Z0.3000 E0.2844 W25.7688 F600
G1 X373.6693 Y166.5622 Z0.3000 E0.3512 W16.2791 F600
G1 X372.8853 Y166.9485 Z0.3000 E0.8653 W14.8024 F600
G1 X370.8872 Y167.4474 Z0.3000 E2.0388 W3.9465 F600
G1 X367.6804 Y167.9993 Z0.3000 E3.2214 W6.7046 F600
G1 X358.3387 Y169.2859 Z0.3000 E9.3356 W4.0722 F600
G1 X344.8383 Y171.3807 Z0.3000 E13.5253 W2.0653 F600
G1 X335.2322 Y172.4388 Z0.3000 E9.5676 W0.4134 F600
G1 X322.5072 Y174.0860 Z0.3000 E12.7029 W-1.4070 F600
G1 X305.0442 Y175.8703 Z0.3000 E17.3783 W-3.9359 F600
G1 X303.6915 Y176.1332 Z0.3000 E1.3642 W3.3722 F600
G1 X303.4187 Y176.2591 Z0.3000 E0.2975 W-13.7732 F600
G1 X303.2658 Y176.4076 Z0.3000 E0.2110 W-19.4142 F600
G1 W-35.5409 ;in place turn
G1 X303.2354 Y176.5752 Z0.3000 W0.0000 E0.1686 F600
G1 W-46.9611 ;in place turn
G1 X303.4980 Y176.9276 Z0.3000 W0.0000 E0.4350 F600
G1 X304.0759 Y177.2100 Z0.3000 E0.6369 W-27.2711 F600
G1 X304.8673 Y177.3463 Z0.3000 E0.7950 W-16.2686 F600
G1 X305.8331 Y177.3495 Z0.3000 E0.9561 W-9.5862 F600
G1 X310.4764 Y176.9892 Z0.3000 E4.6108 W0.9445 F600
G1 X321.7647 Y175.7898 Z0.3000 E11.2383 W-4.2220 F600
G1 X333.3172 Y174.2797 Z0.3000 E11.5343 W-2.3453 F600
G1 X344.5816 Y173.0285 Z0.3000 E11.2203 W-1.1039 F600
G1 X357.6057 Y171.0533 Z0.3000 E13.0413 W-0.0570 F600
G1 X367.4717 Y169.6599 Z0.3000 E9.8643 W1.3502 F600
G1 X371.7341 Y168.9700 Z0.3000 E4.2746 W3.6205 F600
G1 X372.7076 Y168.8744 Z0.3000 E0.9684 W7.0726 F600
G1 X373.4802 Y168.9561 Z0.3000 E0.7692 W0.5878 F600
G1 X373.7301 Y169.0883 Z0.3000 E0.2799 W21.8461 F600
G1 X373.8543 Y169.2768 Z0.3000 E0.2235 W28.7456 F600
G1 W37.7869 ;in place turn
G1 X373.8368 Y169.5038 Z0.3000 W0.0000 E0.2253 F600
G1 X373.6774 Y169.7445 Z0.3000 E0.2858 W29.0820 F600
G1 X373.0114 Y170.1802 Z0.3000 E0.7879 W23.3141 F600
G1 X371.5677 Y170.6158 Z0.3000 E1.4929 W16.3973 F600
G1 X369.4272 Y170.9968 Z0.3000 E2.1524 W-1.4066 F600
G1 X344.3572 Y174.6840 Z0.3000 E25.0863 W5.5640 F600
G1 X331.3924 Y176.1055 Z0.3000 E12.9120 W2.6733 F600
G1 X323.1510 Y177.2514 Z0.3000 E8.2375 W0.1874 F600
G1 X316.3496 Y177.9331 Z0.3000 E6.7671 W-2.6094 F600
G1 X308.0635 Y178.8902 Z0.3000 E8.2577 W5.7936 F600
G1 X306.7705 Y179.2229 Z0.3000 E1.3218 W-7.8416 F600
G1 X306.3675 Y179.5728 Z0.3000 E0.5284 W-26.5363 F600
G1 W-49.9883 ;in place turn
G1 X306.3707 Y179.7653 Z0.3000 W0.0000 E0.1906 F600
G1 W-37.7238 ;in place turn
G1 X306.5172 Y179.9483 Z0.3000 W0.0000 E0.2321 F600
G1 X306.7963 Y180.1059 Z0.3000 E0.3174 W-21.8813 F600
G1 X307.6664 Y180.3073 Z0.3000 E0.8842 W-16.4062 F600
G1 X309.9865 Y180.3176 Z0.3000 E2.2969 W-12.7790 F600
G1 X312.3131 Y180.0983 Z0.3000 E2.3136 W1.1843 F600
G1 X317.7415 Y179.3488 Z0.3000 E5.4251 W-4.4297 F600
G1 X323.6004 Y178.8671 Z0.3000 E5.8199 W-2.3613 F600
G1 X330.6190 Y177.7842 Z0.3000 E7.0306 W-0.9992 F600
G1 X344.7400 Y176.2828 Z0.3000 E14.0585 W0.0999 F600
G1 X351.7336 Y175.1593 Z0.3000 E7.0125 W1.5511 F600
G1 X371.9122 Y172.2819 Z0.3000 E20.1789 W3.9025 F600
G1 X372.8941 Y172.2016 Z0.3000 E0.9753 W7.4955 F600
G1 X373.6535 Y172.2998 Z0.3000 E0.7580 W0.6753 F600
G1 X373.8868 Y172.4402 Z0.3000 E0.2696 W23.6631 F600
G1 X373.9957 Y172.6355 Z0.3000 E0.2213 W29.8217 F600
G1 W35.0326 ;in place turn
G1 X373.9718 Y172.8665 Z0.3000 W0.0000 E0.2299 F600
G1 X373.8194 Y173.1078 Z0.3000 E0.2826 W26.3927 F600
G1 X373.5530 Y173.3358 Z0.3000 E0.3471 W17.1583 F600
G1 X373.1936 Y173.5350 Z0.3000 E0.4068 W11.5655 F600
G1 X372.2816 Y173.8354 Z0.3000 E0.9505 W5.1344 F600
G1 X370.6844 Y174.1327 Z0.3000 E1.6084 W6.8960 F600
G1 X358.6648 Y175.8495 Z0.3000 E12.0202 W4.3699 F600
G1 X351.4434 Y176.7770 Z0.3000 E7.2079 W2.4397 F600
G1 X346.1564 Y177.7359 Z0.3000 E5.3196 W1.1820 F600
G1 X343.9969 Y178.0560 Z0.3000 E2.1613 W0.4883 F600
G1 X330.8139 Y179.3051 Z0.3000 E13.1095 W0.1591 F600
G1 X329.2277 Y179.5477 Z0.3000 E1.5887 W0.0835 F600
G1 X325.5891 Y180.3352 Z0.3000 E3.6855 W0.1870 F600
G1 X323.9940 Y180.5546 Z0.3000 E1.5940 W0.2169 F600
G1 X318.7606 Y180.8437 Z0.3000 E5.1890 W-0.2560 F600
G1 X316.9664 Y181.0102 Z0.3000 E1.7839 W-1.6059 F600
G1 X312.7729 Y181.7980 Z0.3000 E4.2242 W-4.0588 F600
G1 X308.4342 Y182.2786 Z0.3000 E4.3215 W7.4361 F600
G1 X307.7595 Y182.5528 Z0.3000 E0.7211 W-15.7997 F600
G1 X307.6045 Y182.7349 Z0.3000 E0.2367 W-27.4609 F600
G1 W-35.0230 ;in place turn
G1 X307.5857 Y182.9331 Z0.3000 W0.0000 E0.1971 F600
G1 W-47.6986 ;in place turn
G1 X307.9311 Y183.3126 Z0.3000 W0.0000 E0.5080 F600
G1 X308.2593 Y183.4660 Z0.3000 E0.3587 W-22.6464 F600
G1 X309.1196 Y183.6767 Z0.3000 E0.8768 W-11.2900 F600
G1 X312.4220 Y184.0433 Z0.3000 E3.2894 W-7.4253 F600
G1 X317.0727 Y185.0859 Z0.3000 E4.7185 W6.3715 F600
G1 X324.3320 Y185.9656 Z0.3000 E7.2393 W-1.4858 F600
G1 X332.8327 Y187.4843 Z0.3000 E8.5489 W-0.0274 F600
G1 X339.3868 Y189.0515 Z0.3000 E6.6715 W0.7678 F600
G1 X346.1468 Y190.4172 Z0.3000 E6.8276 W1.1616 F600
G1 X348.6855 Y191.0007 Z0.3000 E2.5789 W1.2321 F600
G1 X350.5820 Y191.6021 Z0.3000 E1.9697 W0.8963 F600
G1 X353.7021 Y192.8547 Z0.3000 E3.3285 W0.1605 F600
G1 X353.9447 Y192.9213 Z0.3000 E0.2491 W-0.6705 F600
cut_filament
G1 X356.6483 Y193.6638 Z0.3000 W0.0000 F450
G1 X375.0000 Y197.2371 Z0.3000 W0.0000 F450
; sum of skipped extrusion after the cut: 21.5
G0 X379.9078 Y198.1927 Z0.3000 W0.0000 F450 ;Ironing out move
;------------------------
; - END OF Fiber STRETCH #7 -
;------------------------
;------------------------
; - START OF Fiber STRETCH #8 -
;------------------------
USE_ABSOLUTE_ROTARY_POSITION
G0 X396.3139 Y172.3918 Z3.3000 W172.4555 F5500 ;move to anchoring start
USE_RELATIVE_ROTARY_POSITION
G0 E23.5000 F600
G1 X375.0000 Y175.2147 Z0.3000 F600
G4 P600 ;anchoring dwell
G1 X364.4314 Y176.6144 Z0.3000 E10.5543 W-0.4952 F600
G1 X358.4953 Y177.5369 Z0.3000 E5.9473 W-0.4077 F600
G1 X351.2218 Y178.3777 Z0.3000 E7.2487 W-0.4983 F600
G1 X349.6155 Y178.6801 Z0.3000 E1.6181 W-0.4195 F600
G1 X346.6103 Y179.4265 Z0.3000 E3.0656 W-0.2674 F600
G1 X345.5178 Y179.6095 Z0.3000 E1.0966 W-0.5521 F600
G1 X339.1384 Y180.0671 Z0.3000 E6.3319 W-2.0366 F600
G1 X330.6865 Y180.8880 Z0.3000 E8.4067 W6.6742 F600
G1 X329.2787 Y181.1784 Z0.3000 E1.4231 W-6.1105 F600
G1 X328.8502 Y181.4718 Z0.3000 E0.5141 W-22.7409 F600
G1 W-55.7944 ;in place turn
G1 X328.8507 Y181.6308 Z0.3000 W0.0000 E0.1574 F600
G1 W-43.8627 ;in place turn
G1 X328.9986 Y181.7836 Z0.3000 W0.0000 E0.2105 F600
G1 X329.6773 Y182.0348 Z0.3000 E0.7165 W-25.6345 F600
G1 X330.7033 Y182.1903 Z0.3000 E1.0273 W-11.6952 F600
G1 X332.5023 Y182.2765 Z0.3000 E1.7831 W-5.8707 F600
G1 X334.9324 Y182.1859 Z0.3000 E2.4075 W-0.4237 F600
G1 X338.2659 Y181.7292 Z0.3000 E3.3309 W-2.7657 F600
G1 X340.0251 Y181.5850 Z0.3000 E1.7475 W-0.4118 F600
G1 X342.4975 Y181.5566 Z0.3000 E2.4478 W1.2739 F600
G1 X344.9320 Y181.6636 Z0.3000 E2.4125 W2.0794 F600
G1 X346.6045 Y181.8639 Z0.3000 E1.6676 W1.9513 F600
G1 X349.1607 Y182.3655 Z0.3000 E2.5789 W1.1434 F600
G1 X350.7616 Y182.5929 Z0.3000 E1.6009 W0.1993 F600
G1 X352.5225 Y182.7002 Z0.3000 E1.7464 W-0.3010 F600
G1 X357.4901 Y182.7848 Z0.3000 E4.9187 W-0.1330 F600
G1 X359.2951 Y182.9024 Z0.3000 E1.7907 W0.3728 F600
G1 X360.9498 Y183.1315 Z0.3000 E1.6538 W0.5749 F600
G1 X364.0235 Y183.7666 Z0.3000 E3.1072 F600
G1 X365.6820 Y184.0161 Z0.3000 E1.6604 W-1.4631 F600
G1 X370.1688 Y184.4736 Z0.3000 E4.4649 W-3.6171 F600
G1 X371.8486 Y184.5462 Z0.3000 E1.6645 W-6.2924 F600
G1 X372.3919 Y184.4679 Z0.3000 E0.5434 W-9.3077 F600
G1 X372.8954 Y184.2683 Z0.3000 E0.5362 W-12.2569 F600
G1 X373.3330 Y183.8949 Z0.3000 E0.5695 W-14.3589 F600
G1 X373.6767 Y183.3106 Z0.3000 E0.6711 W-14.8613 F600
G1 X373.9007 Y182.5165 Z0.3000 E0.8169 W-13.8521 F600
G1 X373.9858 Y181.5654 Z0.3000 E0.9453 W-12.2808 F600
G1 X373.9244 Y180.5564 Z0.3000 E1.0008 W-11.1232 F600
G1 X373.7232 Y179.6062 Z0.3000 E0.9615 W-10.8682 F600
G1 X373.4024 Y178.8133 Z0.3000 E0.8469 W-11.5021 F600
G1 X372.9914 Y178.2296 Z0.3000 E0.7067 W-12.5763 F600
G1 X372.5215 Y177.8556 Z0.3000 E0.5946 W-13.3045 F600
G1 X372.0187 Y177.6539 Z0.3000 E0.5364 W-12.9269 F600
G1 X371.4992 Y177.5723 Z0.3000 E0.5206 W-11.2662 F600
G1 X370.4281 Y177.5906 Z0.3000 E1.0606 W-8.8373 F600
G1 X366.3577 Y177.9607 Z0.3000 E4.0463 W-6.4278 F600
G1 X364.1843 Y178.2506 Z0.3000 E2.1707 W-4.7948 F600
G1 X358.8252 Y179.1783 Z0.3000 E5.3844 W-4.6236 F600
G1 X351.9652 Y179.7859 Z0.3000 E6.8180 W5.1855 F600
G1 X350.5455 Y180.0773 Z0.3000 E1.4348 W-6.5373 F600
G1 X350.0974 Y180.3791 Z0.3000 E0.5348 W-22.3655 F600
G1 W-52.4894 ;in place turn
G1 X350.0871 Y180.5455 Z0.3000 W0.0000 E0.1650 F600
G1 W-57.8840 ;in place turn
G1 X350.5078 Y180.8474 Z0.3000 W0.0000 E0.5127 F600
G1 X351.9425 Y181.0974 Z0.3000 E1.4417 W-25.7772 F600
G1 X353.7540 Y181.1319 Z0.3000 E1.7938 W-8.7921 F600
G1 X358.1107 Y180.9922 Z0.3000 E4.3153 W-2.9297 F600
G1 X360.4498 Y180.7617 Z0.3000 E2.3269 W-1.0896 F600
G1 X363.9682 Y179.9042 Z0.3000 E3.5852 W-1.9703 F600
G1 X365.6497 Y179.6387 Z0.3000 E1.6854 W0.7105 F600
G1 X370.7062 Y179.2725 Z0.3000 E5.0190 W3.5378 F600
G1 X371.8507 Y179.2477 Z0.3000 E1.1333 W-0.5925 F600
G1 X372.9017 Y179.3456 Z0.3000 E1.0450 W6.5602 F600
G1 X373.6280 Y179.6580 Z0.3000 E0.7827 W17.9527 F600
G1 W31.8304 ;in place turn
G1 X373.7892 Y179.8891 Z0.3000 W0.0000 E0.2790 F600
G1 W34.9340 ;in place turn
G1 X373.7891 Y180.1423 Z0.3000 W0.0000 E0.2506 F600
G1 W33.3650 ;in place turn
G1 X373.6273 Y180.3876 Z0.3000 W0.0000 E0.2910 F600
G1 X372.8965 Y180.7615 Z0.3000 E0.8127 W29.5047 F600
G1 X371.2293 Y180.9797 Z0.3000 E1.6646 W19.6372 F600
G1 X366.8947 Y181.0431 Z0.3000 E4.2917 W6.6192 F600
G1 X365.1829 Y181.1585 Z0.3000 E1.6986 W-3.0193 F600
G1 X364.0308 Y181.4695 Z0.3000 E1.1814 W-11.2452 F600
G1 X363.8729 Y181.6162 Z0.3000 E0.2134 W-27.7962 F600
G1 W-39.3311 ;in place turn
G1 X363.8515 Y181.7731 Z0.3000 W0.0000 E0.1568 F600
G1 W-56.4622 ;in place turn
G1 X364.1984 Y182.0780 Z0.3000 W0.0000 E0.4572 F600
G1 X365.3990 Y182.4117 Z0.3000 E1.2336 W-25.7737 F600
G1 X366.9852 Y182.5882 Z0.3000 E1.5801 W-9.1845 F600
G1 X371.2300 Y182.8458 Z0.3000 E4.2101 W-2.8769 F600
G1 X372.4028 Y183.0257 Z0.3000 E1.1746 W13.8028 F600
G1 X372.9356 Y183.1917 Z0.3000 E0.5524 W5.6369 F600
G1 X373.4061 Y183.4361 Z0.3000 E0.5249 W9.2732 F600
G1 X373.7903 Y183.7716 Z0.3000 E0.5049 W12.0913 F600
G1 X374.0643 Y184.1931 Z0.3000 E0.4978 W14.1764 F600
G1 X374.2089 Y184.6724 Z0.3000 E0.4956 W15.6763 F600
G1 X374.2128 Y185.1612 Z0.3000 E0.4839 W16.7853 F600
G1 X374.0764 Y185.6049 Z0.3000 E0.4595 W17.5544 F600
G1 X373.8117 Y185.9591 Z0.3000 E0.4378 W17.6574 F600
G1 X373.4411 Y186.2026 Z0.3000 E0.4390 W16.5989 F600
G1 X372.9925 Y186.3386 Z0.3000 E0.4640 W14.3088 F600
G1 X372.4948 Y186.3882 Z0.3000 E0.4952 W11.2804 F600
G1 X371.4403 Y186.3347 Z0.3000 E1.0453 W8.1065 F600
G1 X366.9931 Y185.7914 Z0.3000 E4.4355 W5.1854 F600
G1 X360.5115 Y184.7842 Z0.3000 E6.4938 W2.7672 F600
G1 X358.2637 Y184.5037 Z0.3000 E2.2426 W0.9867 F600
G1 X350.0350 Y184.0731 Z0.3000 E8.1575 W-0.2526 F600
G1 X344.9691 Y183.4309 Z0.3000 E5.0553 W-1.3622 F600
G1 X342.1485 Y183.1617 Z0.3000 E2.8051 W-2.9070 F600
G1 X340.5461 Y183.0849 Z0.3000 E1.5883 W-5.3224 F600
G1 X339.0676 Y183.1753 Z0.3000 E1.4664 W0.9826 F600
G1 X338.4049 Y183.3828 Z0.3000 E0.6875 W-13.8858 F600
G1 X338.2422 Y183.5251 Z0.3000 E0.2140 W-23.7726 F600
G1 W-37.0202 ;in place turn
G1 X338.2094 Y183.6820 Z0.3000 W0.0000 E0.1587 F600
G1 W-56.2723 ;in place turn
G1 X338.5206 Y183.9992 Z0.3000 W0.0000 E0.4400 F600
G1 X339.2314 Y184.2717 Z0.3000 E0.7536 W-24.5788 F600
G1 X341.2889 Y184.6440 Z0.3000 E2.0700 W-10.7132 F600
G1 X349.5675 Y185.6774 Z0.3000 E8.2594 W-3.1410 F600
G1 X356.2313 Y185.9606 Z0.3000 E6.6031 W2.9762 F600
G1 X358.5670 Y186.1590 Z0.3000 E2.3206 W0.2444 F600
G1 X371.0482 Y188.0277 Z0.3000 E12.4942 W3.4921 F600
G1 X372.5718 Y188.3768 Z0.3000 E1.5474 W6.7488 F600
G1 X373.3960 Y188.7481 Z0.3000 E0.8950 W10.2786 F600
G1 X373.6778 Y188.9798 Z0.3000 E0.3611 W8.5649 F600
G1 X373.8342 Y189.2240 Z0.3000 E0.2871 W17.9549 F600
G1 X373.8483 Y189.4567 Z0.3000 E0.2308 W29.1398 F600
G1 W36.6053 ;in place turn
G1 X373.7205 Y189.6526 Z0.3000 W0.0000 E0.2316 F600
G1 W37.0949 ;in place turn
G1 X373.1136 Y189.8709 Z0.3000 W0.0000 E0.6385 F600
G1 X372.2141 Y189.8656 Z0.3000 E0.8905 W20.1276 F600
G1 X371.1840 Y189.7349 Z0.3000 E1.0280 W6.8865 F600
G1 X360.9620 Y188.1049 Z0.3000 E10.2476 W1.8306 F600
G1 X357.6328 Y187.6542 Z0.3000 E3.3260 W-4.6391 F600
G1 X354.8881 Y187.4359 Z0.3000 E2.7259 W0.5784 F600
G1 X350.6259 Y187.3741 Z0.3000 E4.2200 W0.2529 F600
G1 X348.7691 Y187.2627 Z0.3000 E1.8416 W0.7610 F600
G1 X343.1660 Y186.5161 Z0.3000 E5.5961 W1.4243 F600
G1 X340.4908 Y186.0786 Z0.3000 E2.6836 W1.7048 F600
G1 X338.9427 Y185.7423 Z0.3000 E1.5683 W1.3825 F600
G1 X334.6933 Y184.3845 Z0.3000 E4.4165 W0.5425 F600
G1 X329.7555 Y183.6634 Z0.3000 E4.9403 W-0.5903 F600
G1 X325.6980 Y182.7376 Z0.3000 E4.1201 W-1.8818 F600
G1 X324.1465 Y182.4924 Z0.3000 E1.5551 W-3.4154 F600
G1 X321.2387 Y182.3243 Z0.3000 E2.8835 W-5.4569 F600
G1 X318.2220 Y182.3664 Z0.3000 E2.9869 W-0.5213 F600
G1 X316.8147 Y182.6053 Z0.3000 E1.4132 W-8.8379 F600
G1 X316.3613 Y182.8895 Z0.3000 E0.5297 W-22.4396 F600
G1 W-48.0655 ;in place turn
G1 X316.3330 Y183.0522 Z0.3000 W0.0000 E0.1635 F600
G1 W-56.9177 ;in place turn
G1 X316.6680 Y183.3639 Z0.3000 W0.0000 E0.4530 F600
G1 X317.8643 Y183.6877 Z0.3000 E1.2270 W-27.7966 F600
G1 X324.1943 Y184.2650 Z0.3000 E6.2927 W-9.9333 F600
G1 X332.6737 Y185.7608 Z0.3000 E8.5243 W4.7936 F600
G1 X334.7241 Y186.2093 Z0.3000 E2.0778 W1.9119 F600
G1 X339.6778 Y187.5057 Z0.3000 E5.0693 W-1.6845 F600
G1 X347.1129 Y188.8252 Z0.3000 E7.4758 W-1.5823 F600
G1 X350.0153 Y189.1390 Z0.3000 E2.8901 W-1.5218 F600
G1 X354.9921 Y189.0329 Z0.3000 E4.9282 W-0.8596 F600
G1 X357.3860 Y189.1893 Z0.3000 E2.3750 W0.3943 F600
G1 X360.6483 Y189.6609 Z0.3000 E3.2633 W1.9168 F600
G1 X368.1479 Y190.9128 Z0.3000 E7.5274 W3.6077 F600
G1 X372.3526 Y191.7119 Z0.3000 E4.2372 W5.7472 F600
G1 X373.2530 Y192.0296 Z0.3000 E0.9452 W1.5024 F600
G1 X373.6094 Y192.2344 Z0.3000 E0.4069 W10.4407 F600
G1 X374.0242 Y192.7087 Z0.3000 E0.6239 W18.9518 F600
G1 W35.3298 ;in place turn
G1 X374.0478 Y192.9395 Z0.3000 W0.0000 E0.2297 F600
G1 W34.9221 ;in place turn
G1 X373.9402 Y193.1330 Z0.3000 W0.0000 E0.2192 F600
G1 W30.1931 ;in place turn
G1 X373.7096 Y193.2701 Z0.3000 W0.0000 E0.2656 F600
G1 X372.9613 Y193.3574 Z0.3000 E0.7458 W24.0708 F600
G1 X371.4891 Y193.1790 Z0.3000 E1.4682 W13.5631 F600
G1 X356.6146 Y190.6132 Z0.3000 E14.9433 W2.8790 F600
G1 X355.5738 Y190.5155 Z0.3000 E1.0349 W-14.7455 F600
G1 X354.6292 Y190.5260 Z0.3000 E0.9352 W4.3210 F600
G1 X353.9816 Y190.6889 Z0.3000 E0.6610 W-13.4828 F600
G1 X353.8372 Y190.8249 Z0.3000 E0.1965 W-29.1730 F600
G1 W-44.4279 ;in place turn
G1 X353.8307 Y190.9863 Z0.3000 W0.0000 E0.1599 F600
G1 W-38.4691 ;in place turn
G1 X353.9584 Y191.1608 Z0.3000 W0.0000 E0.2141 F600
G1 X354.5421 Y191.5047 Z0.3000 E0.6707 W-23.3065 F600
G1 X356.3908 Y192.0463 Z0.3000 E1.9071 W-14.1747 F600
G1 X370.0809 Y194.6055 Z0.3000 E13.7879 W-5.7402 F600
G1 X372.1452 Y195.1136 Z0.3000 E2.1047 W16.5116 F600
G1 X373.0652 Y195.5922 Z0.3000 E1.0266 W6.3929 F600
G1 X373.4444 Y195.9401 Z0.3000 E0.5095 W10.3367 F600
G1 X373.7344 Y196.3580 Z0.3000 E0.5035 W12.9596 F600
G1 X373.9088 Y196.8184 Z0.3000 E0.4875 W14.7575 F600
G1 X373.9500 Y197.2768 Z0.3000 E0.4556 W16.4171 F600
G1 X373.8543 Y197.6831 Z0.3000 E0.4133 W18.1068 F600
G1 X373.6323 Y197.9982 Z0.3000 E0.3816 W19.1838 F600
G1 X373.3054 Y198.2040 Z0.3000 E0.3824 W18.6539 F600
G1 X372.9001 Y198.3053 Z0.3000 E0.4135 W16.2455 F600
G1 X371.9544 Y198.2820 Z0.3000 E0.9366 W12.7435 F600
G1 X370.9383 Y198.1142 Z0.3000 E1.0195 W9.1531 F600
G1 X356.8799 Y195.3085 Z0.3000 E14.1923 W6.0546 F600
G1 X353.8905 Y194.5459 Z0.3000 E3.0542 W3.5897 F600
G1 X349.1822 Y193.0014 Z0.3000 E4.9056 W1.6750 F600
G1 X346.7442 Y192.3176 Z0.3000 E2.5068 W0.2219 F600
G1 X333.5066 Y189.3061 Z0.3000 E13.4401 W-0.7817 F600
G1 X329.8749 Y188.5640 Z0.3000 E3.6697 W-1.3826 F600
G1 X324.5437 Y187.6391 Z0.3000 E5.3567 W-1.8086 F600
G1 X317.3936 Y186.6900 Z0.3000 E7.1407 W-2.4735 F600
G1 X311.0043 Y185.6228 Z0.3000 E6.4130 W-3.8333 F600
G1 X309.9609 Y185.5496 Z0.3000 E1.0355 W-6.2158 F600
G1 X308.9989 Y185.5972 Z0.3000 E0.9535 W-9.7774 F600
G1 X308.2927 Y185.8260 Z0.3000 E0.7349 W-5.2685 F600
G1 X308.0965 Y186.0059 Z0.3000 E0.2635 W-24.5730 F600
G1 X308.0279 Y186.2118 Z0.3000 E0.2149 W-29.0504 F600
G1 W-35.6250 ;in place turn
G1 X308.0935 Y186.4236 Z0.3000 W0.0000 E0.2195 F600
G1 X308.2900 Y186.6223 Z0.3000 E0.2767 W-27.4828 F600
G1 X308.6048 Y186.7951 Z0.3000 E0.3555 W-16.5535 F600
G1 X309.5022 Y187.0530 Z0.3000 E0.9244 W-12.7336 F600
G1 X317.0740 Y188.2221 Z0.3000 E7.5849 W1.2636 F600
G1 X323.6776 Y189.1358 Z0.3000 E6.5998 W-3.9980 F600
G1 X328.4919 Y189.9487 Z0.3000 E4.8336 W-1.4684 F600
G1 X333.1688 Y190.8917 Z0.3000 E4.7233 W0.0848 F600
G1 X343.8453 Y193.3433 Z0.3000 E10.8447 W0.7596 F600
G1 X347.3296 Y194.2315 Z0.3000 E3.5598 W0.7863 F600
G1 X353.1007 Y195.9589 Z0.3000 E5.9638 W0.4972 F600
G1 X356.0789 Y196.7348 Z0.3000 E3.0468 W0.3432 F600
G1 X360.1760 Y197.6356 Z0.3000 E4.1531 W0.8621 F600
G1 X370.0740 Y199.6140 Z0.3000 E9.9928 W2.5205 F600
G1 X372.6070 Y200.2043 Z0.3000 E2.5748 W-4.5652 F600
G1 X373.4673 Y200.5355 Z0.3000 E0.9127 W7.9395 F600
G1 X374.0046 Y200.9653 Z0.3000 E0.6811 W17.5987 F600
G1 W31.4415 ;in place turn
G1 X374.0879 Y201.1955 Z0.3000 W0.0000 E0.2424 F600
G1 W34.3509 ;in place turn
G1 X374.0330 Y201.4085 Z0.3000 W0.0000 E0.2178 F600
G1 W32.5113 ;in place turn
G1 X373.8478 Y201.5815 Z0.3000 W0.0000 E0.2508 F600
G1 X373.5528 Y201.6977 Z0.3000 E0.3139 W21.5455 F600
G1 X372.7384 Y201.7481 Z0.3000 E0.8078 W17.9468 F600
G1 X371.7719 Y201.6222 Z0.3000 E0.9649 W10.9731 F600
G1 X357.8029 Y198.7593 Z0.3000 E14.1167 W-1.3994 F600
G1 X353.2775 Y197.6613 Z0.3000 E4.6102 W4.2357 F600
G1 X346.4592 Y195.7269 Z0.3000 E7.0165 W2.0289 F600
G1 X342.9825 Y194.8313 Z0.3000 E3.5543 W0.4412 F600
G1 X333.3514 Y192.5859 Z0.3000 E9.7905 W-0.6981 F600
G1 X328.1605 Y191.5266 Z0.3000 E5.2449 W-1.6213 F600
G1 X322.2807 Y190.5423 Z0.3000 E5.9019 W-2.6493 F600
G1 X309.6765 Y188.7926 Z0.3000 E12.5978 W-4.1636 F600
G1 X308.6500 Y188.7249 Z0.3000 E1.0185 W-6.5162 F600
G1 X307.7235 Y188.7731 Z0.3000 E0.9184 W-9.9727 F600
G1 X307.0469 Y188.9962 Z0.3000 E0.7053 W-5.3531 F600
G1 X306.8605 Y189.1694 Z0.3000 E0.2520 W-24.6649 F600
G1 X306.7980 Y189.3667 Z0.3000 E0.2049 W-29.5315 F600
G1 W-36.1555 ;in place turn
G1 X306.8662 Y189.5694 Z0.3000 W0.0000 E0.2117 F600
G1 X307.0622 Y189.7599 Z0.3000 E0.2706 W-27.2194 F600
G1 X307.3743 Y189.9264 Z0.3000 E0.3502 W-16.1042 F600
G1 X308.2661 Y190.1771 Z0.3000 E0.9171 W-12.3840 F600
G1 X319.7904 Y191.7836 Z0.3000 E11.5194 W1.6207 F600
G1 X325.1815 Y192.6270 Z0.3000 E5.4021 W-3.6723 F600
G1 X330.9662 Y193.7220 Z0.3000 E5.8285 W-1.2031 F600
G1 X337.0925 Y195.0965 Z0.3000 E6.2158 W0.3710 F600
G1 X343.6214 Y196.6907 Z0.3000 E6.6535 W1.4954 F600
G1 X355.4550 Y199.8588 Z0.3000 E12.1279 W2.8909 F600
G1 X371.9325 Y203.3826 Z0.3000 E16.6815 W5.2136 F600
G1 X373.2863 Y203.8732 Z0.3000 E1.4256 W8.7590 F600
G1 X373.8912 Y204.3297 Z0.3000 E0.7502 W5.8636 F600
G1 X374.0388 Y204.5758 Z0.3000 E0.2841 W22.0055 F600
G1 X374.0622 Y204.8045 Z0.3000 E0.2276 W25.1163 F600
G1 W35.0051 ;in place turn
G1 X373.9583 Y204.9908 Z0.3000 W0.0000 E0.2112 F600
G1 W31.3651 ;in place turn
G1 X373.7360 Y205.1164 Z0.3000 W0.0000 E0.2528 F600
G1 X373.0191 Y205.1724 Z0.3000 E0.7119 W25.0080 F600
G1 X372.0978 Y205.0404 Z0.3000 E0.9214 W12.6177 F600
G1 X357.1589 Y201.9023 Z0.3000 E15.1122 W3.7085 F600
G1 X352.1224 Y200.6906 Z0.3000 E5.1284 W-1.9820 F600
G1 X343.2613 Y198.3019 Z0.3000 E9.0856 W2.1258 F600
G1 X337.7674 Y196.9192 Z0.3000 E5.6086 W0.4728 F600
G1 X331.6702 Y195.5179 Z0.3000 E6.1936 W-0.5875 F600
G1 X326.4565 Y194.4796 Z0.3000 E5.2630 W-1.2989 F600
G1 X317.3005 Y193.0239 Z0.3000 E9.1782 W-1.9337 F600
G1 X312.3607 Y192.3439 Z0.3000 E4.9365 W-2.8318 F600
G1 X307.9114 Y191.8292 Z0.3000 E4.4342 W-4.3437 F600
G1 X306.3108 Y191.7719 Z0.3000 E1.5856 W-6.7110 F600
G1 X305.3626 Y191.8889 Z0.3000 E0.9459 W-1.8058 F600
G1 X304.7058 Y192.1546 Z0.3000 E0.7015 W-14.9923 F600
G1 X304.5391 Y192.3242 Z0.3000 E0.2355 W-23.4730 F600
G1 W-30.9149 ;in place turn
G1 X304.4965 Y192.5005 Z0.3000 W0.0000 E0.1795 F600
G1 W-54.7214 ;in place turn
G1 X304.7786 Y192.8235 Z0.3000 W0.0000 E0.4246 F600
G1 W-32.4665 ;in place turn
G1 X305.9220 Y193.1600 Z0.3000 W0.0000 E1.1800 F600
G1 X314.2562 Y194.1966 Z0.3000 E8.3145 W-9.3093 F600
G1 X322.4131 Y195.4038 Z0.3000 E8.1633 W1.3289 F600
G1 X328.2348 Y196.4506 Z0.3000 E5.8559 W1.7747 F600
G1 X333.8951 Y197.6659 Z0.3000 E5.7314 W2.2678 F600
G1 X339.9277 Y199.1354 Z0.3000 E6.1469 W0.7834 F600
G1 X349.7954 Y201.7675 Z0.3000 E10.1106 W1.5144 F600
G1 X354.7986 Y203.0140 Z0.3000 E5.1046 W2.7338 F600
G1 X371.7706 Y206.6732 Z0.3000 E17.1884 W5.0450 F600
G1 X373.1377 Y207.1794 Z0.3000 E1.4432 W8.6401 F600
G1 X373.7595 Y207.6446 Z0.3000 E0.7688 W5.6232 F600
G1 X373.9108 Y207.8916 Z0.3000 E0.2868 W21.7256 F600
G1 X373.9322 Y208.1182 Z0.3000 E0.2253 W26.0707 F600
G1 W36.6513 ;in place turn
G1 X373.8221 Y208.2997 Z0.3000 W0.0000 E0.2102 F600
G1 W31.3380 ;in place turn
G1 X373.5926 Y208.4188 Z0.3000 W0.0000 E0.2560 F600
G1 X372.8672 Y208.4606 Z0.3000 E0.7193 W24.1150 F600
G1 X371.9461 Y208.3173 Z0.3000 E0.9228 W12.1364 F600
G1 X358.0180 Y205.4196 Z0.3000 E14.0840 W2.9146 F600
G1 X350.4439 Y203.6186 Z0.3000 E7.7075 W-2.1352 F600
G1 X335.0793 Y199.6083 Z0.3000 E15.7205 W1.7377 F600
G1 X329.9873 Y198.4502 Z0.3000 E5.1699 W0.1181 F600
G1 X324.7650 Y197.4256 Z0.3000 E5.2686 W-0.9329 F600
G1 X320.4877 Y196.7054 Z0.3000 E4.2942 W-1.7835 F600
G1 X315.0285 Y195.9024 Z0.3000 E5.4627 W-2.8751 F600
G1 X304.4550 Y194.6438 Z0.3000 E10.5416 W-4.6404 F600
G1 X302.9402 Y194.5777 Z0.3000 E1.5011 W-7.4150 F600
G1 X302.1571 Y194.6914 Z0.3000 E0.7834 W-2.0851 F600
G1 X301.5987 Y194.9577 Z0.3000 E0.6125 W-17.2376 F600
G1 X301.3510 Y195.3020 Z0.3000 E0.4199 W-28.7726 F600
G1 W-47.0353 ;in place turn
G1 X301.3843 Y195.4688 Z0.3000 W0.0000 E0.1684 F600
G1 W-34.1088 ;in place turn
G1 X301.5366 Y195.6190 Z0.3000 W0.0000 E0.2117 F600
G1 X302.6182 Y195.9544 Z0.3000 E1.1210 W-27.3571 F600
G1 X313.0835 Y197.2349 Z0.3000 E10.4380 W-10.2540 F600
G1 X319.0976 Y198.0954 Z0.3000 E6.0145 W1.1664 F600
G1 X325.5002 Y199.1867 Z0.3000 E6.4301 W4.2640 F600
G1 X331.7091 Y200.4801 Z0.3000 E6.2787 W-0.3495 F600
G1 X336.2397 Y201.5722 Z0.3000 E4.6138 W0.4549 F600
G1 X347.6046 Y204.5819 Z0.3000 E11.6391 W0.5008 F600
G1 X354.6256 Y206.3111 Z0.3000 E7.1585 W0.4000 F600
G1 X362.2676 Y208.0461 Z0.3000 E7.7582 W0.7494 F600
G1 X369.1002 Y209.3439 Z0.3000 E6.8852 W2.0339 F600
G1 X371.6457 Y209.9144 Z0.3000 E2.5825 W4.5626 F600
G1 X373.0376 Y210.3719 Z0.3000 E1.4505 W-2.5621 F600
G1 X373.7299 Y210.7822 Z0.3000 E0.7967 W12.4561 F600
G1 X374.0267 Y211.2448 Z0.3000 E0.5441 W26.6631 F600
G1 W43.6848 ;in place turn
G1 X373.9866 Y211.4511 Z0.3000 W0.0000 E0.2081 F600
G1 W34.8276 ;in place turn
G1 X373.8225 Y211.6106 Z0.3000 W0.0000 E0.2266 F600
G1 X373.5508 Y211.7081 Z0.3000 E0.2858 W24.4321 F600
G1 X373.1952 Y211.7400 Z0.3000 E0.3534 W14.6111 F600
G1 X372.3277 Y211.6445 Z0.3000 E0.8640 W11.4061 F600
G1 X369.8222 Y211.1120 Z0.3000 E2.5358 W-1.8207 F600
G1 X364.9942 Y210.3322 Z0.3000 E4.8416 W4.0415 F600
G1 X361.8697 Y209.6949 Z0.3000 E3.1569 W2.2508 F600
G1 X348.2520 Y206.4355 Z0.3000 E13.8624 W1.1055 F600
G1 X332.8910 Y202.4209 Z0.3000 E15.7182 W0.2709 F600
G1 X328.3062 Y201.3821 Z0.3000 E4.6540 W-0.4414 F600
G1 X323.6043 Y200.4613 Z0.3000 E4.7434 W-1.0676 F600
G1 X318.7788 Y199.6527 Z0.3000 E4.8439 W-1.6674 F600
G1 X312.7701 Y198.7886 Z0.3000 E6.0097 W-2.4423 F600
G1 X302.1182 Y197.5650 Z0.3000 E10.6148 W-3.6844 F600
G1 X300.5601 Y197.4754 Z0.3000 E1.5451 W-5.6556 F600
G1 X299.6001 Y197.5496 Z0.3000 E0.9532 W-1.5891 F600
G1 X298.8093 Y197.7608 Z0.3000 E0.8104 W-10.5294 F600
G1 X298.3483 Y198.0570 Z0.3000 E0.5425 W-17.7667 F600
G1 W-35.6312 ;in place turn
G1 X298.2871 Y198.2113 Z0.3000 W0.0000 E0.1643 F600
G1 W-44.6894 ;in place turn
G1 X298.3496 Y198.3583 Z0.3000 W0.0000 E0.1582 F600
G1 W-38.5652 ;in place turn
G1 X298.8217 Y198.6135 Z0.3000 W0.0000 E0.5313 F600
G1 X300.1614 Y198.8928 Z0.3000 E1.3548 W-16.6197 F600
G1 X308.6100 Y199.8536 Z0.3000 E8.4180 W-5.2879 F600
G1 X314.6695 Y200.6437 Z0.3000 E6.0497 W0.9409 F600
G1 X321.1643 Y201.6509 Z0.3000 E6.5067 W3.4802 F600
G1 X326.4297 Y202.6326 Z0.3000 E5.3025 W0.1009 F600
G1 X333.0506 Y204.1370 Z0.3000 E6.7217 W0.5818 F600
G1 X345.9056 Y207.5322 Z0.3000 E13.1629 W0.3699 F600
G1 X363.4670 Y211.8659 Z0.3000 E17.9073 W0.0492 F600
G1 X365.6690 Y212.2658 Z0.3000 E2.2157 W0.2482 F600
G1 X369.5664 Y212.6633 Z0.3000 E3.8784 W1.3970 F600
G1 X371.0871 Y212.9766 Z0.3000 E1.5371 W3.5421 F600
G1 X372.5185 Y213.4240 Z0.3000 E1.4847 W6.4516 F600
G1 X373.3414 Y213.8259 Z0.3000 E0.9066 W9.9021 F600
G1 X373.9133 Y214.3218 Z0.3000 E0.7495 W7.3784 F600
G1 X374.0530 Y214.5767 Z0.3000 E0.2877 W20.3428 F600
G1 X374.0755 Y214.8045 Z0.3000 E0.2266 W23.0786 F600
G1 W34.4794 ;in place turn
G1 X373.9790 Y214.9798 Z0.3000 W0.0000 E0.1981 F600
G1 W34.0660 ;in place turn
G1 X373.7734 Y215.0850 Z0.3000 W0.0000 E0.2287 F600
G1 X373.1141 Y215.0793 Z0.3000 E0.6527 W27.6062 F600
G1 X370.8787 Y214.4821 Z0.3000 E2.2906 W14.4527 F600
G1 X369.9699 Y214.3163 Z0.3000 E0.9146 W-4.6124 F600
G1 X369.2273 Y214.3219 Z0.3000 E0.7352 W-10.7775 F600
G1 X368.9843 Y214.4016 Z0.3000 E0.2532 W-17.7354 F600
G1 X368.8573 Y214.5287 Z0.3000 E0.1778 W-26.8510 F600
G1 W-44.4565 ;in place turn
G1 X368.8558 Y214.6932 Z0.3000 W0.0000 E0.1629 F600
G1 W-41.7200 ;in place turn
G1 X369.1986 Y215.0848 Z0.3000 W0.0000 E0.5152 F600
G1 X369.8662 Y215.4909 Z0.3000 E0.7736 W-17.4929 F600
G1 X372.8725 Y216.8124 Z0.3000 E3.2511 W-7.5803 F600
G1 X373.6190 Y217.2524 Z0.3000 E0.8578 W6.7851 F600
G1 X374.0856 Y217.7531 Z0.3000 E0.6776 W16.5070 F600
G1 X374.1596 Y217.9975 Z0.3000 E0.2528 W26.1341 F600
G1 X374.1136 Y218.2078 Z0.3000 E0.2131 W29.1619 F600
G1 W33.9848 ;in place turn
G1 X373.9536 Y218.3607 Z0.3000 W0.0000 E0.2191 F600
G1 X373.6967 Y218.4410 Z0.3000 E0.2665 W26.3428 F600
G1 X372.9861 Y218.3835 Z0.3000 E0.7058 W21.9784 F600
G1 X371.2816 Y217.7735 Z0.3000 E1.7923 W15.0678 F600
G1 X368.7193 Y216.5904 Z0.3000 E2.7940 W-2.4211 F600
G1 X365.9428 Y214.9887 Z0.3000 E3.1733 W4.1552 F600
G1 X364.7008 Y214.3598 Z0.3000 E1.3783 W1.0085 F600
G1 X363.3655 Y213.8211 Z0.3000 E1.4254 W-1.0588 F600
G1 X361.4849 Y213.2031 Z0.3000 E1.9598 W-2.0109 F600
G1 X356.5789 Y211.8588 Z0.3000 E5.0359 W-2.0929 F600
G1 X344.5558 Y208.8815 Z0.3000 E12.2624 W-1.7596 F600
G1 X333.1998 Y205.8626 Z0.3000 E11.6329 W-1.4367 F600
G1 X328.1643 Y204.6461 Z0.3000 E5.1285 W-1.3385 F600
G1 X323.5006 Y203.6898 Z0.3000 E4.7132 W-1.4810 F600
G1 X318.1632 Y202.7688 Z0.3000 E5.3621 W-1.8707 F600
G1 X311.6265 Y201.8228 Z0.3000 E6.5387 W-2.6941 F600
G1 X305.5157 Y201.0775 Z0.3000 E6.0946 W-4.3197 F600
G1 X297.1506 Y200.2095 Z0.3000 E8.3259 W-7.1391 F600
G1 X295.9025 Y200.3192 Z0.3000 E1.2404 W-0.2537 F600
G1 X295.3457 Y200.5837 Z0.3000 E0.6102 W-20.3899 F600
G1 X295.0996 Y200.9275 Z0.3000 E0.4186 W-28.9935 F600
G1 W-46.9820 ;in place turn
G1 X295.1332 Y201.0945 Z0.3000 W0.0000 E0.1687 F600
G1 W-33.8876 ;in place turn
G1 X295.2853 Y201.2451 Z0.3000 W0.0000 E0.2119 F600
G1 X295.5527 Y201.3759 Z0.3000 E0.2947 W-18.6585 F600
G1 X296.8523 Y201.6679 Z0.3000 E1.3187 W-13.4075 F600
G1 X308.0089 Y202.9537 Z0.3000 E11.1181 W-6.0849 F600
G1 X313.5229 Y203.6756 Z0.3000 E5.5054 W5.4247 F600
G1 X320.0031 Y204.6828 Z0.3000 E6.4924 W-1.0844 F600
G1 X325.2664 Y205.6707 Z0.3000 E5.3016 W0.4564 F600
G1 X330.8595 Y206.9528 Z0.3000 E5.6808 W1.2214 F600
G1 X342.2111 Y209.9755 Z0.3000 E11.6297 W1.6204 F600
G1 X356.7033 Y213.6091 Z0.3000 E14.7913 W2.0972 F600
G1 X360.5776 Y214.7344 Z0.3000 E3.9941 W3.0071 F600
G1 X363.3315 Y215.7286 Z0.3000 E2.8986 W4.5919 F600
G1 X372.2567 Y219.9398 Z0.3000 E9.7702 W7.0717 F600
G1 X373.4179 Y220.6391 Z0.3000 E1.3419 W0.0753 F600
G1 X373.9384 Y221.1981 Z0.3000 E0.7562 W15.9882 F600
G1 X374.0693 Y221.7140 Z0.3000 E0.5269 W28.7181 F600
G1 W44.3697 ;in place turn
G1 X373.9662 Y221.8916 Z0.3000 W0.0000 E0.2033 F600
G1 W34.3100 ;in place turn
G1 X373.7615 Y221.9895 Z0.3000 W0.0000 E0.2246 F600
G1 X373.1288 Y221.9444 Z0.3000 E0.6280 W29.6385 F600
G1 X372.3371 Y221.6733 Z0.3000 E0.8285 W14.8230 F600
G1 X363.3537 Y217.5815 Z0.3000 E9.7726 W5.5843 F600
G1 X361.1018 Y216.7107 Z0.3000 E2.3902 W-7.8522 F600
G1 X358.7526 Y215.9344 Z0.3000 E2.4494 W0.6413 F600
G1 X353.8652 Y214.5706 Z0.3000 E5.0234 W-0.7570 F600
G1 X341.8581 Y211.5787 Z0.3000 E12.2504 W-1.2125 F600
G1 X331.0090 Y208.6787 Z0.3000 E11.1178 W-1.2786 F600
G1 X326.4838 Y207.5787 Z0.3000 E4.6103 W-1.3276 F600
G1 X321.2828 Y206.5292 Z0.3000 E5.2528 W-1.4552 F600
G1 X315.3968 Y205.5490 Z0.3000 E5.9074 W-1.6432 F600
G1 X309.3522 Y204.7114 Z0.3000 E6.0413 W-1.9848 F600
G1 X300.4225 Y203.6681 Z0.3000 E8.9005 W-2.7680 F600
G1 X295.8724 Y203.1889 Z0.3000 E4.5294 W-4.3439 F600
G1 X294.3354 Y203.1022 Z0.3000 E1.5240 W-6.8986 F600
G1 X293.0766 Y203.3004 Z0.3000 E1.2616 W-10.3683 F600
G1 X292.7981 Y203.4442 Z0.3000 E0.3103 W-10.5503 F600
G1 X292.6238 Y203.6136 Z0.3000 E0.2406 W-16.8719 F600
G1 X292.5670 Y203.7940 Z0.3000 E0.1872 W-28.3174 F600
G1 W-37.9443 ;in place turn
G1 X292.6328 Y203.9707 Z0.3000 W0.0000 E0.1868 F600
G1 W-37.3991 ;in place turn
G1 X293.1139 Y204.2732 Z0.3000 W0.0000 E0.5626 F600
G1 X294.4872 Y204.5745 Z0.3000 E1.3919 W-19.7806 F600
G1 X306.8360 Y205.9836 Z0.3000 E12.3046 W-5.8666 F600
G1 X312.3682 Y206.7074 Z0.3000 E5.5235 W0.9447 F600
G1 X318.3089 Y207.6247 Z0.3000 E5.9510 W3.7161 F600
G1 X323.5819 Y208.6069 Z0.3000 E5.3101 W0.2392 F600
G1 X328.6723 Y209.7652 Z0.3000 E5.1683 W1.1337 F600
G1 X340.0167 Y212.7973 Z0.3000 E11.6252 W1.4905 F600
G1 X354.4960 Y216.4406 Z0.3000 E14.7814 W1.7165 F600
G1 X358.8464 Y217.7158 Z0.3000 E4.4881 W2.0487 F600
G1 X362.0740 Y218.8614 Z0.3000 E3.3906 W2.5963 F600
G1 X365.5892 Y220.3509 Z0.3000 E3.7796 W3.5213 F600
G1 X371.1468 Y222.9162 Z0.3000 E6.0599 W5.1594 F600
G1 X372.8105 Y223.7573 Z0.3000 E1.8456 W7.9142 F600
G1 X373.8251 Y224.5324 Z0.3000 E1.2640 W0.3873 F600
G1 X374.1504 Y225.0987 Z0.3000 E0.6466 W22.7445 F600
G1 X374.1578 Y225.3404 Z0.3000 E0.2395 W28.1394 F600
G1 W31.0651 ;in place turn
G1 X374.0572 Y225.5195 Z0.3000 W0.0000 E0.2034 F600
G1 W34.1916 ;in place turn
G1 X373.8587 Y225.6184 Z0.3000 W0.0000 E0.2195 F600
G1 W30.7434 ;in place turn
G1 X373.2430 Y225.5725 Z0.3000 W0.0000 E0.6112 F600
G1 X372.4670 Y225.2962 Z0.3000 E0.8154 W15.3415 F600
G1 X366.0928 Y222.3416 Z0.3000 E6.9554 W5.2655 F600
G1 X362.5961 Y220.8422 Z0.3000 E3.7666 W-1.6583 F600
G1 X359.8719 Y219.8147 Z0.3000 E2.8825 W-4.3504 F600
G1 X357.0474 Y218.8900 Z0.3000 E2.9423 W-0.7685 F600
G1 X352.1648 Y217.5238 Z0.3000 E5.0194 W-1.3419 F600
G1 X340.1618 Y214.5260 Z0.3000 E12.2480 W-1.3703 F600
G1 X329.3179 Y211.6195 Z0.3000 E11.1144 W-1.2868 F600
G1 X325.3065 Y210.6307 Z0.3000 E4.0901 W-1.3242 F600
G1 X320.1192 Y209.5665 Z0.3000 E5.2424 W-1.5244 F600
G1 X314.2392 Y208.5815 Z0.3000 E5.9023 W-1.9138 F600
G1 X308.7448 Y207.8137 Z0.3000 E5.4922 W-2.7020 F600
G1 X299.8436 Y206.7510 Z0.3000 E8.8748 W-4.2976 F600
G1 X291.4857 Y205.8728 Z0.3000 E8.3199 W3.6679 F600
G1 X290.2351 Y205.9644 Z0.3000 E1.2414 W-10.1888 F600
G1 X289.6935 Y206.2248 Z0.3000 E0.5950 W-21.4906 F600
G1 W-30.9521 ;in place turn
G1 X289.4620 Y206.5763 Z0.3000 W0.0000 E0.4166 F600
G1 W-45.2989 ;in place turn
G1 X289.4988 Y206.7501 Z0.3000 W0.0000 E0.1759 F600
G1 W-31.8768 ;in place turn
G1 X289.6501 Y206.9079 Z0.3000 W0.0000 E0.2164 F600
G1 X289.9126 Y207.0449 Z0.3000 E0.2932 W-18.6270 F600
G1 X291.1785 Y207.3449 Z0.3000 E1.2879 W-14.2347 F600
G1 X302.3528 Y208.6129 Z0.3000 E11.1335 W-6.8553 F600
G1 X309.5353 Y209.5122 Z0.3000 E7.1662 W5.5235 F600
G1 X316.0868 Y210.4816 Z0.3000 E6.5566 W-1.2292 F600
G1 X321.3705 Y211.4401 Z0.3000 E5.3162 W0.3968 F600
G1 X326.9829 Y212.7041 Z0.3000 E5.6955 W1.1812 F600
G1 X338.3202 Y215.7417 Z0.3000 E11.6198 W1.4665 F600
G1 X352.7996 Y219.3896 Z0.3000 E14.7825 W1.6052 F600
G1 X356.6813 Y220.5035 Z0.3000 E3.9981 W1.8170 F600
G1 X360.4233 Y221.7647 Z0.3000 E3.9093 W2.1632 F600
G1 X363.9957 Y223.1898 Z0.3000 E3.8077 W2.6838 F600
G1 X368.3100 Y225.1312 Z0.3000 E4.6837 W3.5727 F600
G1 X372.1128 Y226.9501 Z0.3000 E4.1733 W5.1874 F600
G1 X373.3088 Y227.6300 Z0.3000 E1.3620 W7.8769 F600
G1 X373.9426 Y228.1711 Z0.3000 E0.8250 W1.7702 F600
G1 X374.2706 Y228.7408 Z0.3000 E0.6508 W19.5773 F600
G1 X374.2789 Y228.9838 Z0.3000 E0.2407 W27.9938 F600
G1 W31.1675 ;in place turn
G1 X374.1782 Y229.1637 Z0.3000 W0.0000 E0.2041 F600
G1 W34.3783 ;in place turn
G1 X373.9786 Y229.2628 Z0.3000 W0.0000 E0.2206 F600
G1 W30.7986 ;in place turn
G1 X373.3587 Y229.2150 Z0.3000 W0.0000 E0.6155 F600
G1 X372.5804 Y228.9343 Z0.3000 E0.8192 W15.4292 F600
G1 X366.6670 Y226.1457 Z0.3000 E6.4725 W5.4133 F600
G1 X362.3097 Y224.2512 Z0.3000 E4.7038 W-1.7491 F600
G1 X359.1385 Y223.0478 Z0.3000 E3.3579 W-4.4409 F600
G1 X356.3225 Y222.1158 Z0.3000 E2.9366 W-0.8030 F600
G1 X350.9631 Y220.5988 Z0.3000 E5.5143 W-1.3786 F600
G1 X338.4677 Y217.4688 Z0.3000 E12.7526 W-1.4036 F600
G1 X327.6322 Y214.5554 Z0.3000 E11.1082 W-1.3097 F600
G1 X323.6206 Y213.5683 Z0.3000 E4.0900 W-1.3267 F600
G1 X318.9555 Y212.6058 Z0.3000 E4.7157 W-1.4800 F600
G1 X313.6196 Y211.6992 Z0.3000 E5.3582 W-1.7456 F600
G1 X306.4725 Y210.7029 Z0.3000 E7.1441 W-2.2412 F600
G1 X299.2584 Y209.8361 Z0.3000 E7.1933 W-3.2826 F600
G1 X289.6896 Y208.8393 Z0.3000 E9.5243 W-5.2620 F600
G1 X288.7531 Y208.8432 Z0.3000 E0.9272 W0.9367 F600
G1 X288.0006 Y208.9971 Z0.3000 E0.7604 W-11.3157 F600
G1 X287.5518 Y209.3025 Z0.3000 E0.5374 W-22.6776 F600
G1 W-36.0108 ;in place turn
G1 X287.4858 Y209.4860 Z0.3000 W0.0000 E0.1931 F600
G1 W-36.8937 ;in place turn
G1 X287.5424 Y209.6695 Z0.3000 W0.0000 E0.1901 F600
G1 X287.7239 Y209.8395 Z0.3000 E0.2462 W-29.7469 F600
G1 X288.0227 Y209.9877 Z0.3000 E0.3302 W-16.7264 F600
G1 X289.4229 Y210.3005 Z0.3000 E1.4203 W-13.7984 F600
G1 X307.8477 Y212.4729 Z0.3000 E18.3669 W3.5641 F600
G1 X314.9204 Y213.5191 Z0.3000 E7.0781 W-3.2825 F600
G1 X320.2036 Y214.4835 Z0.3000 E5.3169 W-0.7963 F600
G1 X325.8000 Y215.7628 Z0.3000 E5.6833 W0.6085 F600
G1 X337.1273 Y218.8104 Z0.3000 E11.6129 W1.2236 F600
G1 X351.5988 Y222.4619 Z0.3000 E14.7758 W1.4800 F600
G1 X355.4866 Y223.5764 Z0.3000 E4.0039 W1.7113 F600
G1 X359.2379 Y224.8238 Z0.3000 E3.9137 W2.0523 F600
G1 X362.3939 Y226.0451 Z0.3000 E3.3503 W2.5463 F600
G1 X366.3051 Y227.7537 Z0.3000 E4.2254 W3.2990 F600
G1 X371.3833 Y230.1838 Z0.3000 E5.5735 W4.4766 F600
G1 X373.0212 Y231.1070 Z0.3000 E1.8613 W6.1586 F600
G1 X373.7143 Y231.6966 Z0.3000 E0.9009 W8.2696 F600
G1 X373.9703 Y232.0192 Z0.3000 E0.4077 W10.7695 F600
G1 X374.1355 Y232.3337 Z0.3000 E0.3517 W7.6144 F600
G1 X374.1931 Y232.6092 Z0.3000 E0.2786 W15.8918 F600
G1 X374.1374 Y232.8154 Z0.3000 E0.2115 W26.9401 F600
G1 W39.0806 ;in place turn
G1 X373.9752 Y232.9324 Z0.3000 W0.0000 E0.1980 F600
G1 W30.4708 ;in place turn
G1 X373.7238 Y232.9558 Z0.3000 W0.0000 E0.2500 F600
G1 X373.0430 Y232.7735 Z0.3000 E0.6978 W20.3242 F600
G1 X366.8020 Y229.7622 Z0.3000 E6.8602 W10.7637 F600
G1 X362.9155 Y228.0215 Z0.3000 E4.2160 W-1.6316 F600
G1 X359.3393 Y226.5989 Z0.3000 E3.8102 W-5.2295 F600
G1 X355.6076 Y225.3285 Z0.3000 E3.9026 W-0.4933 F600
G1 X350.2645 Y223.7984 Z0.3000 E5.5023 W-1.3758 F600
G1 X336.2840 Y220.2794 Z0.3000 E14.2724 W-1.5492 F600
G1 X323.9619 Y216.9757 Z0.3000 E12.6298 W-1.4972 F600
G1 X320.9128 Y216.2752 Z0.3000 E3.0972 W-1.5068 F600
G1 X317.2657 Y215.5497 Z0.3000 E3.6815 W-1.6587 F600
G1 X309.7380 Y214.3327 Z0.3000 E7.5492 W-1.9812 F600
G1 X298.6636 Y212.9232 Z0.3000 E11.0521 W-2.6122 F600
G1 X289.0924 Y211.8665 Z0.3000 E9.5331 W-3.8183 F600
G1 X287.5269 Y211.7682 Z0.3000 E1.5528 W-5.8922 F600
G1 X286.6007 Y211.8504 Z0.3000 E0.9206 W-1.5840 F600
G1 X286.2308 Y211.9563 Z0.3000 E0.3808 W-10.9065 F600
G1 X285.7912 Y212.2737 Z0.3000 E0.5368 W-19.8528 F600
G1 W-41.9637 ;in place turn
G1 X285.7516 Y212.4571 Z0.3000 W0.0000 E0.1857 F600
G1 W-37.7699 ;in place turn
G1 X285.8370 Y212.6357 Z0.3000 W0.0000 E0.1961 F600
G1 X286.0394 Y212.7981 Z0.3000 E0.2569 W-25.6923 F600
G1 X286.7312 Y213.0565 Z0.3000 E0.7311 W-18.2625 F600
G1 X288.2289 Y213.3150 Z0.3000 E1.5047 W-10.6882 F600
G1 X306.6949 Y215.5099 Z0.3000 E18.4100 W4.6480 F600
G1 X312.6708 Y216.3853 Z0.3000 E5.9793 W-2.5404 F600
G1 X317.9922 Y217.3201 Z0.3000 E5.3489 W-0.3180 F600
G1 X324.1269 Y218.6849 Z0.3000 E6.2218 W0.9057 F600
G1 X335.4392 Y221.7481 Z0.3000 E11.6025 W1.4572 F600
G1 X349.9174 Y225.3957 Z0.3000 E14.7813 W1.7390 F600
G1 X355.7305 Y227.0810 Z0.3000 E5.9919 W2.0330 F600
G1 X360.7891 Y228.8976 Z0.3000 E5.3211 W2.4644 F600
G1 X363.8672 Y230.1965 Z0.3000 E3.3076 W3.1739 F600
G1 X367.2881 Y231.7766 Z0.3000 E3.7305 W4.5029 F600
G1 X370.1964 Y233.2334 Z0.3000 E3.2202 W-1.2519 F600
G1 X371.5292 Y234.0542 Z0.3000 E1.5497 W5.0206 F600
G1 X371.6566 Y234.2286 Z0.3000 E0.2138 W22.2377 F600
G1 W46.1108 ;in place turn
G1 X371.6312 Y234.3728 Z0.3000 W0.0000 E0.1450 F600
G1 W64.8320 ;in place turn
G1 X371.0728 Y234.5245 Z0.3000 W0.0000 E0.5728 F600
G1 X370.0148 Y234.4509 Z0.3000 E1.0500 W19.1684 F600
G1 X368.8519 Y234.1849 Z0.3000 E1.1811 W8.9113 F600
G1 X367.3622 Y233.6135 Z0.3000 E1.5795 W8.0970 F600
G1 X363.9413 Y231.9993 Z0.3000 E3.7448 W-2.8428 F600
G1 X360.4364 Y230.5000 Z0.3000 E3.7740 W1.5705 F600
G1 X357.2532 Y229.3076 Z0.3000 E3.3652 W-0.2431 F600
G1 X353.9562 Y228.2338 Z0.3000 E3.4327 W-1.1979 F600
G1 X348.5820 Y226.7300 Z0.3000 E5.5249 W-1.4757 F600
G1 X335.0914 Y223.3449 Z0.3000 E13.7697 W-1.4138 F600
G1 X324.7843 Y220.5288 Z0.3000 E10.5781 W-1.3377 F600
G1 X320.7661 Y219.5443 Z0.3000 E4.0956 W-1.4096 F600
G1 X315.0327 Y218.4029 Z0.3000 E5.7875 W-1.6191 F600
G1 X308.0271 Y217.2952 Z0.3000 E7.0216 W-1.9440 F600
G1 X298.6343 Y216.0798 Z0.3000 E9.3764 W-2.5287 F600
G1 X287.4346 Y214.7895 Z0.3000 E11.1611 W-3.6755 F600
G1 X285.2991 Y214.6045 Z0.3000 E2.1221 W-5.6610 F600
G1 X284.4859 Y214.6628 Z0.3000 E0.8071 W-1.3033 F600
G1 X284.1824 Y214.7588 Z0.3000 E0.3152 W-13.4552 F600
G1 X283.9565 Y214.8988 Z0.3000 E0.2631 W-14.2237 F600
G1 W-31.0963 ;in place turn
G1 X283.7703 Y215.2621 Z0.3000 W0.0000 E0.4041 F600
G1 W-44.4706 ;in place turn
G1 X283.8294 Y215.4511 Z0.3000 W0.0000 E0.1961 F600
G1 X283.9977 Y215.6251 Z0.3000 E0.2396 W-26.7093 F600
G1 X284.2708 Y215.7762 Z0.3000 E0.3090 W-16.9924 F600
G1 X285.5419 Y216.0993 Z0.3000 E1.2984 W-14.6913 F600
G1 X301.1134 Y217.9706 Z0.3000 E15.5267 W2.4474 F600
G1 X309.3438 Y219.0952 Z0.3000 E8.2238 W-3.7237 F600
G1 X316.2947 Y220.2662 Z0.3000 E6.9784 W-1.0787 F600
G1 X322.4582 Y221.6042 Z0.3000 E6.2439 W0.4903 F600
G1 X333.2597 Y224.5537 Z0.3000 E11.0850 W1.2061 F600
G1 X347.7439 Y228.1923 Z0.3000 E14.7849 W1.5187 F600
G1 X353.1310 Y229.6817 Z0.3000 E5.5333 W1.9026 F600
G1 X356.4431 Y230.7440 Z0.3000 E3.4436 W2.7249 F600
G1 X359.6386 Y231.9255 Z0.3000 E3.3728 W4.2919 F600
G1 X362.6971 Y233.2352 Z0.3000 E3.2939 W-0.8616 F600
G1 X364.0911 Y233.9994 Z0.3000 E1.5738 W5.5492 F600
G1 X364.2317 Y234.1676 Z0.3000 E0.2170 W21.3914 F600
G1 W46.3233 ;in place turn
G1 X364.2155 Y234.3110 Z0.3000 W0.0000 E0.1429 F600
G1 W66.9379 ;in place turn
G1 X363.6538 Y234.4786 Z0.3000 W0.0000 E0.5803 F600
G1 X362.5588 Y234.4410 Z0.3000 E1.0847 W18.5835 F600
G1 X361.3373 Y234.2221 Z0.3000 E1.2285 W8.1941 F600
G1 X360.2460 Y233.9030 Z0.3000 E1.1257 W6.1371 F600
G1 X355.1632 Y232.0257 Z0.3000 E5.3642 W-2.7240 F600
G1 X350.3627 Y230.5748 Z0.3000 E4.9648 W1.3735 F600
G1 X332.9155 Y226.1478 Z0.3000 E17.8201 W-0.1668 F600
G1 X322.6221 Y223.3151 Z0.3000 E10.5693 W-1.0460 F600
G1 X317.5335 Y222.1517 Z0.3000 E5.1677 W-1.5360 F600
G1 X311.1907 Y220.9973 Z0.3000 E6.3825 W-1.8963 F600
G1 X303.5717 Y219.8832 Z0.3000 E7.6230 W-2.3909 F600
G1 X287.4172 Y217.9214 Z0.3000 E16.1105 W-3.3850 F600
G1 X284.6189 Y217.6388 Z0.3000 E2.7844 W-5.3234 F600
G1 X283.6831 Y217.6234 Z0.3000 E0.9265 W1.7394 F600
G1 X282.9552 Y217.7585 Z0.3000 E0.7329 W-11.4530 F600
G1 X282.5327 Y218.0581 Z0.3000 E0.5128 W-24.8375 F600
G1 W-37.5480 ;in place turn
G1 X282.4752 Y218.2452 Z0.3000 W0.0000 E0.1937 F600
G1 W-34.9894 ;in place turn
G1 X282.5365 Y218.4352 Z0.3000 W0.0000 E0.1977 F600
G1 X282.7196 Y218.6133 Z0.3000 E0.2529 W-27.8997 F600
G1 X283.0169 Y218.7700 Z0.3000 E0.3327 W-16.4239 F600
G1 X283.8772 Y219.0115 Z0.3000 E0.8846 W-12.1112 F600
G1 X299.9461 Y221.0033 Z0.3000 E16.0299 W0.9521 F600
G1 X306.5376 Y221.8993 Z0.3000 E6.5856 W-3.7814 F600
G1 X313.5424 Y223.0234 Z0.3000 E7.0235 W-1.2036 F600
G1 X319.7713 Y224.2911 Z0.3000 E6.2931 W0.3806 F600
G1 X323.7707 Y225.2939 Z0.3000 E4.0819 W1.1560 F600
G1 X333.0686 Y227.8685 Z0.3000 E9.5513 W1.5946 F600
G1 X348.5494 Y231.7652 Z0.3000 E15.8041 W2.3321 F600
G1 X352.9216 Y233.0184 Z0.3000 E4.5028 W-1.1162 F600
G1 X355.2241 Y233.8083 Z0.3000 E2.4099 W2.9422 F600
G1 X356.2436 Y234.2614 Z0.3000 E1.1045 W5.0234 F600
G1 W30.0019 ;in place turn
G1 X356.3413 Y234.3956 Z0.3000 W0.0000 E0.1643 F600
G1 W77.0051 ;in place turn
G1 X356.2423 Y234.5095 Z0.3000 W0.0000 E0.1494 F600
G1 W34.1825 ;in place turn
G1 X355.9272 Y234.5931 Z0.3000 W0.0000 E0.3227 F600
G1 X354.7473 Y234.6375 Z0.3000 E1.1690 W12.6958 F600
G1 X352.5298 Y234.4194 Z0.3000 E2.2059 W7.7718 F600
G1 X350.6934 Y234.0619 Z0.3000 E1.8522 W5.4000 F600
G1 X345.7382 Y232.6989 Z0.3000 E5.0878 W-0.6490 F600
G1 X331.7384 Y229.1984 Z0.3000 E14.2865 W1.9556 F600
G1 X321.4494 Y226.3630 Z0.3000 E10.5658 W0.4740 F600
G1 X317.9073 Y225.5305 Z0.3000 E3.6023 W-0.5727 F600
G1 X313.7418 Y224.6932 Z0.3000 E4.2063 W-1.3013 F600
G1 X307.3235 Y223.6249 Z0.3000 E6.4415 W-1.9435 F600
G1 X298.5416 Y222.4123 Z0.3000 E8.7766 W-2.8654 F600
G1 X285.1160 Y220.7961 Z0.3000 E13.3873 W-4.4702 F600
G1 X282.5288 Y220.6054 Z0.3000 E2.5683 W-7.0168 F600
G1 X281.7241 Y220.7277 Z0.3000 E0.8058 W-3.2720 F600
G1 X281.4419 Y220.8574 Z0.3000 E0.3075 W-16.0249 F600
G1 X281.2688 Y221.0256 Z0.3000 E0.2389 W-19.5155 F600
G1 W-31.1531 ;in place turn
G1 X281.2186 Y221.2176 Z0.3000 W0.0000 E0.1965 F600
G1 W-35.9304 ;in place turn
G1 X281.2955 Y221.4150 Z0.3000 W0.0000 E0.2097 F600
G1 X281.4947 Y221.6009 Z0.3000 E0.2698 W-25.7142 F600
G1 X281.8042 Y221.7639 Z0.3000 E0.3463 W-15.2374 F600
G1 X282.6811 Y222.0118 Z0.3000 E0.9022 W-11.9937 F600
G1 X304.2833 Y224.7884 Z0.3000 E21.5621 W1.2562 F600
G1 X309.6970 Y225.6179 Z0.3000 E5.4221 W-3.4576 F600
G1 X314.9901 Y226.5710 Z0.3000 E5.3244 W-0.7827 F600
G1 X321.6098 Y228.0770 Z0.3000 E6.7210 W1.2649 F600
G1 X330.4132 Y230.5253 Z0.3000 E9.0462 W1.4750 F600
G1 X339.8969 Y232.9150 Z0.3000 E9.6823 W-1.3986 F600
G1 X344.9277 Y234.2810 Z0.3000 E5.1609 W1.0483 F600
G1 W40.4693 ;in place turn
G1 X344.9959 Y234.3808 Z0.3000 W0.0000 E0.1196 F600
G1 W96.8172 ;in place turn
G1 X344.8217 Y234.4715 Z0.3000 W0.0000 E0.1944 F600
G1 X344.3848 Y234.5447 Z0.3000 E0.4386 W18.0218 F600
G1 X341.9432 Y234.5772 Z0.3000 E2.4174 W8.7375 F600
G1 X339.4310 Y234.3503 Z0.3000 E2.4972 W5.9224 F600
G1 X337.0160 Y233.9475 Z0.3000 E2.4238 W1.3034 F600
G1 X335.4793 Y233.5859 Z0.3000 E1.5629 W3.1190 F600
G1 X319.7758 Y229.2861 Z0.3000 E16.1188 W1.4677 F600
G1 X315.1844 Y228.2537 Z0.3000 E4.6589 W0.1165 F600
G1 X309.9107 Y227.2803 Z0.3000 E5.3091 W-0.8660 F600
G1 X303.9535 Y226.3501 Z0.3000 E5.9691 W-1.5860 F600
G1 X296.8255 Y225.3721 Z0.3000 E7.1228 W-2.3857 F600
G1 X284.0092 Y223.8013 Z0.3000 E12.7831 W-3.6933 F600
G1 X281.9064 Y223.6432 Z0.3000 E2.0877 W-5.8245 F600
G1 X280.9780 Y223.7307 Z0.3000 E0.9232 W-2.1914 F600
G1 X280.6080 Y223.8390 Z0.3000 E0.3817 W-10.9377 F600
G1 X280.1708 Y224.1584 Z0.3000 E0.5360 W-19.8356 F600
G1 W-42.4002 ;in place turn
G1 X280.1338 Y224.3409 Z0.3000 W0.0000 E0.1844 F600
G1 W-52.6574 ;in place turn
G1 X280.4284 Y224.6772 Z0.3000 W0.0000 E0.4426 F600
G1 W-31.8170 ;in place turn
G1 X281.5754 Y225.0273 Z0.3000 W0.0000 E1.1872 F600
G1 X295.4276 Y226.7775 Z0.3000 E13.8227 W-9.7703 F600
G1 X303.1030 Y227.8351 Z0.3000 E7.6704 W0.6447 F600
G1 X312.7674 Y229.4207 Z0.3000 E9.6957 W1.4714 F600
G1 X316.3993 Y230.1623 Z0.3000 E3.6697 W2.2246 F600
G1 X320.9388 Y231.2507 Z0.3000 E4.6215 W1.9409 F600
G1 X331.7233 Y234.3406 Z0.3000 E11.1062 W2.5050 F600
G1 W46.4633 ;in place turn
G1 X331.7781 Y234.4456 Z0.3000 W0.0000 E0.1172 F600
G1 W90.5533 ;in place turn
G1 X331.5937 Y234.5395 Z0.3000 W0.0000 E0.2048 F600
G1 X330.4802 Y234.6547 Z0.3000 E1.1083 W21.0891 F600
G1 X328.7391 Y234.6225 Z0.3000 E1.7240 W6.9681 F600
G1 X327.0245 Y234.4546 Z0.3000 E1.7055 W4.5318 F600
G1 X324.5159 Y233.9667 Z0.3000 E2.5300 W1.6665 F600
G1 X320.0988 Y232.7131 Z0.3000 E4.5457 W2.4650 F600
G1 X315.0446 Y231.5169 Z0.3000 E5.1419 W0.5919 F600
G1 X307.1213 Y230.0674 Z0.3000 E7.9742 W-0.9982 F600
G1 X294.0008 Y228.1810 Z0.3000 E13.1229 W-2.4141 F600
G1 X282.9139 Y226.8107 Z0.3000 E11.0595 W-3.9870 F600
G1 X281.3123 Y226.7114 Z0.3000 E1.5886 W-6.1265 F600
G1 X280.3654 Y226.8048 Z0.3000 E0.9419 W-2.4218 F600
G1 X279.9923 Y226.9162 Z0.3000 E0.3855 W-10.9884 F600
G1 X279.5629 Y227.2363 Z0.3000 E0.5303 W-20.0815 F600
G1 W-45.1421 ;in place turn
G1 X279.5372 Y227.4155 Z0.3000 W0.0000 E0.1793 F600
G1 W-53.2906 ;in place turn
G1 X279.8648 Y227.7416 Z0.3000 W0.0000 E0.4577 F600
G1 X281.0399 Y228.0848 Z0.3000 E1.2119 W-28.5854 F600
G1 X286.9990 Y228.9221 Z0.3000 E5.9575 W-8.2829 F600
G1 X294.8311 Y229.8724 Z0.3000 E7.8107 W-1.0802 F600
G1 X305.2020 Y231.3615 Z0.3000 E10.3724 W6.8086 F600
G1 X313.6809 Y232.8749 Z0.3000 E8.5268 W-3.6066 F600
G1 X319.0210 Y234.1929 Z0.3000 E5.4453 W3.7442 F600
G1 X319.2755 Y234.2978 Z0.3000 E0.2725 W8.5363 F600
G1 W36.3892 ;in place turn
G1 X319.3374 Y234.4000 Z0.3000 W0.0000 E0.1183 F600
G1 W93.7791 ;in place turn
G1 X319.1563 Y234.4941 Z0.3000 W0.0000 E0.2021 F600
G1 X318.0331 Y234.6208 Z0.3000 E1.1190 W20.9931 F600
G1 X316.2647 Y234.6157 Z0.3000 E1.7508 W6.6025 F600
G1 X313.7589 Y234.4114 Z0.3000 E2.4889 W4.4961 F600
G1 X309.5378 Y233.8968 Z0.3000 E4.2099 W-0.1201 F600
G1 X304.8875 Y232.9181 Z0.3000 E4.7046 W2.1822 F600
G1 X299.3884 Y232.2000 Z0.3000 E5.4903 W0.7125 F600
G1 X293.9745 Y231.3367 Z0.3000 E5.4274 W-0.5463 F600
G1 X287.7791 Y230.6403 Z0.3000 E6.1721 W-1.9583 F600
G1 X282.3476 Y229.8772 Z0.3000 E5.4300 W-3.9594 F600
G1 X280.7582 Y229.7802 Z0.3000 E1.5764 W-6.8617 F600
G1 X279.9128 Y229.9005 Z0.3000 E0.8455 W-2.2072 F600
G1 X279.6356 Y230.0337 Z0.3000 E0.3044 W-17.5699 F600
G1 X279.4861 Y230.2067 Z0.3000 E0.2264 W-23.4979 F600
G1 W-37.4211 ;in place turn
G1 X279.4744 Y230.4027 Z0.3000 W0.0000 E0.1944 F600
G1 W-46.9994 ;in place turn
G1 X279.8400 Y230.7868 Z0.3000 W0.0000 E0.5250 F600
G1 X281.0475 Y231.1941 Z0.3000 E1.2616 W-27.7752 F600
G1 X285.2158 Y231.8882 Z0.3000 E4.1835 W-9.1845 F600
cut_filament
G1 X286.9187 Y232.1718 Z0.3000 W0.0000 F450
G1 X294.2442 Y232.9496 Z0.3000 W0.0000 F450
G1 X298.9158 Y233.8839 Z0.3000 W0.0000 F450
G1 X304.1274 Y234.3570 Z0.3000 W0.0000 F450
G1 X305.4167 Y234.6194 Z0.3000 W0.0000 F450
G1 X306.4425 Y235.0000 Z0.3000 W0.0000 F450
; sum of skipped extrusion after the cut: 21.5
G0 X311.1302 Y236.7393 Z0.3000 W0.0000 F450 ;Ironing out move
;------------------------
; - END OF Fiber STRETCH #8 -
;------------------------
;========================
; - END OF ZCHUNK #4, range=[0.30, 0.30] -
;========================
;========================
; - START OF ZCHUNK #5, range=[0.45, 0.45] -
;========================
;- START OF POLYMER STRETCH INITIALIZATION -
G10 S1
; nozzle change gcode for switching from the fiber guide (T0) to the polymer nozzle(T1)
M104 S230 T1 ; set polymer nozzle temperature
SET_STATE_TARGET STATE=buffer TARGET=0

G91 ; use relative coordinates
G0 Z3.0000 F5500 ; sits currently at heigth +3 over layer
G90 ; use absolute coordinates
M83 ; extruder relative mode

M109 S230 T1 ; wait for polymer nozzle temperature
M104 S230 T1 ; set polymer nozzle temperature
T1 ; change nozzle
; end of T1 for Shoed-Red-Series
;- START OF POLYMER STRETCH INITIALIZATION -
G10
G0 Z0.4500 F5500
G0 X277.5125 Y234.2000
G0 Z0.4500
G1 F3600
G11
;- END OF POLYMER STRETCH INITIALIZATION -
;------------------------
; - START OF POLYMER STRETCH #9 (Infill) -
;------------------------
G1 X175.3000 Y234.2000 E69.5045 ; infill
G1 X175.3000 Y233.2000 E0.6800 ; infill step
G1 X277.5125 Y233.2000 E69.5045 ; infill
G1 X277.5125 Y232.2000 E0.6800 ; infill step
G1 X175.3000 Y232.2000 E69.5045 ; infill
G1 X175.3000 Y231.2000 E0.6800 ; infill step
G1 X278.0632 Y231.2000 E69.8790 ; infill
G1 X278.1375 Y230.2000 E0.6819 ; infill step
G1 X175.3000 Y230.2000 E69.9295 ; infill
G1 X175.3000 Y229.2000 E0.6800 ; infill step
G1 X278.1375 Y229.2000 E69.9295 ; infill
G1 X278.1375 Y228.2000 E0.6800 ; infill step
G1 X175.3000 Y228.2000 E69.9295 ; infill
G1 X175.3000 Y227.2000 E0.6800 ; infill step
G1 X278.3132 Y227.2000 E70.0490 ; infill
G1 X278.7625 Y226.2000 E0.7455 ; infill step
G1 X175.3000 Y226.2000 E70.3545 ; infill
G1 X175.3000 Y225.2000 E0.6800 ; infill step
G1 X278.7625 Y225.2000 E70.3545 ; infill
G1 X278.8192 Y224.2000 E0.6811 ; infill step
G1 X175.3000 Y224.2000 E70.3931 ; infill
G1 X175.3000 Y223.2000 E0.6800 ; infill step
G1 X279.3875 Y223.2000 E70.7795 ; infill
G1 X279.5632 Y222.2000 E0.6904 ; infill step
G1 X175.3000 Y222.2000 E70.8990 ; infill
G1 X175.3000 Y221.2000 E0.6800 ; infill step
G1 X280.0125 Y221.2000 E71.2045 ; infill
G1 X280.3132 Y220.2000 E0.7101 ; infill step
G1 X175.3000 Y220.2000 E71.4090 ; infill
G1 X175.3000 Y219.2000 E0.6800 ; infill step
G1 X280.6942 Y219.2000 E71.6681 ; infill
G1 X281.2625 Y218.2000 E0.7821 ; infill step
G1 X175.3000 Y218.2000 E72.0545 ; infill
G1 X175.3000 Y217.2000 E0.6800 ; infill step
G1 X281.8875 Y217.2000 E72.4795 ; infill
G1 X282.4382 Y216.2000 E0.7763 ; infill step
G1 X175.3000 Y216.2000 E72.8540 ; infill
G1 X175.3000 Y215.2000 E0.6800 ; infill step
G1 X282.8132 Y215.2000 E73.1090 ; infill
G1 X283.1942 Y214.2000 E0.7277 ; infill step
G1 X175.3000 Y214.2000 E73.3681 ; infill
G1 X175.3000 Y213.2000 E0.6800 ; infill step
G1 X283.7625 Y213.2000 E73.7545 ; infill
G1 X284.5632 Y212.2000 E0.8711 ; infill step
G1 X175.3000 Y212.2000 E74.2990 ; infill
G1 X175.3000 Y211.2000 E0.6800 ; infill step
G1 X285.0170 Y211.2000 E74.6076 ; infill
G1 X285.9382 Y210.2000 E0.9246 ; infill step
G1 X175.3000 Y210.2000 E75.2340 ; infill
G1 X175.3000 Y209.2000 E0.6800 ; infill step
G1 X286.3192 Y209.2000 E75.4931 ; infill
G1 X287.3132 Y208.2000 E0.9588 ; infill step
G1 X175.3000 Y208.2000 E76.1690 ; infill
G1 X175.3000 Y207.2000 E0.6800 ; infill step
G1 X288.1375 Y207.2000 E76.7295 ; infill
G1 X288.6882 Y206.2000 E0.7763 ; infill step
G1 X175.3000 Y206.2000 E77.1040 ; infill
G1 X175.3000 Y205.2000 E0.6800 ; infill step
G1 X289.6882 Y205.2000 E77.7840 ; infill
G1 X290.6882 Y204.2000 E0.9617 ; infill step
G1 X175.3000 Y204.2000 E78.4640 ; infill
G1 X175.3000 Y203.2000 E0.6800 ; infill step
G1 X291.6882 Y203.2000 E79.1440 ; infill
G1 X292.6882 Y202.2000 E0.9617 ; infill step
G1 X175.3000 Y202.2000 E79.8240 ; infill
G1 X175.3000 Y201.2000 E0.6800 ; infill step
G1 X293.6882 Y201.2000 E80.5040 ; infill
G1 X294.6882 Y200.2000 E0.9617 ; infill step
G1 X175.3000 Y200.2000 E81.1840 ; infill
G1 X175.3000 Y199.2000 E0.6800 ; infill step
G1 X295.6882 Y199.2000 E81.8640 ; infill
G1 X296.6882 Y198.2000 E0.9617 ; infill step
G1 X175.3000 Y198.2000 E82.5440 ; infill
G1 X175.3000 Y197.2000 E0.6800 ; infill step
G1 X298.3132 Y197.2000 E83.6490 ; infill
G1 X299.3132 Y196.2000 E0.9617 ; infill step
G1 X175.3000 Y196.2000 E84.3290 ; infill
G1 X175.3000 Y195.2000 E0.6800 ; infill step
G1 X300.3132 Y195.2000 E85.0090 ; infill
G1 X301.3132 Y194.2000 E0.9617 ; infill step
G1 X175.3000 Y194.2000 E85.6890 ; infill
G1 X175.3000 Y193.2000 E0.6800 ; infill step
G1 X302.3132 Y193.2000 E86.3690 ; infill
G1 X303.3132 Y192.2000 E0.9617 ; infill step
G1 X175.3000 Y192.2000 E87.0490 ; infill
G1 X175.3000 Y191.2000 E0.6800 ; infill step
G1 X304.3132 Y191.2000 E87.7290 ; infill
G1 X304.6882 Y190.2000 E0.7262 ; infill step
G1 X175.3000 Y190.2000 E87.9840 ; infill
G1 X175.3000 Y189.2000 E0.6800 ; infill step
G1 X305.6375 Y189.2000 E88.6295 ; infill
G1 X306.0632 Y188.2000 E0.7391 ; infill step
G1 X175.3000 Y188.2000 E88.9190 ; infill
G1 X175.3000 Y187.2000 E0.6800 ; infill step
G1 X306.2625 Y187.2000 E89.0545 ; infill
G1 X306.8132 Y186.2000 E0.7763 ; infill step
G1 X175.3000 Y186.2000 E89.4290 ; infill
G1 X175.3000 Y185.2000 E0.6800 ; infill step
G1 X306.8875 Y185.2000 E89.4795 ; infill
G1 X306.8875 Y184.2000 E0.6800 ; infill step
G1 X175.3000 Y184.2000 E89.4795 ; infill
G1 X175.3000 Y183.2000 E0.6800 ; infill step
G1 X306.2724 Y183.2000 E89.0612 ; infill
G1 X306.2625 Y182.2000 E0.6800 ; infill step
G1 X175.3000 Y182.2000 E89.0545 ; infill
G1 X175.3000 Y181.2000 E0.6800 ; infill step
G1 X305.6375 Y181.2000 E88.6295 ; infill
G1 X305.0894 Y180.2000 E0.7755 ; infill step
G1 X175.3000 Y180.2000 E88.2568 ; infill
G1 X175.3000 Y179.2000 E0.6800 ; infill step
G1 X304.7132 Y179.2000 E88.0010 ; infill
G1 X303.7132 Y178.2000 E0.9617 ; infill step
G1 X175.3000 Y178.2000 E87.3210 ; infill
G1 X175.3000 Y177.2000 E0.6800 ; infill step
G1 X302.7132 Y177.2000 E86.6410 ; infill
G1 X301.7132 Y176.2000 E0.9617 ; infill step
G1 X175.3000 Y176.2000 E85.9610 ; infill
G1 X175.3000 Y175.2000 E0.6800 ; infill step
G1 X300.7132 Y175.2000 E85.2810 ; infill
G1 X299.7132 Y174.2000 E0.9617 ; infill step
G1 X175.3000 Y174.2000 E84.6010 ; infill
G1 X175.3000 Y173.2000 E0.6800 ; infill step
G1 X298.7132 Y173.2000 E83.9210 ; infill
G1 X297.0882 Y172.2000 E1.2975 ; infill step
G1 X175.3000 Y172.2000 E82.8160 ; infill
G1 X175.3000 Y171.2000 E0.6800 ; infill step
G1 X296.0882 Y171.2000 E82.1360 ; infill
G1 X295.0882 Y170.2000 E0.9617 ; infill step
G1 X175.3000 Y170.2000 E81.4560 ; infill
G1 X175.3000 Y169.2000 E0.6800 ; infill step
G1 X294.0882 Y169.2000 E80.7760 ; infill
G1 X293.0882 Y168.2000 E0.9617 ; infill step
G1 X175.3000 Y168.2000 E80.0960 ; infill
G1 X175.3000 Y167.2000 E0.6800 ; infill step
G1 X292.0882 Y167.2000 E79.4160 ; infill
G1 X291.0882 Y166.2000 E0.9617 ; infill step
G1 X175.3000 Y166.2000 E78.7360 ; infill
G1 X175.3000 Y165.2000 E0.6800 ; infill step
G1 X290.0882 Y165.2000 E78.0560 ; infill
G1 X289.0882 Y164.2000 E0.9617 ; infill step
G1 X175.3000 Y164.2000 E77.3760 ; infill
G1 X175.3000 Y163.2000 E0.6800 ; infill step
G1 X288.7132 Y163.2000 E77.1210 ; infill
G1 X287.7132 Y162.2000 E0.9617 ; infill step
G1 X175.3000 Y162.2000 E76.4410 ; infill
G1 X175.3000 Y161.2000 E0.6800 ; infill step
G1 X286.8875 Y161.2000 E75.8795 ; infill
G1 X286.3382 Y160.2000 E0.7758 ; infill step
G1 X175.3000 Y160.2000 E75.5060 ; infill
G1 X175.3000 Y159.2000 E0.6800 ; infill step
G1 X285.3382 Y159.2000 E74.8260 ; infill
G1 X284.9632 Y158.2000 E0.7262 ; infill step
G1 X175.3000 Y158.2000 E74.5710 ; infill
G1 X175.3000 Y157.2000 E0.6800 ; infill step
G1 X284.3875 Y157.2000 E74.1795 ; infill
G1 X283.5882 Y156.2000 E0.8705 ; infill step
G1 X175.3000 Y156.2000 E73.6360 ; infill
G1 X175.3000 Y155.2000 E0.6800 ; infill step
G1 X283.1375 Y155.2000 E73.3295 ; infill
G1 X282.5125 Y154.2000 E0.8019 ; infill step
G1 X175.3000 Y154.2000 E72.9045 ; infill
G1 X175.3000 Y153.2000 E0.6800 ; infill step
G1 X281.8974 Y153.2000 E72.4862 ; infill
G1 X281.4632 Y152.2000 E0.7413 ; infill step
G1 X175.3000 Y152.2000 E72.1910 ; infill
G1 X175.3000 Y151.2000 E0.6800 ; infill step
G1 X281.0882 Y151.2000 E71.9360 ; infill
G1 X280.6375 Y150.2000 E0.7459 ; infill step
G1 X175.3000 Y150.2000 E71.6295 ; infill
G1 X175.3000 Y149.2000 E0.6800 ; infill step
G1 X280.3382 Y149.2000 E71.4260 ; infill
G1 X279.9632 Y148.2000 E0.7262 ; infill step
G1 X175.3000 Y148.2000 E71.1710 ; infill
G1 X175.3000 Y147.2000 E0.6800 ; infill step
G1 X279.3875 Y147.2000 E70.7795 ; infill
G1 X279.2132 Y146.2000 E0.6902 ; infill step
G1 X175.3000 Y146.2000 E70.6610 ; infill
G1 X175.3000 Y145.2000 E0.6800 ; infill step
G1 X278.7625 Y145.2000 E70.3545 ; infill
G1 X278.7625 Y144.2000 E0.6800 ; infill step
G1 X175.3000 Y144.2000 E70.3545 ; infill
G1 X175.3000 Y143.2000 E0.6800 ; infill step
G1 X278.1474 Y143.2000 E69.9362 ; infill
G1 X278.1375 Y142.2000 E0.6800 ; infill step
G1 X175.3000 Y142.2000 E69.9295 ; infill
G1 X175.3000 Y141.2000 E0.6800 ; infill step
G1 X278.1375 Y141.2000 E69.9295 ; infill
G1 X278.1375 Y140.2000 E0.6800 ; infill step
G1 X175.3000 Y140.2000 E69.9295 ; infill
G1 X175.3000 Y139.2000 E0.6800 ; infill step
G1 X278.1375 Y139.2000 E69.9295 ; infill
G1 X277.5224 Y138.2000 E0.7983 ; infill step
G1 X175.3000 Y138.2000 E69.5112 ; infill
G1 X175.3000 Y137.2000 E0.6800 ; infill step
G1 X277.5125 Y137.2000 E69.5045 ; infill
G1 X277.5125 Y136.2000 E0.6800 ; infill step
G1 X175.3000 Y136.2000 E69.5045 ; infill
;------------------------
; - END OF POLYMER STRETCH #9 -
;------------------------
;========================
; - END OF ZCHUNK #5, range=[0.45, 0.45] -
;========================
;========================
; - START OF ZCHUNK #6, range=[0.45, 0.45] -
;========================
G0 Z0.4500 ; to next layer transition
;- START OF Fiber STRETCH INITIALIZATION -
G10 S1
; nozzle change gcode for switching from the polymer nozzle(T1) to the fiber guide (T0)
M104 S50 T1 ; cool down polymer nozzle
G10
G91 ; use relative coordinates
G0 Z3.0000 F5500
G90 ; use absolute coordinates
M83 ; extruder relative mode

T0 ; change to fiber guide
SET_STATE_TARGET STATE=buffer TARGET=0.5
; end of T0 for Shoed-Red-Series
;- END OF Fiber STRETCH INITIALIZATION -
;------------------------
; - START OF Fiber STRETCH #10 -
;------------------------
USE_ABSOLUTE_ROTARY_POSITION
G0 X311.9233 Y127.8706 Z3.4500 W160.6341 F5500 ;move to anchoring start
USE_RELATIVE_ROTARY_POSITION
G0 E23.5000 F600
G1 X291.6398 Y135.0000 Z0.4500 F600
G4 P600 ;anchoring dwell
G1 X290.4928 Y135.4032 Z0.4500 E1.2036 W4.2779 F600
G1 X288.6180 Y135.6982 Z0.4500 E1.8789 W0.8690 F600
G1 X281.2860 Y135.9167 Z0.4500 E7.2619 W-1.7021 F600
G1 X279.6676 Y136.1202 Z0.4500 E1.6148 W-6.0832 F600
G1 X278.9425 Y136.4358 Z0.4500 E0.7829 W-1.5221 F600
G1 X278.7469 Y136.6484 Z0.4500 E0.2860 W-23.8487 F600
G1 X278.6803 Y136.8780 Z0.4500 E0.2367 W-26.4417 F600
G1 W-32.6989 ;in place turn
G1 X278.7466 Y137.1016 Z0.4500 W0.0000 E0.2309 F600
G1 X278.9415 Y137.2964 Z0.4500 E0.2728 W-28.4940 F600
G1 X279.2524 Y137.4462 Z0.4500 E0.3417 W-19.2702 F600
G1 X280.1409 Y137.5974 Z0.4500 E0.8922 W-16.0596 F600
G1 X282.3352 Y137.5571 Z0.4500 E2.1727 W-2.5840 F600
G1 X289.3080 Y137.1323 Z0.4500 E6.9158 W-6.8785 F600
G1 X290.9791 Y136.8914 Z0.4500 E1.6715 W-4.0311 F600
G1 X294.0406 Y136.2504 Z0.4500 E3.0967 W-1.7399 F600
G1 X296.2901 Y135.9807 Z0.4500 E2.2429 W-0.0135 F600
G1 X301.2169 Y135.7580 Z0.4500 E4.8825 W1.2050 F600
G1 X304.9833 Y135.4402 Z0.4500 E3.7420 W2.2193 F600
G1 X307.0790 Y135.3494 Z0.4500 E2.0767 W3.5600 F600
G1 X308.9003 Y135.3858 Z0.4500 E1.8035 W-0.2524 F600
G1 X309.4676 Y135.4511 Z0.4500 E0.5653 W5.4160 F600
G1 X309.7448 Y135.5363 Z0.4500 E0.2871 W10.5322 F600
G1 W70.4673 ;in place turn
G1 X309.7489 Y135.6312 Z0.4500 W0.0000 E0.0940 F600
G1 W74.4204 ;in place turn
G1 X309.1610 Y135.8224 Z0.4500 W0.0000 E0.6120 F600
G1 X304.1044 Y136.9070 Z0.4500 E5.1199 W5.9120 F600
G1 X302.4502 Y137.1786 Z0.4500 E1.6596 W2.7844 F600
G1 X295.6653 Y137.8171 Z0.4500 E6.7467 W3.9461 F600
G1 X288.5243 Y138.7893 Z0.4500 E7.1348 W-3.7848 F600
G1 X282.5550 Y139.1994 Z0.4500 E5.9236 W-1.2230 F600
G1 X280.9181 Y139.3759 Z0.4500 E1.6300 W-4.0791 F600
G1 X280.0606 Y139.5975 Z0.4500 E0.8768 W-7.4534 F600
G1 X279.7449 Y139.7579 Z0.4500 E0.3506 W-5.0110 F600
G1 X279.5289 Y139.9494 Z0.4500 E0.2857 W-14.6396 F600
G1 X279.4304 Y140.1601 Z0.4500 E0.2303 W-23.3560 F600
G1 W-33.4526 ;in place turn
G1 X279.4614 Y140.3707 Z0.4500 W0.0000 E0.2108 F600
G1 W-32.4888 ;in place turn
G1 X279.6250 Y140.5598 Z0.4500 W0.0000 E0.2476 F600
G1 X279.9135 Y140.7101 Z0.4500 E0.3220 W-21.6161 F600
G1 X280.3092 Y140.8128 Z0.4500 E0.4048 W-12.9741 F600
G1 X281.3269 Y140.8861 Z0.4500 E1.0101 W-10.4246 F600
G1 X283.6652 Y140.7688 Z0.4500 E2.3177 W-1.0759 F600
G1 X289.3375 Y140.2771 Z0.4500 E5.6367 W-4.8658 F600
G1 X296.5752 Y139.3947 Z0.4500 E7.2183 W-3.1916 F600
G1 X302.2867 Y138.8158 Z0.4500 E5.6834 W-2.2183 F600
G1 X304.9492 Y138.3920 Z0.4500 E2.6691 W-1.6181 F600
G1 X310.1448 Y137.3349 Z0.4500 E5.2490 W-0.8971 F600
G1 X315.0955 Y135.9594 Z0.4500 E5.0869 W0.3517 F600
G1 X316.9501 Y135.5579 Z0.4500 E1.8785 W2.2624 F600
G1 X318.5223 Y135.3644 Z0.4500 E1.5683 W4.8395 F600
G1 X320.0866 Y135.3170 Z0.4500 E1.5493 W0.5549 F600
G1 X321.0605 Y135.4382 Z0.4500 E0.9716 W8.8354 F600
G1 X321.2067 Y135.5453 Z0.4500 E0.1794 W29.1176 F600
G1 W83.2762 ;in place turn
G1 X321.1364 Y135.6695 Z0.4500 W0.0000 E0.1413 F600
G1 W36.1707 ;in place turn
G1 X320.5373 Y135.9405 Z0.4500 W0.0000 E0.6510 F600
G1 X316.8479 Y137.1574 Z0.4500 E3.8460 W6.0828 F600
G1 X312.9958 Y138.3068 Z0.4500 E3.9798 W1.6410 F600
G1 X309.4726 Y139.1611 Z0.4500 E3.5890 W2.9843 F600
G1 X305.2899 Y139.9730 Z0.4500 E4.2181 W1.6718 F600
G1 X300.3627 Y140.6537 Z0.4500 E4.9242 W1.8748 F600
G1 X289.1057 Y141.8974 Z0.4500 E11.2122 W0.4177 F600
G1 X282.7538 Y142.4656 Z0.4500 E6.3135 W-1.6348 F600
G1 X280.7082 Y142.7320 Z0.4500 E2.0422 W-4.4429 F600
G1 X279.9026 Y142.9570 Z0.4500 E0.8281 W-8.0232 F600
G1 X279.6255 Y143.1089 Z0.4500 E0.3129 W-4.9710 F600
G1 X279.4541 Y143.2865 Z0.4500 E0.2443 W-17.2804 F600
G1 X279.3925 Y143.4812 Z0.4500 E0.2022 W-26.4284 F600
G1 W-43.2939 ;in place turn
G1 X279.5745 Y143.8586 Z0.4500 W0.0000 E0.4149 F600
G1 W-30.9359 ;in place turn
G1 X279.7992 Y144.0064 Z0.4500 W0.0000 E0.2662 F600
G1 X280.1027 Y144.1108 Z0.4500 E0.3177 W-14.3422 F600
G1 X280.9217 Y144.1887 Z0.4500 E0.8144 W-13.5424 F600
G1 X285.4537 Y143.8447 Z0.4500 E4.4997 W-9.7806 F600
G1 X297.3298 Y142.6075 Z0.4500 E11.8209 W2.1429 F600
G1 X302.9209 Y141.9627 Z0.4500 E5.5719 W-3.8918 F600
G1 X306.6864 Y141.3706 Z0.4500 E3.7737 W-2.7539 F600
G1 X310.3332 Y140.6442 Z0.4500 E3.6813 W-2.1351 F600
G1 X313.3467 Y139.9101 Z0.4500 E3.0705 W-1.6144 F600
G1 X316.2654 Y139.0768 Z0.4500 E3.0050 W-0.8745 F600
G1 X324.3667 Y136.5518 Z0.4500 E8.4008 W0.1586 F600
G1 X325.8618 Y136.1629 Z0.4500 E1.5294 W1.3216 F600
G1 X327.5694 Y135.8476 Z0.4500 E1.7191 W2.3512 F600
G1 X329.9951 Y135.5524 Z0.4500 E2.4192 W3.0818 F600
G1 X333.7864 Y135.3490 Z0.4500 E3.7587 W3.6093 F600
G1 X336.2359 Y135.3651 Z0.4500 E2.4251 W3.3202 F600
G1 X337.0623 Y135.4193 Z0.4500 E0.8199 W3.3807 F600
G1 X337.6736 Y135.5713 Z0.4500 E0.6236 W10.2050 F600
G1 W148.9545 ;in place turn
G1 X337.1965 Y135.7179 Z0.4500 W0.0000 E0.4942 F600
G1 X333.3339 Y136.1620 Z0.4500 E3.8491 W10.5264 F600
G1 X331.7952 Y136.4843 Z0.4500 E1.5563 W-5.2738 F600
G1 X324.2925 Y138.3520 Z0.4500 E7.6544 W-2.1464 F600
G1 X313.6958 Y141.5083 Z0.4500 E10.9462 W0.7750 F600
G1 X310.6741 Y142.2383 Z0.4500 E3.0776 W0.7180 F600
G1 X308.0771 Y142.7666 Z0.4500 E2.6236 W0.9710 F600
G1 X304.8772 Y143.3081 Z0.4500 E3.2130 W0.8249 F600
G1 X301.0364 Y143.8235 Z0.4500 E3.8365 W-0.1216 F600
G1 X284.0060 Y145.5885 Z0.4500 E16.9505 W-2.0786 F600
G1 X281.9436 Y145.8989 Z0.4500 E2.0647 W-5.1253 F600
G1 X281.1008 Y146.1781 Z0.4500 E0.8790 W-0.3122 F600
G1 X280.7963 Y146.3625 Z0.4500 E0.3525 W-12.8730 F600
G1 X280.5127 Y146.7804 Z0.4500 E0.4999 W-24.6350 F600
G1 W-43.9289 ;in place turn
G1 X280.5467 Y146.9780 Z0.4500 W0.0000 E0.1986 F600
G1 W-31.7940 ;in place turn
G1 X280.6928 Y147.1428 Z0.4500 W0.0000 E0.2180 F600
G1 X280.9397 Y147.2622 Z0.4500 E0.2715 W-22.6370 F600
G1 X281.6804 Y147.3587 Z0.4500 E0.7395 W-18.3763 F600
G1 X284.3687 Y147.1623 Z0.4500 E2.6685 W-11.6067 F600
G1 X298.5708 Y145.7243 Z0.4500 E14.1320 W2.9977 F600
G1 X303.5807 Y145.1254 Z0.4500 E4.9951 W-4.4938 F600
G1 X307.8931 Y144.4517 Z0.4500 E4.3211 W-2.9807 F600
G1 X311.0190 Y143.8311 Z0.4500 E3.1551 W-2.1207 F600
G1 X314.5392 Y142.9749 Z0.4500 E3.5866 W-1.4503 F600
G1 X324.1698 Y140.1060 Z0.4500 E9.9483 W-0.6865 F600
G1 X328.1439 Y139.0829 Z0.4500 E4.0626 W0.1612 F600
G1 X332.7489 Y138.0580 Z0.4500 E4.6706 W0.9362 F600
G1 X338.6681 Y137.1165 Z0.4500 E5.9336 W1.5764 F600
G1 X343.3136 Y136.1432 Z0.4500 E4.6989 W2.2174 F600
G1 X348.2489 Y135.6422 Z0.4500 E4.9110 W3.0987 F600
G1 X350.9334 Y135.4496 Z0.4500 E2.6645 W4.4916 F600
G1 X353.5891 Y135.4668 Z0.4500 E2.6292 W0.8034 F600
G1 X354.0823 Y135.5337 Z0.4500 E0.4927 W7.3477 F600
G1 X354.2984 Y135.6199 Z0.4500 E0.2304 W14.0094 F600
G1 W90.9019 ;in place turn
G1 X354.2581 Y135.7165 Z0.4500 W0.0000 E0.1037 F600
G1 W53.4998 ;in place turn
G1 X348.6533 Y137.1004 Z0.4500 W0.0000 E5.7155 F600
G1 X334.7060 Y139.3976 Z0.4500 E13.9938 W4.5159 F600
G1 X330.0165 Y140.3302 Z0.4500 E4.7336 W-1.8949 F600
G1 X325.0114 Y141.5734 Z0.4500 E5.1056 W-2.7007 F600
G1 X314.8855 Y144.5726 Z0.4500 E10.4552 W0.4621 F600
G1 X311.8727 Y145.3110 Z0.4500 E3.0709 W0.8755 F600
G1 X309.2839 Y145.8464 Z0.4500 E2.6172 W1.0245 F600
G1 X306.0905 Y146.3944 Z0.4500 E3.2076 W0.8613 F600
G1 X301.7050 Y146.9902 Z0.4500 E4.3815 W-0.1305 F600
G1 X285.7588 Y148.6170 Z0.4500 E15.8687 W-2.2784 F600
G1 X283.6431 Y148.8953 Z0.4500 E2.1126 W-5.7405 F600
G1 X282.3345 Y149.2837 Z0.4500 E1.3514 W2.3448 F600
G1 X281.8306 Y149.6782 Z0.4500 E0.6335 W-21.5280 F600
G1 X281.7405 Y149.8896 Z0.4500 E0.2275 W-28.8561 F600
G1 W-30.3767 ;in place turn
G1 X281.7655 Y150.0849 Z0.4500 W0.0000 E0.1949 F600
G1 W-33.0629 ;in place turn
G1 X281.9019 Y150.2455 Z0.4500 W0.0000 E0.2087 F600
G1 X282.1414 Y150.3596 Z0.4500 E0.2626 W-24.1658 F600
G1 X282.8813 Y150.4454 Z0.4500 E0.7375 W-18.8646 F600
G1 X285.0084 Y150.2954 Z0.4500 E2.1111 W-10.6503 F600
G1 X299.7972 Y148.8295 Z0.4500 E14.7126 W2.7675 F600
G1 X304.7981 Y148.2186 Z0.4500 E4.9877 W-4.4911 F600
G1 X309.1025 Y147.5353 Z0.4500 E4.3147 W-2.9582 F600
G1 X312.2184 Y146.9048 Z0.4500 E3.1472 W-2.0664 F600
G1 X315.2303 Y146.1693 Z0.4500 E3.0695 W-1.3707 F600
G1 X325.3581 Y143.1702 Z0.4500 E10.4568 W-0.6637 F600
G1 X330.8762 Y141.8139 Z0.4500 E5.6255 W-0.0594 F600
G1 X335.0635 Y141.0010 Z0.4500 E4.2228 W0.2302 F600
G1 X349.5332 Y138.5945 Z0.4500 E14.5218 W0.2448 F600
G1 X355.1249 Y137.3117 Z0.4500 E5.6796 W0.3830 F600
G1 X359.0124 Y136.1437 Z0.4500 E4.0186 W1.1207 F600
G1 X360.7590 Y135.7306 Z0.4500 E1.7769 W2.6524 F600
G1 X362.1424 Y135.5454 Z0.4500 E1.3817 W4.9001 F600
G1 X363.4113 Y135.5163 Z0.4500 E1.2565 W2.0311 F600
G1 X363.8500 Y135.5716 Z0.4500 E0.4378 W8.4938 F600
G1 X364.0964 Y135.6680 Z0.4500 E0.2619 W14.1882 F600
G1 W48.8234 ;in place turn
G1 X364.1425 Y135.7961 Z0.4500 W0.0000 E0.1348 F600
G1 W60.8960 ;in place turn
G1 X364.0120 Y135.9458 Z0.4500 W0.0000 E0.1966 F600
G1 X363.3939 Y136.2787 Z0.4500 E0.6950 W20.6036 F600
G1 X360.7469 Y137.3072 Z0.4500 E2.8114 W7.0764 F600
G1 X357.4356 Y138.3745 Z0.4500 E3.4442 W3.3668 F600
G1 X354.4840 Y139.1713 Z0.4500 E3.0267 W0.7362 F600
G1 X348.3053 Y140.4963 Z0.4500 E6.2560 W2.7381 F600
G1 X336.4658 Y142.4093 Z0.4500 E11.8731 W1.3403 F600
G1 X330.7073 Y143.5170 Z0.4500 E5.8054 W0.3798 F600
G1 X325.7000 Y144.7618 Z0.4500 E5.1081 W-0.0204 F600
G1 X316.0695 Y147.6317 Z0.4500 E9.9485 W0.1847 F600
G1 X311.0168 Y148.8290 Z0.4500 E5.1407 W0.7296 F600
G1 X307.3099 Y149.4871 Z0.4500 E3.7273 W1.1150 F600
G1 X302.9284 Y150.0906 Z0.4500 E4.3786 W0.8671 F600
G1 X296.7482 Y150.7631 Z0.4500 E6.1546 W-0.2990 F600
G1 X286.3837 Y151.7451 Z0.4500 E10.3068 W-2.4781 F600
G1 X284.3524 Y152.0528 Z0.4500 E2.0339 W-5.6459 F600
G1 X283.5977 Y152.3187 Z0.4500 E0.7921 W-1.1895 F600
G1 X283.3526 Y152.4885 Z0.4500 E0.2952 W-15.3132 F600
G1 X283.2277 Y152.6744 Z0.4500 E0.2217 W-21.3860 F600
G1 W-37.2287 ;in place turn
G1 X283.2387 Y152.8625 Z0.4500 W0.0000 E0.1865 F600
G1 W-37.5491 ;in place turn
G1 X283.3891 Y153.0362 Z0.4500 W0.0000 E0.2274 F600
G1 X283.6696 Y153.1802 Z0.4500 E0.3122 W-21.9475 F600
G1 X284.0609 Y153.2845 Z0.4500 E0.4008 W-12.2339 F600
G1 X285.0711 Y153.3699 Z0.4500 E1.0037 W-10.1015 F600
G1 X287.3647 Y153.2461 Z0.4500 E2.2739 W-2.2044 F600
G1 X301.0204 Y151.9336 Z0.4500 E13.5814 W-5.3851 F600
G1 X306.5608 Y151.2427 Z0.4500 E5.5274 W-3.8253 F600
G1 X311.3634 Y150.4282 Z0.4500 E4.8225 W-2.7655 F600
G1 X315.9226 Y149.3585 Z0.4500 E4.6362 W-1.8958 F600
G1 X326.0374 Y146.3482 Z0.4500 E10.4477 W-1.0268 F600
G1 X331.0407 Y145.1049 Z0.4500 E5.1039 W-0.2760 F600
G1 X336.8116 Y143.9927 Z0.4500 E5.8183 W0.0537 F600
G1 X348.6745 Y142.1106 Z0.4500 E11.8911 W-0.1806 F600
G1 X353.8382 Y141.0260 Z0.4500 E5.2236 W-0.7509 F600
G1 X357.3058 Y140.1199 Z0.4500 E3.5482 W-1.1721 F600
G1 X360.6414 Y139.0787 Z0.4500 E3.4594 W-0.9843 F600
G1 X363.4036 Y138.0883 Z0.4500 E2.9050 W0.0386 F600
G1 X368.9318 Y135.9236 Z0.4500 E5.8776 W1.8408 F600
G1 X370.1742 Y135.6304 Z0.4500 E1.2637 W4.2409 F600
G1 X371.5102 Y135.4731 Z0.4500 E1.3317 W2.7456 F600
G1 X372.0871 Y135.4669 Z0.4500 E0.5712 W6.1012 F600
G1 X372.7644 Y135.6012 Z0.4500 E0.6835 W11.8295 F600
G1 W57.3596 ;in place turn
G1 X372.8136 Y135.7266 Z0.4500 W0.0000 E0.1334 F600
G1 W61.0174 ;in place turn
G1 X372.6889 Y135.8774 Z0.4500 W0.0000 E0.1937 F600
G1 X371.6940 Y136.4066 Z0.4500 E1.1156 W22.3982 F600
G1 X367.3494 Y138.2877 Z0.4500 E4.6871 W4.5973 F600
G1 X363.3060 Y139.8699 Z0.4500 E4.2985 W2.0422 F600
G1 X358.1487 Y141.5844 Z0.4500 E5.3804 W2.2648 F600
G1 X352.6831 Y142.9959 Z0.4500 E5.5885 W3.2500 F600
G1 X347.4509 Y144.0161 Z0.4500 E5.2775 W2.1075 F600
G1 X336.5989 Y145.6617 Z0.4500 E10.8663 W1.0382 F600
G1 X331.3740 Y146.6868 Z0.4500 E5.2712 W0.1510 F600
G1 X325.8786 Y148.0665 Z0.4500 E5.6093 W-0.2589 F600
G1 X315.7778 Y151.0892 Z0.4500 E10.4380 W-0.0736 F600
G1 X313.2693 Y151.7083 Z0.4500 E2.5580 W0.4544 F600
G1 X310.6670 Y152.2338 Z0.4500 E2.6283 W0.8064 F600
G1 X307.4457 Y152.7580 Z0.4500 E3.2311 W0.4220 F600
G1 X303.0398 Y153.3288 Z0.4500 E4.3983 W-1.1467 F600
G1 X286.4729 Y154.9340 Z0.4500 E16.4781 W6.8204 F600
G1 X285.1308 Y155.1964 Z0.4500 E1.3538 W-5.5276 F600
G1 X284.6111 Y155.4716 Z0.4500 E0.5822 W-16.8425 F600
G1 W-33.0398 ;in place turn
G1 X284.5184 Y155.6385 Z0.4500 W0.0000 E0.1889 F600
G1 W-40.1789 ;in place turn
G1 X284.5529 Y155.8141 Z0.4500 W0.0000 E0.1772 F600
G1 W-32.2451 ;in place turn
G1 X284.7148 Y155.9855 Z0.4500 W0.0000 E0.2334 F600
G1 X285.3743 Y156.2612 Z0.4500 E0.7076 W-23.9433 F600
G1 X286.3462 Y156.3936 Z0.4500 E0.9711 W-14.9262 F600
G1 X288.0121 Y156.3635 Z0.4500 E1.6495 W-8.7996 F600
G1 X302.2501 Y155.0423 Z0.4500 E14.1562 W0.0664 F600
G1 X307.8010 Y154.3591 Z0.4500 E5.5369 W-4.7899 F600
G1 X312.0888 Y153.6510 Z0.4500 E4.3024 W-3.3392 F600
G1 X315.6476 Y152.8339 Z0.4500 E3.6149 W-2.2865 F600
G1 X325.2248 Y149.9115 Z0.4500 E9.9129 W-1.2906 F600
G1 X328.6712 Y148.9830 Z0.4500 E3.5336 W-0.2906 F600
G1 X331.7027 Y148.2645 Z0.4500 E3.0844 W0.4926 F600
G1 X337.9941 Y147.0502 Z0.4500 E6.3434 W0.7858 F600
G1 X346.2181 Y145.9109 Z0.4500 E8.2195 W0.5054 F600
G1 X348.9052 Y145.4711 Z0.4500 E2.6956 W-0.1729 F600
G1 X352.0341 Y144.8484 Z0.4500 E3.1583 W-0.9258 F600
G1 X355.5699 Y144.0076 Z0.4500 E3.5981 W-1.4314 F600
G1 X358.9877 Y143.0502 Z0.4500 E3.5138 W-1.4009 F600
G1 X362.7479 Y141.8101 Z0.4500 E3.9199 W-0.5094 F600
G1 X366.3784 Y140.4396 Z0.4500 E3.8417 W1.5991 F600
G1 X372.5278 Y137.9283 Z0.4500 E6.5760 W-8.1882 F600
G1 X373.3192 Y137.7518 Z0.4500 E0.8027 W9.6399 F600
G1 X373.9085 Y137.8379 Z0.4500 E0.5896 W20.8880 F600
G1 W35.6919 ;in place turn
G1 X374.0690 Y137.9930 Z0.4500 W0.0000 E0.2210 F600
G1 W33.6526 ;in place turn
G1 X374.1159 Y138.2071 Z0.4500 W0.0000 E0.2169 F600
G1 X374.0442 Y138.4569 Z0.4500 E0.2573 W28.3379 F600
G1 X373.8627 Y138.7184 Z0.4500 E0.3151 W18.7790 F600
G1 X373.2502 Y139.2116 Z0.4500 E0.7785 W16.3826 F600
G1 X372.0288 Y139.8375 Z0.4500 E1.3587 W3.3147 F600
G1 X368.9609 Y141.1494 Z0.4500 E3.3032 W7.2746 F600
G1 X364.9366 Y142.7474 Z0.4500 E4.2867 W4.8922 F600
G1 X361.2442 Y144.0571 Z0.4500 E3.8786 W3.4090 F600
G1 X357.8998 Y145.0877 Z0.4500 E3.4645 W2.6271 F600
G1 X353.9397 Y146.1284 Z0.4500 E4.0536 W2.2038 F600
G1 X350.8753 Y146.8133 Z0.4500 E3.1086 W1.7945 F600
G1 X347.7151 Y147.4007 Z0.4500 E3.1822 W1.1732 F600
G1 X338.2938 Y148.6092 Z0.4500 E9.4035 W0.3258 F600
G1 X332.5346 Y149.7241 Z0.4500 E5.8074 W-0.5121 F600
G1 X325.5300 Y151.4650 Z0.4500 E7.1455 W-0.9708 F600
G1 X321.6669 Y152.6061 Z0.4500 E3.9878 W-0.8043 F600
G1 X316.5219 Y154.3370 Z0.4500 E5.3741 W-0.0996 F600
G1 X314.5425 Y154.8561 Z0.4500 E2.0259 W0.7344 F600
G1 X312.4657 Y155.2839 Z0.4500 E2.0992 W1.1509 F600
G1 X309.2572 Y155.8090 Z0.4500 E3.2187 W0.6433 F600
G1 X304.2838 Y156.4441 Z0.4500 E4.9637 W-1.1723 F600
G1 X288.2500 Y157.9725 Z0.4500 E15.9453 W7.4119 F600
G1 X286.8728 Y158.2441 Z0.4500 E1.3898 W-5.7109 F600
G1 X286.3903 Y158.5369 Z0.4500 E0.5587 W-20.0922 F600
G1 W-38.2473 ;in place turn
G1 X286.3241 Y158.7139 Z0.4500 W0.0000 E0.1871 F600
G1 W-38.0419 ;in place turn
G1 X286.3824 Y158.8984 Z0.4500 W0.0000 E0.1915 F600
G1 X286.5616 Y159.0754 Z0.4500 E0.2494 W-27.8035 F600
G1 X287.2310 Y159.3495 Z0.4500 E0.7161 W-22.3947 F600
G1 X288.1796 Y159.4673 Z0.4500 E0.9463 W-15.1813 F600
G1 X289.7741 Y159.4159 Z0.4500 E1.5794 W-1.5480 F600
G1 X304.0319 Y158.0992 Z0.4500 E14.1753 W-6.9836 F600
G1 X309.6097 Y157.4279 Z0.4500 E5.5618 W-4.9703 F600
G1 X314.4581 Y156.6504 Z0.4500 E4.8612 W-3.7753 F600
G1 X317.4519 Y155.8952 Z0.4500 E3.0568 W-2.8772 F600
G1 X321.0179 Y154.4593 Z0.4500 E3.8058 W-1.8143 F600
G1 X323.3650 Y153.6785 Z0.4500 E2.4489 W-0.5377 F600
G1 X327.8086 Y152.4957 Z0.4500 E4.5523 W0.6363 F600
G1 X332.8524 Y151.2893 Z0.4500 E5.1342 W1.3859 F600
G1 X336.4644 Y150.5262 Z0.4500 E3.6549 W1.5990 F600
G1 X339.1167 Y150.0686 Z0.4500 E2.6646 W1.3031 F600
G1 X344.8918 Y149.5356 Z0.4500 E5.7416 W0.5813 F600
G1 X347.6053 Y149.1704 Z0.4500 E2.7106 W-0.3743 F600
G1 X351.7848 Y148.3500 Z0.4500 E4.2167 W-1.2560 F600
G1 X355.8132 Y147.3757 Z0.4500 E4.1031 W-1.7778 F600
G1 X359.2275 Y146.4148 Z0.4500 E3.5115 W-1.7647 F600
G1 X362.5363 Y145.3494 Z0.4500 E3.4413 W-1.0529 F600
G1 X366.6508 Y143.8377 Z0.4500 E4.3396 W0.6217 F600
G1 X372.3750 Y141.4893 Z0.4500 E6.1253 W3.5551 F600
G1 X373.1771 Y141.2336 Z0.4500 E0.8334 W-5.7168 F600
G1 X373.8120 Y141.2013 Z0.4500 E0.6294 W14.7732 F600
G1 X374.0156 Y141.3035 Z0.4500 E0.2256 W29.5684 F600
G1 W33.8128 ;in place turn
G1 X374.1175 Y141.4834 Z0.4500 W0.0000 E0.2047 F600
G1 W31.9135 ;in place turn
G1 X374.1076 Y141.7236 Z0.4500 W0.0000 E0.2379 F600
G1 X373.7670 Y142.2801 Z0.4500 E0.6459 W29.0816 F600
G1 X373.1116 Y142.8000 Z0.4500 E0.8282 W20.1056 F600
G1 X371.8754 Y143.4366 Z0.4500 E1.3766 W11.1825 F600
G1 X367.9076 Y145.0949 Z0.4500 E4.2574 W-0.9456 F600
G1 X364.2795 Y146.4688 Z0.4500 E3.8407 W5.3332 F600
G1 X360.5420 Y147.7283 Z0.4500 E3.9046 W3.6975 F600
G1 X357.1668 Y148.7286 Z0.4500 E3.4851 W2.9436 F600
G1 X351.6742 Y150.1137 Z0.4500 E5.6079 W2.6585 F600
G1 X346.4934 Y151.1634 Z0.4500 E5.2332 W2.3585 F600
G1 X344.2946 Y151.4002 Z0.4500 E2.1894 W1.6472 F600
G1 X340.0451 Y151.5520 Z0.4500 E4.2098 W0.4175 F600
G1 X337.2685 Y151.9563 Z0.4500 E2.7778 W-1.1377 F600
G1 X329.1190 Y153.8057 Z0.4500 E8.2732 W-2.8487 F600
G1 X324.5963 Y154.9089 Z0.4500 E4.6088 W-4.9360 F600
G1 X322.6698 Y155.4611 Z0.4500 E1.9840 W2.0642 F600
G1 X321.5521 Y155.9808 Z0.4500 E1.2203 W-8.9455 F600
G1 X321.2281 Y156.3499 Z0.4500 E0.4862 W-23.7762 F600
G1 W-46.5607 ;in place turn
G1 X321.2430 Y156.5112 Z0.4500 W0.0000 E0.1604 F600
G1 W-41.2982 ;in place turn
G1 X321.3792 Y156.6401 Z0.4500 W0.0000 E0.1857 F600
G1 W-30.8125 ;in place turn
G1 X321.9613 Y156.7704 Z0.4500 W0.0000 E0.5905 F600
G1 X323.3010 Y156.6714 Z0.4500 E1.3300 W-16.8400 F600
G1 X326.8811 Y155.9446 Z0.4500 E3.6166 W-7.2489 F600
G1 X338.0334 Y153.3625 Z0.4500 E11.3328 W-1.5602 F600
G1 X339.5371 Y153.1180 Z0.4500 E1.5083 W3.8019 F600
G1 X340.4336 Y153.0921 Z0.4500 E0.8878 W7.5794 F600
G1 X341.0532 Y153.2354 Z0.4500 E0.6296 W14.6780 F600
G1 W30.2453 ;in place turn
G1 X341.1948 Y153.3687 Z0.4500 W0.0000 E0.1925 F600
G1 W43.2272 ;in place turn
G1 X341.2048 Y153.5316 Z0.4500 W0.0000 E0.1616 F600
G1 W47.4518 ;in place turn
G1 X340.8527 Y153.8969 Z0.4500 W0.0000 E0.5022 F600
G1 X340.1388 Y154.2484 Z0.4500 E0.7879 W19.8360 F600
G1 X338.2736 Y154.8348 Z0.4500 E1.9356 W8.7635 F600
G1 X333.2819 Y156.0959 Z0.4500 E5.0971 W3.2746 F600
G1 X327.1635 Y157.4750 Z0.4500 E6.2092 W1.1402 F600
G1 X323.4893 Y158.1250 Z0.4500 E3.6940 W3.8516 F600
G1 X321.8604 Y158.2368 Z0.4500 E1.6164 W2.6769 F600
G1 X318.6558 Y158.1012 Z0.4500 E3.1753 W1.2514 F600
G1 X316.5792 Y158.1883 Z0.4500 E2.0577 W-0.6581 F600
G1 X306.1074 Y159.5098 Z0.4500 E10.4493 W-3.1411 F600
G1 X290.6884 Y160.9810 Z0.4500 E15.3341 W3.6070 F600
G1 X289.2520 Y161.2761 Z0.4500 E1.4518 W-6.1579 F600
G1 X288.7666 Y161.5898 Z0.4500 E0.5722 W-21.2645 F600
G1 W-41.5634 ;in place turn
G1 X288.7154 Y161.7737 Z0.4500 W0.0000 E0.1890 F600
G1 W-38.1233 ;in place turn
G1 X288.7927 Y161.9598 Z0.4500 W0.0000 E0.1995 F600
G1 X288.9871 Y162.1325 Z0.4500 E0.2574 W-25.8256 F600
G1 X289.6507 Y162.3841 Z0.4500 E0.7026 W-20.8488 F600
G1 X290.5421 Y162.4781 Z0.4500 E0.8875 W-14.7475 F600
G1 X292.0772 Y162.4134 Z0.4500 E1.5211 W-0.3626 F600
G1 X303.6329 Y161.3971 Z0.4500 E11.4843 W-5.7748 F600
G1 X315.9905 Y160.0560 Z0.4500 E12.3058 W-3.5231 F600
G1 X323.0796 Y159.6822 Z0.4500 E7.0280 W-2.3841 F600
G1 X325.3353 Y159.3895 Z0.4500 E2.2519 W-2.1350 F600
G1 X327.9721 Y158.9086 Z0.4500 E2.6535 W-2.3541 F600
G1 X333.6036 Y157.6654 Z0.4500 E5.7094 W-2.6196 F600
G1 X339.0089 Y156.1974 Z0.4500 E5.5451 W-2.6014 F600
G1 X341.3056 Y155.3605 Z0.4500 E2.4199 W-2.0778 F600
G1 X344.2410 Y153.9209 Z0.4500 E3.2367 W-1.0676 F600
G1 X345.5909 Y153.4028 Z0.4500 E1.4314 W0.0452 F600
G1 X347.5352 Y152.8490 Z0.4500 E2.0014 W0.7289 F600
G1 X355.0756 Y151.0135 Z0.4500 E7.6830 W0.8103 F600
G1 X359.4644 Y149.7785 Z0.4500 E4.5137 W0.7722 F600
G1 X365.5518 Y147.7384 Z0.4500 E6.3560 W1.4983 F600
G1 X372.2349 Y145.0931 Z0.4500 E7.1157 W3.7198 F600
G1 X373.0467 Y144.8399 Z0.4500 E0.8418 W-6.0140 F600
G1 X373.6981 Y144.8076 Z0.4500 E0.6457 W14.4785 F600
G1 X373.9104 Y144.9092 Z0.4500 E0.2330 W28.4296 F600
G1 W33.3442 ;in place turn
G1 X374.0186 Y145.0888 Z0.4500 W0.0000 E0.2076 F600
G1 W32.9036 ;in place turn
G1 X374.0109 Y145.3293 Z0.4500 W0.0000 E0.2382 F600
G1 W30.1277 ;in place turn
G1 X373.6622 Y145.8881 Z0.4500 W0.0000 E0.6521 F600
G1 X372.9905 Y146.4097 Z0.4500 E0.8419 W20.2083 F600
G1 X370.8538 Y147.4166 Z0.4500 E2.3384 W12.5973 F600
G1 X365.9001 Y149.3349 Z0.4500 E5.2590 W4.0632 F600
G1 X361.7173 Y150.7803 Z0.4500 E4.3813 W-1.0503 F600
G1 X357.8989 Y151.9618 Z0.4500 E3.9571 W2.5448 F600
G1 X347.0208 Y154.8318 Z0.4500 E11.1378 W1.0250 F600
G1 X345.1526 Y155.4622 Z0.4500 E1.9520 W0.2441 F600
G1 X341.5845 Y156.8967 Z0.4500 E3.8072 W0.1925 F600
G1 X339.2861 Y157.7241 Z0.4500 E2.4183 W0.7050 F600
G1 X336.4135 Y158.5993 Z0.4500 E2.9730 W1.4324 F600
G1 X333.4291 Y159.3681 Z0.4500 E3.0510 W2.0157 F600
G1 X328.2681 Y160.4564 Z0.4500 E5.2218 W2.2115 F600
G1 X323.4220 Y161.2174 Z0.4500 E4.8564 W1.8340 F600
G1 X315.2334 Y161.8318 Z0.4500 E8.1295 W0.6545 F600
G1 X306.2198 Y162.7642 Z0.4500 E8.9711 W-1.6085 F600
G1 X293.1051 Y163.9703 Z0.4500 E13.0384 W5.7139 F600
G1 X291.1934 Y164.2943 Z0.4500 E1.9195 W-4.3671 F600
G1 X290.7690 Y164.5587 Z0.4500 E0.4950 W-22.2934 F600
G1 W-48.5296 ;in place turn
G1 X290.7417 Y164.7212 Z0.4500 W0.0000 E0.1631 F600
G1 W-36.3873 ;in place turn
G1 X290.8297 Y164.8953 Z0.4500 W0.0000 E0.1931 F600
G1 X291.2832 Y165.2253 Z0.4500 E0.5553 W-27.1207 F600
G1 X291.9913 Y165.4432 Z0.4500 E0.7334 W-18.9457 F600
G1 X292.8729 Y165.5091 Z0.4500 E0.8752 W-12.8236 F600
G1 X294.4599 Y165.4251 Z0.4500 E1.5733 W-0.7007 F600
G1 X322.5230 Y162.8788 Z0.4500 E27.8966 W-5.9363 F600
G1 X325.8944 Y162.4532 Z0.4500 E3.3642 W-4.1123 F600
G1 X330.6782 Y161.6180 Z0.4500 E4.8076 W-3.0912 F600
G1 X334.2783 Y160.8428 Z0.4500 E3.6458 W-2.5418 F600
G1 X337.2425 Y160.0534 Z0.4500 E3.0368 W-2.0890 F600
G1 X339.5912 Y159.2826 Z0.4500 E2.4472 W-1.4972 F600
G1 X346.4616 Y156.7709 Z0.4500 E7.2420 W-0.7906 F600
G1 X348.8757 Y156.0633 Z0.4500 E2.4905 W-0.1755 F600
G1 X355.3379 Y154.4013 Z0.4500 E6.6058 W0.2725 F600
G1 X358.7471 Y153.4353 Z0.4500 E3.5079 W0.9036 F600
G1 X365.3154 Y151.2525 Z0.4500 E6.8523 W2.4148 F600
G1 X372.5317 Y148.5576 Z0.4500 E7.6261 W-7.4123 F600
G1 X373.3335 Y148.3897 Z0.4500 E0.8109 W8.6471 F600
G1 X373.9347 Y148.4833 Z0.4500 E0.6024 W20.6852 F600
G1 W34.6969 ;in place turn
G1 X374.1015 Y148.6420 Z0.4500 W0.0000 E0.2279 F600
G1 W32.9639 ;in place turn
G1 X374.1536 Y148.8589 Z0.4500 W0.0000 E0.2209 F600
G1 X374.0847 Y149.1104 Z0.4500 E0.2581 W28.8069 F600
G1 X373.9024 Y149.3716 Z0.4500 E0.3154 W19.5866 F600
G1 X373.2776 Y149.8576 Z0.4500 E0.7837 W17.2122 F600
G1 X371.5761 Y150.6380 Z0.4500 E1.8531 W3.9721 F600
G1 X367.0248 Y152.3363 Z0.4500 E4.8092 W7.4500 F600
G1 X361.4721 Y154.2862 Z0.4500 E5.8263 W4.6468 F600
G1 X358.1602 Y155.3457 Z0.4500 E3.4424 W2.6132 F600
G1 X348.7491 Y157.8111 Z0.4500 E9.6314 W1.2332 F600
G1 X345.8423 Y158.6526 Z0.4500 E2.9959 W0.4343 F600
G1 X343.5097 Y159.4481 Z0.4500 E2.4399 W0.2557 F600
G1 X339.0375 Y161.2248 Z0.4500 E4.7641 W0.6602 F600
G1 X335.6564 Y162.2210 Z0.4500 E3.4895 W1.3397 F600
G1 X332.5798 Y162.8941 Z0.4500 E3.1179 W1.8044 F600
G1 X329.4159 Y163.4819 Z0.4500 E3.1858 W1.6394 F600
G1 X322.8984 Y164.4333 Z0.4500 E6.5208 W0.6234 F600
G1 X296.0287 Y166.9308 Z0.4500 E26.7156 W-1.3200 F600
G1 X295.0570 Y167.0817 Z0.4500 E0.9735 W-4.1786 F600
G1 X294.2794 Y167.2988 Z0.4500 E0.7992 W1.1070 F600
G1 X294.0200 Y167.4406 Z0.4500 E0.2927 W-13.0530 F600
G1 X293.8699 Y167.6042 Z0.4500 E0.2198 W-18.8186 F600
G1 W-30.8666 ;in place turn
G1 X293.8328 Y167.7839 Z0.4500 W0.0000 E0.1817 F600
G1 W-43.9068 ;in place turn
G1 X294.0602 Y168.1445 Z0.4500 W0.0000 E0.4220 F600
G1 W-31.4096 ;in place turn
G1 X294.5977 Y168.4107 Z0.4500 W0.0000 E0.5938 F600
G1 X295.8561 Y168.5152 Z0.4500 E1.2502 W-21.5988 F600
G1 X306.1455 Y167.6511 Z0.4500 E10.2224 W-9.5493 F600
G1 X319.2722 Y166.4112 Z0.4500 E13.0533 W-0.5954 F600
G1 X324.2989 Y165.8521 Z0.4500 E5.0071 W-0.1254 F600
G1 X329.7456 Y165.0531 Z0.4500 E5.4499 W-3.0294 F600
G1 X335.0308 Y164.0948 Z0.4500 E5.3177 W-2.6529 F600
G1 X337.5924 Y163.5306 Z0.4500 E2.5967 W-2.6889 F600
G1 X339.5157 Y162.9573 Z0.4500 E1.9869 W-2.5834 F600
G1 X340.3999 Y162.5958 Z0.4500 E0.9457 W-1.9584 F600
G1 X343.3331 Y161.1515 Z0.4500 E3.2368 W-0.8413 F600
G1 X345.1725 Y160.4843 Z0.4500 E1.9371 W0.3078 F600
G1 X348.0943 Y159.6564 Z0.4500 E3.0065 W0.9586 F600
G1 X355.6078 Y157.7961 Z0.4500 E7.6630 W1.0225 F600
G1 X358.5442 Y156.9843 Z0.4500 E3.0161 W1.0387 F600
G1 X361.3672 Y156.0544 Z0.4500 E2.9425 W1.8566 F600
G1 X372.3704 Y152.1096 Z0.4500 E11.5721 W4.1355 F600
G1 X373.2035 Y151.8873 Z0.4500 E0.8537 W-4.9835 F600
G1 X373.8601 Y151.8809 Z0.4500 E0.6500 W14.3853 F600
G1 X374.0689 Y151.9912 Z0.4500 E0.2338 W28.3889 F600
G1 W32.8244 ;in place turn
G1 X374.1719 Y152.1745 Z0.4500 W0.0000 E0.2082 F600
G1 W32.3953 ;in place turn
G1 X374.1592 Y152.4127 Z0.4500 W0.0000 E0.2361 F600
G1 X374.0320 Y152.6796 Z0.4500 E0.2927 W22.4173 F600
G1 X373.4905 Y153.2034 Z0.4500 E0.7458 W20.4837 F600
G1 X372.7053 Y153.6394 Z0.4500 E0.8892 W15.0029 F600
G1 X365.3349 Y156.2757 Z0.4500 E7.7495 W-0.1189 F600
G1 X360.8360 Y158.0270 Z0.4500 E4.7795 W4.9730 F600
G1 X356.9981 Y159.1856 Z0.4500 E3.9689 W1.2846 F600
G1 X345.4181 Y161.9752 Z0.4500 E11.7921 W-2.7593 F600
G1 X343.7065 Y162.5982 Z0.4500 E1.8032 W5.6606 F600
G1 X343.2158 Y162.9589 Z0.4500 E0.6030 W-16.3128 F600
G1 X343.1231 Y163.1332 Z0.4500 E0.1954 W-25.6959 F600
G1 W-35.1131 ;in place turn
G1 X343.1426 Y163.2892 Z0.4500 W0.0000 E0.1556 F600
G1 W-38.3098 ;in place turn
G1 X343.2712 Y163.4159 Z0.4500 W0.0000 E0.1787 F600
G1 W-30.4060 ;in place turn
G1 X343.8120 Y163.5523 Z0.4500 W0.0000 E0.5521 F600
G1 X345.6102 Y163.3949 Z0.4500 E1.7871 W-19.1637 F600
G1 X354.8663 Y161.4265 Z0.4500 E9.3685 W-7.0030 F600
G1 X358.9204 Y160.4829 Z0.4500 E4.1208 W-1.0966 F600
G1 X361.7580 Y159.5753 Z0.4500 E2.9494 W-1.8585 F600
G1 X365.1820 Y157.9981 Z0.4500 E3.7321 W-1.0956 F600
G1 X366.9915 Y157.3048 Z0.4500 E1.9184 W2.2798 F600
G1 X372.1449 Y155.6317 Z0.4500 E5.3639 W-4.2104 F600
G1 X373.3801 Y155.4043 Z0.4500 E1.2434 W7.5518 F600
G1 X373.9047 Y155.5543 Z0.4500 E0.5402 W26.4003 F600
G1 W43.7301 ;in place turn
G1 X374.0109 Y155.7361 Z0.4500 W0.0000 E0.2084 F600
G1 W34.2060 ;in place turn
G1 X373.9950 Y155.9695 Z0.4500 W0.0000 E0.2316 F600
G1 X373.8582 Y156.2288 Z0.4500 E0.2902 W23.9177 F600
G1 X373.2837 Y156.7307 Z0.4500 E0.7553 W21.0348 F600
G1 X372.0040 Y157.3118 Z0.4500 E1.3914 W16.7245 F600
G1 X366.8225 Y158.9744 Z0.4500 E5.3873 W6.6317 F600
G1 X366.0890 Y159.3419 Z0.4500 E0.8122 W-8.8231 F600
G1 X365.7070 Y159.7312 Z0.4500 E0.5400 W-18.9307 F600
G1 W-43.9432 ;in place turn
G1 X365.7054 Y159.9074 Z0.4500 W0.0000 E0.1744 F600
G1 W-44.0489 ;in place turn
G1 X365.8418 Y160.0509 Z0.4500 W0.0000 E0.1959 F600
G1 X366.1056 Y160.1488 Z0.4500 E0.2787 W-26.0969 F600
G1 X367.3967 Y160.1427 Z0.4500 E1.2781 W-20.6412 F600
G1 X368.9077 Y159.8431 Z0.4500 E1.5250 W-10.9383 F600
G1 X372.3172 Y158.9699 Z0.4500 E3.4844 W11.9355 F600
G1 X373.1834 Y158.8709 Z0.4500 E0.8631 W3.4951 F600
G1 X373.5423 Y158.9050 Z0.4500 E0.3569 W1.2155 F600
G1 X373.8188 Y159.0064 Z0.4500 E0.2916 W14.6933 F600
G1 X373.9883 Y159.1704 Z0.4500 E0.2335 W23.9440 F600
G1 W33.8997 ;in place turn
G1 X374.0332 Y159.3812 Z0.4500 W0.0000 E0.2133 F600
G1 W31.9521 ;in place turn
G1 X373.9483 Y159.6154 Z0.4500 W0.0000 E0.2466 F600
G1 X373.4350 Y160.0686 Z0.4500 E0.6778 W28.6333 F600
G1 X372.1528 Y160.5897 Z0.4500 E1.3702 W19.3239 F600
G1 X370.1795 Y161.1174 Z0.4500 E2.0222 W7.1499 F600
G1 X368.1352 Y161.5665 Z0.4500 E2.0721 W-0.0516 F600
G1 X366.5933 Y161.8016 Z0.4500 E1.5441 W4.8738 F600
G1 X365.0708 Y161.8798 Z0.4500 E1.5093 W2.8487 F600
G1 X362.5368 Y161.8519 Z0.4500 E2.5089 W1.1966 F600
G1 X360.4771 Y162.0594 Z0.4500 E2.0494 W0.0597 F600
G1 X347.9602 Y164.5205 Z0.4500 E12.6289 W-0.3113 F600
G1 X345.3175 Y164.9686 Z0.4500 E2.6537 W-0.0487 F600
G1 X343.6578 Y165.1183 Z0.4500 E1.6498 W0.2986 F600
G1 X340.0077 Y165.1948 Z0.4500 E3.6144 W0.2724 F600
G1 X338.1957 Y165.3422 Z0.4500 E1.7998 W-0.1110 F600
G1 X328.4432 Y166.8771 Z0.4500 E9.7738 W-0.6028 F600
G1 X322.9567 Y167.6166 Z0.4500 E5.4808 W-1.2661 F600
G1 X310.4867 Y168.8737 Z0.4500 E12.4079 W-2.6368 F600
G1 X298.9338 Y169.9059 Z0.4500 E11.4829 W5.3428 F600
G1 X297.5847 Y170.1761 Z0.4500 E1.3621 W-6.2172 F600
G1 X297.0815 Y170.4644 Z0.4500 E0.5741 W-18.4895 F600
G1 W-34.8758 ;in place turn
G1 X296.9983 Y170.6402 Z0.4500 W0.0000 E0.1926 F600
G1 W-38.1590 ;in place turn
G1 X297.0407 Y170.8260 Z0.4500 W0.0000 E0.1886 F600
G1 X297.2080 Y171.0074 Z0.4500 E0.2444 W-29.8284 F600
G1 X297.8716 Y171.2966 Z0.4500 E0.7166 W-23.7755 F600
G1 X298.8410 Y171.4258 Z0.4500 E0.9682 W-15.9576 F600
G1 X299.9400 Y171.4102 Z0.4500 E1.0882 W-0.6790 F600
G1 X307.9662 Y170.7267 Z0.4500 E7.9747 W-6.4165 F600
G1 X320.4741 Y169.5006 Z0.4500 E12.4422 W-3.7712 F600
G1 X326.0290 Y168.8274 Z0.4500 E5.5396 W-2.0117 F600
G1 X336.9511 Y167.2546 Z0.4500 E10.9245 W-0.9865 F600
G1 X343.7665 Y166.6825 Z0.4500 E6.7710 W-0.4928 F600
G1 X346.1004 Y166.4165 Z0.4500 E2.3255 W-0.2939 F600
G1 X359.3715 Y164.0463 Z0.4500 E13.3463 W-0.1744 F600
G1 X362.0840 Y163.7121 Z0.4500 E2.7057 W0.0203 F600
G1 X366.7647 Y163.3259 Z0.4500 E4.6497 W0.4960 F600
G1 X368.9242 Y162.9811 Z0.4500 E2.1649 W1.6433 F600
G1 X372.4445 Y162.2459 Z0.4500 E3.5603 W3.8997 F600
G1 X373.2877 Y162.1863 Z0.4500 E0.8368 W-2.8710 F600
G1 X373.6126 Y162.2415 Z0.4500 E0.3263 W13.6894 F600
G1 X373.8397 Y162.3640 Z0.4500 E0.2554 W18.6992 F600
G1 W31.2245 ;in place turn
G1 X373.9476 Y162.5477 Z0.4500 W0.0000 E0.2110 F600
G1 W36.1096 ;in place turn
G1 X373.9251 Y162.7748 Z0.4500 W0.0000 E0.2259 F600
G1 X373.7740 Y163.0203 Z0.4500 E0.2854 W25.9403 F600
G1 X373.5092 Y163.2599 Z0.4500 E0.3535 W16.2345 F600
G1 X372.7335 Y163.6651 Z0.4500 E0.8664 W14.5701 F600
G1 X370.7676 Y164.2056 Z0.4500 E2.0185 W4.4268 F600
G1 X367.5967 Y164.7933 Z0.4500 E3.1926 W6.8900 F600
G1 X358.6947 Y165.8734 Z0.4500 E8.8776 W4.2748 F600
G1 X348.0214 Y167.7076 Z0.4500 E10.7215 W2.4073 F600
G1 X344.7769 Y168.1838 Z0.4500 E3.2465 W1.2404 F600
G1 X336.8044 Y168.9645 Z0.4500 E7.9305 W0.4631 F600
G1 X324.6713 Y170.6078 Z0.4500 E12.1214 W-0.3955 F600
G1 X319.0716 Y171.2540 Z0.4500 E5.5806 W-1.8147 F600
G1 X302.5557 Y172.8364 Z0.4500 E16.4255 W-4.1628 F600
G1 X301.1064 Y173.1322 Z0.4500 E1.4645 W2.7114 F600
G1 X300.7990 Y173.2800 Z0.4500 E0.3377 W-14.1318 F600
G1 X300.6155 Y173.4518 Z0.4500 E0.2488 W-17.4608 F600
G1 W-31.7780 ;in place turn
G1 X300.5650 Y173.6392 Z0.4500 W0.0000 E0.1921 F600
G1 W-37.9437 ;in place turn
G1 X300.6447 Y173.8284 Z0.4500 W0.0000 E0.2032 F600
G1 X300.8419 Y174.0032 Z0.4500 E0.2609 W-25.5865 F600
G1 X301.5080 Y174.2561 Z0.4500 E0.7053 W-20.7711 F600
G1 X302.3978 Y174.3488 Z0.4500 E0.8857 W-14.8411 F600
G1 X303.4026 Y174.3215 Z0.4500 E0.9952 W-0.2311 F600
G1 X309.7718 Y173.8017 Z0.4500 E6.3264 W-5.9123 F600
G1 X321.1140 Y172.6417 Z0.4500 E11.2874 W-3.5277 F600
G1 X336.0400 Y170.7119 Z0.4500 E14.8998 W-1.9466 F600
G1 X345.5968 Y169.6697 Z0.4500 E9.5173 W-0.8669 F600
G1 X358.5292 Y167.5875 Z0.4500 E12.9680 W0.1856 F600
G1 X367.9177 Y166.3457 Z0.4500 E9.3756 W1.7399 F600
G1 X372.5925 Y165.5171 Z0.4500 E4.7002 W4.2057 F600
G1 X373.4572 Y165.4802 Z0.4500 E0.8569 W-2.0390 F600
G1 X373.7878 Y165.5444 Z0.4500 E0.3333 W13.4229 F600
G1 X374.0153 Y165.6734 Z0.4500 E0.2589 W18.5775 F600
G1 W31.3200 ;in place turn
G1 X374.1196 Y165.8606 Z0.4500 W0.0000 E0.2122 F600
G1 W36.0459 ;in place turn
G1 X374.0921 Y166.0876 Z0.4500 W0.0000 E0.2264 F600
G1 X373.9369 Y166.3294 Z0.4500 E0.2844 W25.7688 F600
G1 X373.6693 Y166.5622 Z0.4500 E0.3512 W16.2791 F600
G1 X372.8853 Y166.9485 Z0.4500 E0.8653 W14.8024 F600
G1 X370.8872 Y167.4474 Z0.4500 E2.0388 W3.9465 F600
G1 X367.6804 Y167.9993 Z0.4500 E3.2214 W6.7046 F600
G1 X358.3387 Y169.2859 Z0.4500 E9.3356 W4.0722 F600
G1 X344.8383 Y171.3807 Z0.4500 E13.5253 W2.0653 F600
G1 X335.2322 Y172.4388 Z0.4500 E9.5676 W0.4134 F600
G1 X322.5072 Y174.0860 Z0.4500 E12.7029 W-1.4070 F600
G1 X305.0442 Y175.8703 Z0.4500 E17.3783 W-3.9359 F600
G1 X303.6915 Y176.1332 Z0.4500 E1.3642 W3.3722 F600
G1 X303.4187 Y176.2591 Z0.4500 E0.2975 W-13.7732 F600
G1 X303.2658 Y176.4076 Z0.4500 E0.2110 W-19.4142 F600
G1 W-35.5409 ;in place turn
G1 X303.2354 Y176.5752 Z0.4500 W0.0000 E0.1686 F600
G1 W-46.9611 ;in place turn
G1 X303.4980 Y176.9276 Z0.4500 W0.0000 E0.4350 F600
G1 X304.0759 Y177.2100 Z0.4500 E0.6369 W-27.2711 F600
G1 X304.8673 Y177.3463 Z0.4500 E0.7950 W-16.2686 F600
G1 X305.8331 Y177.3495 Z0.4500 E0.9561 W-9.5862 F600
G1 X310.4764 Y176.9892 Z0.4500 E4.6108 W0.9445 F600
G1 X321.7647 Y175.7898 Z0.4500 E11.2383 W-4.2220 F600
G1 X333.3172 Y174.2797 Z0.4500 E11.5343 W-2.3453 F600
G1 X344.5816 Y173.0285 Z0.4500 E11.2203 W-1.1039 F600
G1 X357.6057 Y171.0533 Z0.4500 E13.0413 W-0.0570 F600
G1 X367.4717 Y169.6599 Z0.4500 E9.8643 W1.3502 F600
G1 X371.7341 Y168.9700 Z0.4500 E4.2746 W3.6205 F600
G1 X372.7076 Y168.8744 Z0.4500 E0.9684 W7.0726 F600
G1 X373.4802 Y168.9561 Z0.4500 E0.7692 W0.5878 F600
G1 X373.7301 Y169.0883 Z0.4500 E0.2799 W21.8461 F600
G1 X373.8543 Y169.2768 Z0.4500 E0.2235 W28.7456 F600
G1 W37.7869 ;in place turn
G1 X373.8368 Y169.5038 Z0.4500 W0.0000 E0.2253 F600
G1 X373.6774 Y169.7445 Z0.4500 E0.2858 W29.0820 F600
G1 X373.0114 Y170.1802 Z0.4500 E0.7879 W23.3141 F600
G1 X371.5677 Y170.6158 Z0.4500 E1.4929 W16.3973 F600
G1 X369.4272 Y170.9968 Z0.4500 E2.1524 W-1.4066 F600
G1 X344.3572 Y174.6840 Z0.4500 E25.0863 W5.5640 F600
G1 X331.3924 Y176.1055 Z0.4500 E12.9120 W2.6733 F600
G1 X323.1510 Y177.2514 Z0.4500 E8.2375 W0.1874 F600
G1 X316.3496 Y177.9331 Z0.4500 E6.7671 W-2.6094 F600
G1 X308.0635 Y178.8902 Z0.4500 E8.2577 W5.7936 F600
G1 X306.7705 Y179.2229 Z0.4500 E1.3218 W-7.8416 F600
G1 X306.3675 Y179.5728 Z0.4500 E0.5284 W-26.5363 F600
G1 W-49.9883 ;in place turn
G1 X306.3707 Y179.7653 Z0.4500 W0.0000 E0.1906 F600
G1 W-37.7238 ;in place turn
G1 X306.5172 Y179.9483 Z0.4500 W0.0000 E0.2321 F600
G1 X306.7963 Y180.1059 Z0.4500 E0.3174 W-21.8813 F600
G1 X307.6664 Y180.3073 Z0.4500 E0.8842 W-16.4062 F600
G1 X309.9865 Y180.3176 Z0.4500 E2.2969 W-12.7790 F600
G1 X312.3131 Y180.0983 Z0.4500 E2.3136 W1.1843 F600
G1 X317.7415 Y179.3488 Z0.4500 E5.4251 W-4.4297 F600
G1 X323.6004 Y178.8671 Z0.4500 E5.8199 W-2.3613 F600
G1 X330.6190 Y177.7842 Z0.4500 E7.0306 W-0.9992 F600
G1 X344.7400 Y176.2828 Z0.4500 E14.0585 W0.0999 F600
G1 X351.7336 Y175.1593 Z0.4500 E7.0125 W1.5511 F600
G1 X371.9122 Y172.2819 Z0.4500 E20.1789 W3.9025 F600
G1 X372.8941 Y172.2016 Z0.4500 E0.9753 W7.4955 F600
G1 X373.6535 Y172.2998 Z0.4500 E0.7580 W0.6753 F600
G1 X373.8868 Y172.4402 Z0.4500 E0.2696 W23.6631 F600
G1 X373.9957 Y172.6355 Z0.4500 E0.2213 W29.8217 F600
G1 W35.0326 ;in place turn
G1 X373.9718 Y172.8665 Z0.4500 W0.0000 E0.2299 F600
G1 X373.8194 Y173.1078 Z0.4500 E0.2826 W26.3927 F600
G1 X373.5530 Y173.3358 Z0.4500 E0.3471 W17.1583 F600
G1 X373.1936 Y173.5350 Z0.4500 E0.4068 W11.5655 F600
G1 X372.2816 Y173.8354 Z0.4500 E0.9505 W5.1344 F600
G1 X370.6844 Y174.1327 Z0.4500 E1.6084 W6.8960 F600
G1 X358.6648 Y175.8495 Z0.4500 E12.0202 W4.3699 F600
G1 X351.4434 Y176.7770 Z0.4500 E7.2079 W2.4397 F600
G1 X346.1564 Y177.7359 Z0.4500 E5.3196 W1.1820 F600
G1 X343.9969 Y178.0560 Z0.4500 E2.1613 W0.4883 F600
G1 X330.8139 Y179.3051 Z0.4500 E13.1095 W0.1591 F600
G1 X329.2277 Y179.5477 Z0.4500 E1.5887 W0.0835 F600
G1 X325.5891 Y180.3352 Z0.4500 E3.6855 W0.1870 F600
G1 X323.9940 Y180.5546 Z0.4500 E1.5940 W0.2169 F600
G1 X318.7606 Y180.8437 Z0.4500 E5.1890 W-0.2560 F600
G1 X316.9664 Y181.0102 Z0.4500 E1.7839 W-1.6059 F600
G1 X312.7729 Y181.7980 Z0.4500 E4.2242 W-4.0588 F600
G1 X308.4342 Y182.2786 Z0.4500 E4.3215 W7.4361 F600
G1 X307.7595 Y182.5528 Z0.4500 E0.7211 W-15.7997 F600
G1 X307.6045 Y182.7349 Z0.4500 E0.2367 W-27.4609 F600
G1 W-35.0230 ;in place turn
G1 X307.5857 Y182.9331 Z0.4500 W0.0000 E0.1971 F600
G1 W-47.6986 ;in place turn
G1 X307.9311 Y183.3126 Z0.4500 W0.0000 E0.5080 F600
G1 X308.2593 Y183.4660 Z0.4500 E0.3587 W-22.6464 F600
G1 X309.1196 Y183.6767 Z0.4500 E0.8768 W-11.2900 F600
G1 X312.4220 Y184.0433 Z0.4500 E3.2894 W-7.4253 F600
G1 X317.0727 Y185.0859 Z0.4500 E4.7185 W6.3715 F600
G1 X324.3320 Y185.9656 Z0.4500 E7.2393 W-1.4858 F600
G1 X332.8327 Y187.4843 Z0.4500 E8.5489 W-0.0274 F600
G1 X339.3868 Y189.0515 Z0.4500 E6.6715 W0.7678 F600
G1 X346.1468 Y190.4172 Z0.4500 E6.8276 W1.1616 F600
G1 X348.6855 Y191.0007 Z0.4500 E2.5789 W1.2321 F600
G1 X350.5820 Y191.6021 Z0.4500 E1.9697 W0.8963 F600
G1 X353.7021 Y192.8547 Z0.4500 E3.3285 W0.1605 F600
G1 X353.9447 Y192.9213 Z0.4500 E0.2491 W-0.6705 F600
cut_filament
G1 X356.6483 Y193.6638 Z0.4500 W0.0000 F450
G1 X375.0000 Y197.2371 Z0.4500 W0.0000 F450
; sum of skipped extrusion after the cut: 21.5
G0 X379.9078 Y198.1927 Z0.4500 W0.0000 F450 ;Ironing out move
;------------------------
; - END OF Fiber STRETCH #10 -
;------------------------
;------------------------
; - START OF Fiber STRETCH #11 -
;------------------------
USE_ABSOLUTE_ROTARY_POSITION
G0 X396.3139 Y172.3918 Z3.4500 W172.4555 F5500 ;move to anchoring start
USE_RELATIVE_ROTARY_POSITION
G0 E23.5000 F600
G1 X375.0000 Y175.2147 Z0.4500 F600
G4 P600 ;anchoring dwell
G1 X364.4314 Y176.6144 Z0.4500 E10.5543 W-0.4952 F600
G1 X358.4953 Y177.5369 Z0.4500 E5.9473 W-0.4077 F600
G1 X351.2218 Y178.3777 Z0.4500 E7.2487 W-0.4983 F600
G1 X349.6155 Y178.6801 Z0.4500 E1.6181 W-0.4195 F600
G1 X346.6103 Y179.4265 Z0.4500 E3.0656 W-0.2674 F600
G1 X345.5178 Y179.6095 Z0.4500 E1.0966 W-0.5521 F600
G1 X339.1384 Y180.0671 Z0.4500 E6.3319 W-2.0366 F600
G1 X330.6865 Y180.8880 Z0.4500 E8.4067 W6.6742 F600
G1 X329.2787 Y181.1784 Z0.4500 E1.4231 W-6.1105 F600
G1 X328.8502 Y181.4718 Z0.4500 E0.5141 W-22.7409 F600
G1 W-55.7944 ;in place turn
G1 X328.8507 Y181.6308 Z0.4500 W0.0000 E0.1574 F600
G1 W-43.8627 ;in place turn
G1 X328.9986 Y181.7836 Z0.4500 W0.0000 E0.2105 F600
G1 X329.6773 Y182.0348 Z0.4500 E0.7165 W-25.6345 F600
G1 X330.7033 Y182.1903 Z0.4500 E1.0273 W-11.6952 F600
G1 X332.5023 Y182.2765 Z0.4500 E1.7831 W-5.8707 F600
G1 X334.9324 Y182.1859 Z0.4500 E2.4075 W-0.4237 F600
G1 X338.2659 Y181.7292 Z0.4500 E3.3309 W-2.7657 F600
G1 X340.0251 Y181.5850 Z0.4500 E1.7475 W-0.4118 F600
G1 X342.4975 Y181.5566 Z0.4500 E2.4478 W1.2739 F600
G1 X344.9320 Y181.6636 Z0.4500 E2.4125 W2.0794 F600
G1 X346.6045 Y181.8639 Z0.4500 E1.6676 W1.9513 F600
G1 X349.1607 Y182.3655 Z0.4500 E2.5789 W1.1434 F600
G1 X350.7616 Y182.5929 Z0.4500 E1.6009 W0.1993 F600
G1 X352.5225 Y182.7002 Z0.4500 E1.7464 W-0.3010 F600
G1 X357.4901 Y182.7848 Z0.4500 E4.9187 W-0.1330 F600
G1 X359.2951 Y182.9024 Z0.4500 E1.7907 W0.3728 F600
G1 X360.9498 Y183.1315 Z0.4500 E1.6538 W0.5749 F600
G1 X364.0235 Y183.7666 Z0.4500 E3.1072 F600
G1 X365.6820 Y184.0161 Z0.4500 E1.6604 W-1.4631 F600
G1 X370.1688 Y184.4736 Z0.4500 E4.4649 W-3.6171 F600
G1 X371.8486 Y184.5462 Z0.4500 E1.6645 W-6.2924 F600
G1 X372.3919 Y184.4679 Z0.4500 E0.5434 W-9.3077 F600
G1 X372.8954 Y184.2683 Z0.4500 E0.5362 W-12.2569 F600
G1 X373.3330 Y183.8949 Z0.4500 E0.5695 W-14.3589 F600
G1 X373.6767 Y183.3106 Z0.4500 E0.6711 W-14.8613 F600
G1 X373.9007 Y182.5165 Z0.4500 E0.8169 W-13.8521 F600
G1 X373.9858 Y181.5654 Z0.4500 E0.9453 W-12.2808 F600
G1 X373.9244 Y180.5564 Z0.4500 E1.0008 W-11.1232 F600
G1 X373.7232 Y179.6062 Z0.4500 E0.9615 W-10.8682 F600
G1 X373.4024 Y178.8133 Z0.4500 E0.8469 W-11.5021 F600
G1 X372.9914 Y178.2296 Z0.4500 E0.7067 W-12.5763 F600
G1 X372.5215 Y177.8556 Z0.4500 E0.5946 W-13.3045 F600
G1 X372.0187 Y177.6539 Z0.4500 E0.5364 W-12.9269 F600
G1 X371.4992 Y177.5723 Z0.4500 E0.5206 W-11.2662 F600
G1 X370.4281 Y177.5906 Z0.4500 E1.0606 W-8.8373 F600
G1 X366.3577 Y177.9607 Z0.4500 E4.0463 W-6.4278 F600
G1 X364.1843 Y178.2506 Z0.4500 E2.1707 W-4.7948 F600
G1 X358.8252 Y179.1783 Z0.4500 E5.3844 W-4.6236 F600
G1 X351.9652 Y179.7859 Z0.4500 E6.8180 W5.1855 F600
G1 X350.5455 Y180.0773 Z0.4500 E1.4348 W-6.5373 F600
G1 X350.0974 Y180.3791 Z0.4500 E0.5348 W-22.3655 F600
G1 W-52.4894 ;in place turn
G1 X350.0871 Y180.5455 Z0.4500 W0.0000 E0.1650 F600
G1 W-57.8840 ;in place turn
G1 X350.5078 Y180.8474 Z0.4500 W0.0000 E0.5127 F600
G1 X351.9425 Y181.0974 Z0.4500 E1.4417 W-25.7772 F600
G1 X353.7540 Y181.1319 Z0.4500 E1.7938 W-8.7921 F600
G1 X358.1107 Y180.9922 Z0.4500 E4.3153 W-2.9297 F600
G1 X360.4498 Y180.7617 Z0.4500 E2.3269 W-1.0896 F600
G1 X363.9682 Y179.9042 Z0.4500 E3.5852 W-1.9703 F600
G1 X365.6497 Y179.6387 Z0.4500 E1.6854 W0.7105 F600
G1 X370.7062 Y179.2725 Z0.4500 E5.0190 W3.5378 F600
G1 X371.8507 Y179.2477 Z0.4500 E1.1333 W-0.5925 F600
G1 X372.9017 Y179.3456 Z0.4500 E1.0450 W6.5602 F600
G1 X373.6280 Y179.6580 Z0.4500 E0.7827 W17.9527 F600
G1 W31.8304 ;in place turn
G1 X373.7892 Y179.8891 Z0.4500 W0.0000 E0.2790 F600
G1 W34.9340 ;in place turn
G1 X373.7891 Y180.1423 Z0.4500 W0.0000 E0.2506 F600
G1 W33.3650 ;in place turn
G1 X373.6273 Y180.3876 Z0.4500 W0.0000 E0.2910 F600
G1 X372.8965 Y180.7615 Z0.4500 E0.8127 W29.5047 F600
G1 X371.2293 Y180.9797 Z0.4500 E1.6646 W19.6372 F600
G1 X366.8947 Y181.0431 Z0.4500 E4.2917 W6.6192 F600
G1 X365.1829 Y181.1585 Z0.4500 E1.6986 W-3.0193 F600
G1 X364.0308 Y181.4695 Z0.4500 E1.1814 W-11.2452 F600
G1 X363.8729 Y181.6162 Z0.4500 E0.2134 W-27.7962 F600
G1 W-39.3311 ;in place turn
G1 X363.8515 Y181.7731 Z0.4500 W0.0000 E0.1568 F600
G1 W-56.4622 ;in place turn
G1 X364.1984 Y182.0780 Z0.4500 W0.0000 E0.4572 F600
G1 X365.3990 Y182.4117 Z0.4500 E1.2336 W-25.7737 F600
G1 X366.9852 Y182.5882 Z0.4500 E1.5801 W-9.1845 F600
G1 X371.2300 Y182.8458 Z0.4500 E4.2101 W-2.8769 F600
G1 X372.4028 Y183.0257 Z0.4500 E1.1746 W13.8028 F600
G1 X372.9356 Y183.1917 Z0.4500 E0.5524 W5.6369 F600
G1 X373.4061 Y183.4361 Z0.4500 E0.5249 W9.2732 F600
G1 X373.7903 Y183.7716 Z0.4500 E0.5049 W12.0913 F600
G1 X374.0643 Y184.1931 Z0.4500 E0.4978 W14.1764 F600
G1 X374.2089 Y184.6724 Z0.4500 E0.4956 W15.6763 F600
G1 X374.2128 Y185.1612 Z0.4500 E0.4839 W16.7853 F600
G1 X374.0764 Y185.6049 Z0.4500 E0.4595 W17.5544 F600
G1 X373.8117 Y185.9591 Z0.4500 E0.4378 W17.6574 F600
G1 X373.4411 Y186.2026 Z0.4500 E0.4390 W16.5989 F600
G1 X372.9925 Y186.3386 Z0.4500 E0.4640 W14.3088 F600
G1 X372.4948 Y186.3882 Z0.4500 E0.4952 W11.2804 F600
G1 X371.4403 Y186.3347 Z0.4500 E1.0453 W8.1065 F600
G1 X366.9931 Y185.7914 Z0.4500 E4.4355 W5.1854 F600
G1 X360.5115 Y184.7842 Z0.4500 E6.4938 W2.7672 F600
G1 X358.2637 Y184.5037 Z0.4500 E2.2426 W0.9867 F600
G1 X350.0350 Y184.0731 Z0.4500 E8.1575 W-0.2526 F600
G1 X344.9691 Y183.4309 Z0.4500 E5.0553 W-1.3622 F600
G1 X342.1485 Y183.1617 Z0.4500 E2.8051 W-2.9070 F600
G1 X340.5461 Y183.0849 Z0.4500 E1.5883 W-5.3224 F600
G1 X339.0676 Y183.1753 Z0.4500 E1.4664 W0.9826 F600
G1 X338.4049 Y183.3828 Z0.4500 E0.6875 W-13.8858 F600
G1 X338.2422 Y183.5251 Z0.4500 E0.2140 W-23.7726 F600
G1 W-37.0202 ;in place turn
G1 X338.2094 Y183.6820 Z0.4500 W0.0000 E0.1587 F600
G1 W-56.2723 ;in place turn
G1 X338.5206 Y183.9992 Z0.4500 W0.0000 E0.4400 F600
G1 X339.2314 Y184.2717 Z0.4500 E0.7536 W-24.5788 F600
G1 X341.2889 Y184.6440 Z0.4500 E2.0700 W-10.7132 F600
G1 X349.5675 Y185.6774 Z0.4500 E8.2594 W-3.1410 F600
G1 X356.2313 Y185.9606 Z0.4500 E6.6031 W2.9762 F600
G1 X358.5670 Y186.1590 Z0.4500 E2.3206 W0.2444 F600
G1 X371.0482 Y188.0277 Z0.4500 E12.4942 W3.4921 F600
G1 X372.5718 Y188.3768 Z0.4500 E1.5474 W6.7488 F600
G1 X373.3960 Y188.7481 Z0.4500 E0.8950 W10.2786 F600
G1 X373.6778 Y188.9798 Z0.4500 E0.3611 W8.5649 F600
G1 X373.8342 Y189.2240 Z0.4500 E0.2871 W17.9549 F600
G1 X373.8483 Y189.4567 Z0.4500 E0.2308 W29.1398 F600
G1 W36.6053 ;in place turn
G1 X373.7205 Y189.6526 Z0.4500 W0.0000 E0.2316 F600
G1 W37.0949 ;in place turn
G1 X373.1136 Y189.8709 Z0.4500 W0.0000 E0.6385 F600
G1 X372.2141 Y189.8656 Z0.4500 E0.8905 W20.1276 F600
G1 X371.1840 Y189.7349 Z0.4500 E1.0280 W6.8865 F600
G1 X360.9620 Y188.1049 Z0.4500 E10.2476 W1.8306 F600
G1 X357.6328 Y187.6542 Z0.4500 E3.3260 W-4.6391 F600
G1 X354.8881 Y187.4359 Z0.4500 E2.7259 W0.5784 F600
G1 X350.6259 Y187.3741 Z0.4500 E4.2200 W0.2529 F600
G1 X348.7691 Y187.2627 Z0.4500 E1.8416 W0.7610 F600
G1 X343.1660 Y186.5161 Z0.4500 E5.5961 W1.4243 F600
G1 X340.4908 Y186.0786 Z0.4500 E2.6836 W1.7048 F600
G1 X338.9427 Y185.7423 Z0.4500 E1.5683 W1.3825 F600
G1 X334.6933 Y184.3845 Z0.4500 E4.4165 W0.5425 F600
G1 X329.7555 Y183.6634 Z0.4500 E4.9403 W-0.5903 F600
G1 X325.6980 Y182.7376 Z0.4500 E4.1201 W-1.8818 F600
G1 X324.1465 Y182.4924 Z0.4500 E1.5551 W-3.4154 F600
G1 X321.2387 Y182.3243 Z0.4500 E2.8835 W-5.4569 F600
G1 X318.2220 Y182.3664 Z0.4500 E2.9869 W-0.5213 F600
G1 X316.8147 Y182.6053 Z0.4500 E1.4132 W-8.8379 F600
G1 X316.3613 Y182.8895 Z0.4500 E0.5297 W-22.4396 F600
G1 W-48.0655 ;in place turn
G1 X316.3330 Y183.0522 Z0.4500 W0.0000 E0.1635 F600
G1 W-56.9177 ;in place turn
G1 X316.6680 Y183.3639 Z0.4500 W0.0000 E0.4530 F600
G1 X317.8643 Y183.6877 Z0.4500 E1.2270 W-27.7966 F600
G1 X324.1943 Y184.2650 Z0.4500 E6.2927 W-9.9333 F600
G1 X332.6737 Y185.7608 Z0.4500 E8.5243 W4.7936 F600
G1 X334.7241 Y186.2093 Z0.4500 E2.0778 W1.9119 F600
G1 X339.6778 Y187.5057 Z0.4500 E5.0693 W-1.6845 F600
G1 X347.1129 Y188.8252 Z0.4500 E7.4758 W-1.5823 F600
G1 X350.0153 Y189.1390 Z0.4500 E2.8901 W-1.5218 F600
G1 X354.9921 Y189.0329 Z0.4500 E4.9282 W-0.8596 F600
G1 X357.3860 Y189.1893 Z0.4500 E2.3750 W0.3943 F600
G1 X360.6483 Y189.6609 Z0.4500 E3.2633 W1.9168 F600
G1 X368.1479 Y190.9128 Z0.4500 E7.5274 W3.6077 F600
G1 X372.3526 Y191.7119 Z0.4500 E4.2372 W5.7472 F600
G1 X373.2530 Y192.0296 Z0.4500 E0.9452 W1.5024 F600
G1 X373.6094 Y192.2344 Z0.4500 E0.4069 W10.4407 F600
G1 X374.0242 Y192.7087 Z0.4500 E0.6239 W18.9518 F600
G1 W35.3298 ;in place turn
G1 X374.0478 Y192.9395 Z0.4500 W0.0000 E0.2297 F600
G1 W34.9221 ;in place turn
G1 X373.9402 Y193.1330 Z0.4500 W0.0000 E0.2192 F600
G1 W30.1931 ;in place turn
G1 X373.7096 Y193.2701 Z0.4500 W0.0000 E0.2656 F600
G1 X372.9613 Y193.3574 Z0.4500 E0.7458 W24.0708 F600
G1 X371.4891 Y193.1790 Z0.4500 E1.4682 W13.5631 F600
G1 X356.6146 Y190.6132 Z0.4500 E14.9433 W2.8790 F600
G1 X355.5738 Y190.5155 Z0.4500 E1.0349 W-14.7455 F600
G1 X354.6292 Y190.5260 Z0.4500 E0.9352 W4.3210 F600
G1 X353.9816 Y190.6889 Z0.4500 E0.6610 W-13.4828 F600
G1 X353.8372 Y190.8249 Z0.4500 E0.1965 W-29.1730 F600
G1 W-44.4279 ;in place turn
G1 X353.8307 Y190.9863 Z0.4500 W0.0000 E0.1599 F600
G1 W-38.4691 ;in place turn
G1 X353.9584 Y191.1608 Z0.4500 W0.0000 E0.2141 F600
G1 X354.5421 Y191.5047 Z0.4500 E0.6707 W-23.3065 F600
G1 X356.3908 Y192.0463 Z0.4500 E1.9071 W-14.1747 F600
G1 X370.0809 Y194.6055 Z0.4500 E13.7879 W-5.7402 F600
G1 X372.1452 Y195.1136 Z0.4500 E2.1047 W16.5116 F600
G1 X373.0652 Y195.5922 Z0.4500 E1.0266 W6.3929 F600
G1 X373.4444 Y195.9401 Z0.4500 E0.5095 W10.3367 F600
G1 X373.7344 Y196.3580 Z0.4500 E0.5035 W12.9596 F600
G1 X373.9088 Y196.8184 Z0.4500 E0.4875 W14.7575 F600
G1 X373.9500 Y197.2768 Z0.4500 E0.4556 W16.4171 F600
G1 X373.8543 Y197.6831 Z0.4500 E0.4133 W18.1068 F600
G1 X373.6323 Y197.9982 Z0.4500 E0.3816 W19.1838 F600
G1 X373.3054 Y198.2040 Z0.4500 E0.3824 W18.6539 F600
G1 X372.9001 Y198.3053 Z0.4500 E0.4135 W16.2455 F600
G1 X371.9544 Y198.2820 Z0.4500 E0.9366 W12.7435 F600
G1 X370.9383 Y198.1142 Z0.4500 E1.0195 W9.1531 F600
G1 X356.8799 Y195.3085 Z0.4500 E14.1923 W6.0546 F600
G1 X353.8905 Y194.5459 Z0.4500 E3.0542 W3.5897 F600
G1 X349.1822 Y193.0014 Z0.4500 E4.9056 W1.6750 F600
G1 X346.7442 Y192.3176 Z0.4500 E2.5068 W0.2219 F600
G1 X333.5066 Y189.3061 Z0.4500 E13.4401 W-0.7817 F600
G1 X329.8749 Y188.5640 Z0.4500 E3.6697 W-1.3826 F600
G1 X324.5437 Y187.6391 Z0.4500 E5.3567 W-1.8086 F600
G1 X317.3936 Y186.6900 Z0.4500 E7.1407 W-2.4735 F600
G1 X311.0043 Y185.6228 Z0.4500 E6.4130 W-3.8333 F600
G1 X309.9609 Y185.5496 Z0.4500 E1.0355 W-6.2158 F600
G1 X308.9989 Y185.5972 Z0.4500 E0.9535 W-9.7774 F600
G1 X308.2927 Y185.8260 Z0.4500 E0.7349 W-5.2685 F600
G1 X308.0965 Y186.0059 Z0.4500 E0.2635 W-24.5730 F600
G1 X308.0279 Y186.2118 Z0.4500 E0.2149 W-29.0504 F600
G1 W-35.6250 ;in place turn
G1 X308.0935 Y186.4236 Z0.4500 W0.0000 E0.2195 F600
G1 X308.2900 Y186.6223 Z0.4500 E0.2767 W-27.4828 F600
G1 X308.6048 Y186.7951 Z0.4500 E0.3555 W-16.5535 F600
G1 X309.5022 Y187.0530 Z0.4500 E0.9244 W-12.7336 F600
G1 X317.0740 Y188.2221 Z0.4500 E7.5849 W1.2636 F600
G1 X323.6776 Y189.1358 Z0.4500 E6.5998 W-3.9980 F600
G1 X328.4919 Y189.9487 Z0.4500 E4.8336 W-1.4684 F600
G1 X333.1688 Y190.8917 Z0.4500 E4.7233 W0.0848 F600
G1 X343.8453 Y193.3433 Z0.4500 E10.8447 W0.7596 F600
G1 X347.3296 Y194.2315 Z0.4500 E3.5598 W0.7863 F600
G1 X353.1007 Y195.9589 Z0.4500 E5.9638 W0.4972 F600
G1 X356.0789 Y196.7348 Z0.4500 E3.0468 W0.3432 F600
G1 X360.1760 Y197.6356 Z0.4500 E4.1531 W0.8621 F600
G1 X370.0740 Y199.6140 Z0.4500 E9.9928 W2.5205 F600
G1 X372.6070 Y200.2043 Z0.4500 E2.5748 W-4.5652 F600
G1 X373.4673 Y200.5355 Z0.4500 E0.9127 W7.9395 F600
G1 X374.0046 Y200.9653 Z0.4500 E0.6811 W17.5987 F600
G1 W31.4415 ;in place turn
G1 X374.0879 Y201.1955 Z0.4500 W0.0000 E0.2424 F600
G1 W34.3509 ;in place turn
G1 X374.0330 Y201.4085 Z0.4500 W0.0000 E0.2178 F600
G1 W32.5113 ;in place turn
G1 X373.8478 Y201.5815 Z0.4500 W0.0000 E0.2508 F600
G1 X373.5528 Y201.6977 Z0.4500 E0.3139 W21.5455 F600
G1 X372.7384 Y201.7481 Z0.4500 E0.8078 W17.9468 F600
G1 X371.7719 Y201.6222 Z0.4500 E0.9649 W10.9731 F600
G1 X357.8029 Y198.7593 Z0.4500 E14.1167 W-1.3994 F600
G1 X353.2775 Y197.6613 Z0.4500 E4.6102 W4.2357 F600
G1 X346.4592 Y195.7269 Z0.4500 E7.0165 W2.0289 F600
G1 X342.9825 Y194.8313 Z0.4500 E3.5543 W0.4412 F600
G1 X333.3514 Y192.5859 Z0.4500 E9.7905 W-0.6981 F600
G1 X328.1605 Y191.5266 Z0.4500 E5.2449 W-1.6213 F600
G1 X322.2807 Y190.5423 Z0.4500 E5.9019 W-2.6493 F600
G1 X309.6765 Y188.7926 Z0.4500 E12.5978 W-4.1636 F600
G1 X308.6500 Y188.7249 Z0.4500 E1.0185 W-6.5162 F600
G1 X307.7235 Y188.7731 Z0.4500 E0.9184 W-9.9727 F600
G1 X307.0469 Y188.9962 Z0.4500 E0.7053 W-5.3531 F600
G1 X306.8605 Y189.1694 Z0.4500 E0.2520 W-24.6649 F600
G1 X306.7980 Y189.3667 Z0.4500 E0.2049 W-29.5315 F600
G1 W-36.1555 ;in place turn
G1 X306.8662 Y189.5694 Z0.4500 W0.0000 E0.2117 F600
G1 X307.0622 Y189.7599 Z0.4500 E0.2706 W-27.2194 F600
G1 X307.3743 Y189.9264 Z0.4500 E0.3502 W-16.1042 F600
G1 X308.2661 Y190.1771 Z0.4500 E0.9171 W-12.3840 F600
G1 X319.7904 Y191.7836 Z0.4500 E11.5194 W1.6207 F600
G1 X325.1815 Y192.6270 Z0.4500 E5.4021 W-3.6723 F600
G1 X330.9662 Y193.7220 Z0.4500 E5.8285 W-1.2031 F600
G1 X337.0925 Y195.0965 Z0.4500 E6.2158 W0.3710 F600
G1 X343.6214 Y196.6907 Z0.4500 E6.6535 W1.4954 F600
G1 X355.4550 Y199.8588 Z0.4500 E12.1279 W2.8909 F600
G1 X371.9325 Y203.3826 Z0.4500 E16.6815 W5.2136 F600
G1 X373.2863 Y203.8732 Z0.4500 E1.4256 W8.7590 F600
G1 X373.8912 Y204.3297 Z0.4500 E0.7502 W5.8636 F600
G1 X374.0388 Y204.5758 Z0.4500 E0.2841 W22.0055 F600
G1 X374.0622 Y204.8045 Z0.4500 E0.2276 W25.1163 F600
G1 W35.0051 ;in place turn
G1 X373.9583 Y204.9908 Z0.4500 W0.0000 E0.2112 F600
G1 W31.3651 ;in place turn
G1 X373.7360 Y205.1164 Z0.4500 W0.0000 E0.2528 F600
G1 X373.0191 Y205.1724 Z0.4500 E0.7119 W25.0080 F600
G1 X372.0978 Y205.0404 Z0.4500 E0.9214 W12.6177 F600
G1 X357.1589 Y201.9023 Z0.4500 E15.1122 W3.7085 F600
G1 X352.1224 Y200.6906 Z0.4500 E5.1284 W-1.9820 F600
G1 X343.2613 Y198.3019 Z0.4500 E9.0856 W2.1258 F600
G1 X337.7674 Y196.9192 Z0.4500 E5.6086 W0.4728 F600
G1 X331.6702 Y195.5179 Z0.4500 E6.1936 W-0.5875 F600
G1 X326.4565 Y194.4796 Z0.4500 E5.2630 W-1.2989 F600
G1 X317.3005 Y193.0239 Z0.4500 E9.1782 W-1.9337 F600
G1 X312.3607 Y192.3439 Z0.4500 E4.9365 W-2.8318 F600
G1 X307.9114 Y191.8292 Z0.4500 E4.4342 W-4.3437 F600
G1 X306.3108 Y191.7719 Z0.4500 E1.5856 W-6.7110 F600
G1 X305.3626 Y191.8889 Z0.4500 E0.9459 W-1.8058 F600
G1 X304.7058 Y192.1546 Z0.4500 E0.7015 W-14.9923 F600
G1 X304.5391 Y192.3242 Z0.4500 E0.2355 W-23.4730 F600
G1 W-30.9149 ;in place turn
G1 X304.4965 Y192.5005 Z0.4500 W0.0000 E0.1795 F600
G1 W-54.7214 ;in place turn
G1 X304.7786 Y192.8235 Z0.4500 W0.0000 E0.4246 F600
G1 W-32.4665 ;in place turn
G1 X305.9220 Y193.1600 Z0.4500 W0.0000 E1.1800 F600
G1 X314.2562 Y194.1966 Z0.4500 E8.3145 W-9.3093 F600
G1 X322.4131 Y195.4038 Z0.4500 E8.1633 W1.3289 F600
G1 X328.2348 Y196.4506 Z0.4500 E5.8559 W1.7747 F600
G1 X333.8951 Y197.6659 Z0.4500 E5.7314 W2.2678 F600
G1 X339.9277 Y199.1354 Z0.4500 E6.1469 W0.7834 F600
G1 X349.7954 Y201.7675 Z0.4500 E10.1106 W1.5144 F600
G1 X354.7986 Y203.0140 Z0.4500 E5.1046 W2.7338 F600
G1 X371.7706 Y206.6732 Z0.4500 E17.1884 W5.0450 F600
G1 X373.1377 Y207.1794 Z0.4500 E1.4432 W8.6401 F600
G1 X373.7595 Y207.6446 Z0.4500 E0.7688 W5.6232 F600
G1 X373.9108 Y207.8916 Z0.4500 E0.2868 W21.7256 F600
G1 X373.9322 Y208.1182 Z0.4500 E0.2253 W26.0707 F600
G1 W36.6513 ;in place turn
G1 X373.8221 Y208.2997 Z0.4500 W0.0000 E0.2102 F600
G1 W31.3380 ;in place turn
G1 X373.5926 Y208.4188 Z0.4500 W0.0000 E0.2560 F600
G1 X372.8672 Y208.4606 Z0.4500 E0.7193 W24.1150 F600
G1 X371.9461 Y208.3173 Z0.4500 E0.9228 W12.1364 F600
G1 X358.0180 Y205.4196 Z0.4500 E14.0840 W2.9146 F600
G1 X350.4439 Y203.6186 Z0.4500 E7.7075 W-2.1352 F600
G1 X335.0793 Y199.6083 Z0.4500 E15.7205 W1.7377 F600
G1 X329.9873 Y198.4502 Z0.4500 E5.1699 W0.1181 F600
G1 X324.7650 Y197.4256 Z0.4500 E5.2686 W-0.9329 F600
G1 X320.4877 Y196.7054 Z0.4500 E4.2942 W-1.7835 F600
G1 X315.0285 Y195.9024 Z0.4500 E5.4627 W-2.8751 F600
G1 X304.4550 Y194.6438 Z0.4500 E10.5416 W-4.6404 F600
G1 X302.9402 Y194.5777 Z0.4500 E1.5011 W-7.4150 F600
G1 X302.1571 Y194.6914 Z0.4500 E0.7834 W-2.0851 F600
G1 X301.5987 Y194.9577 Z0.4500 E0.6125 W-17.2376 F600
G1 X301.3510 Y195.3020 Z0.4500 E0.4199 W-28.7726 F600
G1 W-47.0353 ;in place turn
G1 X301.3843 Y195.4688 Z0.4500 W0.0000 E0.1684 F600
G1 W-34.1088 ;in place turn
G1 X301.5366 Y195.6190 Z0.4500 W0.0000 E0.2117 F600
G1 X302.6182 Y195.9544 Z0.4500 E1.1210 W-27.3571 F600
G1 X313.0835 Y197.2349 Z0.4500 E10.4380 W-10.2540 F600
G1 X319.0976 Y198.0954 Z0.4500 E6.0145 W1.1664 F600
G1 X325.5002 Y199.1867 Z0.4500 E6.4301 W4.2640 F600
G1 X331.7091 Y200.4801 Z0.4500 E6.2787 W-0.3495 F600
G1 X336.2397 Y201.5722 Z0.4500 E4.6138 W0.4549 F600
G1 X347.6046 Y204.5819 Z0.4500 E11.6391 W0.5008 F600
G1 X354.6256 Y206.3111 Z0.4500 E7.1585 W0.4000 F600
G1 X362.2676 Y208.0461 Z0.4500 E7.7582 W0.7494 F600
G1 X369.1002 Y209.3439 Z0.4500 E6.8852 W2.0339 F600
G1 X371.6457 Y209.9144 Z0.4500 E2.5825 W4.5626 F600
G1 X373.0376 Y210.3719 Z0.4500 E1.4505 W-2.5621 F600
G1 X373.7299 Y210.7822 Z0.4500 E0.7967 W12.4561 F600
G1 X374.0267 Y211.2448 Z0.4500 E0.5441 W26.6631 F600
G1 W43.6848 ;in place turn
G1 X373.9866 Y211.4511 Z0.4500 W0.0000 E0.2081 F600
G1 W34.8276 ;in place turn
G1 X373.8225 Y211.6106 Z0.4500 W0.0000 E0.2266 F600
G1 X373.5508 Y211.7081 Z0.4500 E0.2858 W24.4321 F600
G1 X373.1952 Y211.7400 Z0.4500 E0.3534 W14.6111 F600
G1 X372.3277 Y211.6445 Z0.4500 E0.8640 W11.4061 F600
G1 X369.8222 Y211.1120 Z0.4500 E2.5358 W-1.8207 F600
G1 X364.9942 Y210.3322 Z0.4500 E4.8416 W4.0415 F600
G1 X361.8697 Y209.6949 Z0.4500 E3.1569 W2.2508 F600
G1 X348.2520 Y206.4355 Z0.4500 E13.8624 W1.1055 F600
G1 X332.8910 Y202.4209 Z0.4500 E15.7182 W0.2709 F600
G1 X328.3062 Y201.3821 Z0.4500 E4.6540 W-0.4414 F600
G1 X323.6043 Y200.4613 Z0.4500 E4.7434 W-1.0676 F600
G1 X318.7788 Y199.6527 Z0.4500 E4.8439 W-1.6674 F600
G1 X312.7701 Y198.7886 Z0.4500 E6.0097 W-2.4423 F600
G1 X302.1182 Y197.5650 Z0.4500 E10.6148 W-3.6844 F600
G1 X300.5601 Y197.4754 Z0.4500 E1.5451 W-5.6556 F600
G1 X299.6001 Y197.5496 Z0.4500 E0.9532 W-1.5891 F600
G1 X298.8093 Y197.7608 Z0.4500 E0.8104 W-10.5294 F600
G1 X298.3483 Y198.0570 Z0.4500 E0.5425 W-17.7667 F600
G1 W-35.6312 ;in place turn
G1 X298.2871 Y198.2113 Z0.4500 W0.0000 E0.1643 F600
G1 W-44.6894 ;in place turn
G1 X298.3496 Y198.3583 Z0.4500 W0.0000 E0.1582 F600
G1 W-38.5652 ;in place turn
G1 X298.8217 Y198.6135 Z0.4500 W0.0000 E0.5313 F600
G1 X300.1614 Y198.8928 Z0.4500 E1.3548 W-16.6197 F600
G1 X308.6100 Y199.8536 Z0.4500 E8.4180 W-5.2879 F600
G1 X314.6695 Y200.6437 Z0.4500 E6.0497 W0.9409 F600
G1 X321.1643 Y201.6509 Z0.4500 E6.5067 W3.4802 F600
G1 X326.4297 Y202.6326 Z0.4500 E5.3025 W0.1009 F600
G1 X333.0506 Y204.1370 Z0.4500 E6.7217 W0.5818 F600
G1 X345.9056 Y207.5322 Z0.4500 E13.1629 W0.3699 F600
G1 X363.4670 Y211.8659 Z0.4500 E17.9073 W0.0492 F600
G1 X365.6690 Y212.2658 Z0.4500 E2.2157 W0.2482 F600
G1 X369.5664 Y212.6633 Z0.4500 E3.8784 W1.3970 F600
G1 X371.0871 Y212.9766 Z0.4500 E1.5371 W3.5421 F600
G1 X372.5185 Y213.4240 Z0.4500 E1.4847 W6.4516 F600
G1 X373.3414 Y213.8259 Z0.4500 E0.9066 W9.9021 F600
G1 X373.9133 Y214.3218 Z0.4500 E0.7495 W7.3784 F600
G1 X374.0530 Y214.5767 Z0.4500 E0.2877 W20.3428 F600
G1 X374.0755 Y214.8045 Z0.4500 E0.2266 W23.0786 F600
G1 W34.4794 ;in place turn
G1 X373.9790 Y214.9798 Z0.4500 W0.0000 E0.1981 F600
G1 W34.0660 ;in place turn
G1 X373.7734 Y215.0850 Z0.4500 W0.0000 E0.2287 F600
G1 X373.1141 Y215.0793 Z0.4500 E0.6527 W27.6062 F600
G1 X370.8787 Y214.4821 Z0.4500 E2.2906 W14.4527 F600
G1 X369.9699 Y214.3163 Z0.4500 E0.9146 W-4.6124 F600
G1 X369.2273 Y214.3219 Z0.4500 E0.7352 W-10.7775 F600
G1 X368.9843 Y214.4016 Z0.4500 E0.2532 W-17.7354 F600
G1 X368.8573 Y214.5287 Z0.4500 E0.1778 W-26.8510 F600
G1 W-44.4565 ;in place turn
G1 X368.8558 Y214.6932 Z0.4500 W0.0000 E0.1629 F600
G1 W-41.7200 ;in place turn
G1 X369.1986 Y215.0848 Z0.4500 W0.0000 E0.5152 F600
G1 X369.8662 Y215.4909 Z0.4500 E0.7736 W-17.4929 F600
G1 X372.8725 Y216.8124 Z0.4500 E3.2511 W-7.5803 F600
G1 X373.6190 Y217.2524 Z0.4500 E0.8578 W6.7851 F600
G1 X374.0856 Y217.7531 Z0.4500 E0.6776 W16.5070 F600
G1 X374.1596 Y217.9975 Z0.4500 E0.2528 W26.1341 F600
G1 X374.1136 Y218.2078 Z0.4500 E0.2131 W29.1619 F600
G1 W33.9848 ;in place turn
G1 X373.9536 Y218.3607 Z0.4500 W0.0000 E0.2191 F600
G1 X373.6967 Y218.4410 Z0.4500 E0.2665 W26.3428 F600
G1 X372.9861 Y218.3835 Z0.4500 E0.7058 W21.9784 F600
G1 X371.2816 Y217.7735 Z0.4500 E1.7923 W15.0678 F600
G1 X368.7193 Y216.5904 Z0.4500 E2.7940 W-2.4211 F600
G1 X365.9428 Y214.9887 Z0.4500 E3.1733 W4.1552 F600
G1 X364.7008 Y214.3598 Z0.4500 E1.3783 W1.0085 F600
G1 X363.3655 Y213.8211 Z0.4500 E1.4254 W-1.0588 F600
G1 X361.4849 Y213.2031 Z0.4500 E1.9598 W-2.0109 F600
G1 X356.5789 Y211.8588 Z0.4500 E5.0359 W-2.0929 F600
G1 X344.5558 Y208.8815 Z0.4500 E12.2624 W-1.7596 F600
G1 X333.1998 Y205.8626 Z0.4500 E11.6329 W-1.4367 F600
G1 X328.1643 Y204.6461 Z0.4500 E5.1285 W-1.3385 F600
G1 X323.5006 Y203.6898 Z0.4500 E4.7132 W-1.4810 F600
G1 X318.1632 Y202.7688 Z0.4500 E5.3621 W-1.8707 F600
G1 X311.6265 Y201.8228 Z0.4500 E6.5387 W-2.6941 F600
G1 X305.5157 Y201.0775 Z0.4500 E6.0946 W-4.3197 F600
G1 X297.1506 Y200.2095 Z0.4500 E8.3259 W-7.1391 F600
G1 X295.9025 Y200.3192 Z0.4500 E1.2404 W-0.2537 F600
G1 X295.3457 Y200.5837 Z0.4500 E0.6102 W-20.3899 F600
G1 X295.0996 Y200.9275 Z0.4500 E0.4186 W-28.9935 F600
G1 W-46.9820 ;in place turn
G1 X295.1332 Y201.0945 Z0.4500 W0.0000 E0.1687 F600
G1 W-33.8876 ;in place turn
G1 X295.2853 Y201.2451 Z0.4500 W0.0000 E0.2119 F600
G1 X295.5527 Y201.3759 Z0.4500 E0.2947 W-18.6585 F600
G1 X296.8523 Y201.6679 Z0.4500 E1.3187 W-13.4075 F600
G1 X308.0089 Y202.9537 Z0.4500 E11.1181 W-6.0849 F600
G1 X313.5229 Y203.6756 Z0.4500 E5.5054 W5.4247 F600
G1 X320.0031 Y204.6828 Z0.4500 E6.4924 W-1.0844 F600
G1 X325.2664 Y205.6707 Z0.4500 E5.3016 W0.4564 F600
G1 X330.8595 Y206.9528 Z0.4500 E5.6808 W1.2214 F600
G1 X342.2111 Y209.9755 Z0.4500 E11.6297 W1.6204 F600
G1 X356.7033 Y213.6091 Z0.4500 E14.7913 W2.0972 F600
G1 X360.5776 Y214.7344 Z0.4500 E3.9941 W3.0071 F600
G1 X363.3315 Y215.7286 Z0.4500 E2.8986 W4.5919 F600
G1 X372.2567 Y219.9398 Z0.4500 E9.7702 W7.0717 F600
G1 X373.4179 Y220.6391 Z0.4500 E1.3419 W0.0753 F600
G1 X373.9384 Y221.1981 Z0.4500 E0.7562 W15.9882 F600
G1 X374.0693 Y221.7140 Z0.4500 E0.5269 W28.7181 F600
G1 W44.3697 ;in place turn
G1 X373.9662 Y221.8916 Z0.4500 W0.0000 E0.2033 F600
G1 W34.3100 ;in place turn
G1 X373.7615 Y221.9895 Z0.4500 W0.0000 E0.2246 F600
G1 X373.1288 Y221.9444 Z0.4500 E0.6280 W29.6385 F600
G1 X372.3371 Y221.6733 Z0.4500 E0.8285 W14.8230 F600
G1 X363.3537 Y217.5815 Z0.4500 E9.7726 W5.5843 F600
G1 X361.1018 Y216.7107 Z0.4500 E2.3902 W-7.8522 F600
G1 X358.7526 Y215.9344 Z0.4500 E2.4494 W0.6413 F600
G1 X353.8652 Y214.5706 Z0.4500 E5.0234 W-0.7570 F600
G1 X341.8581 Y211.5787 Z0.4500 E12.2504 W-1.2125 F600
G1 X331.0090 Y208.6787 Z0.4500 E11.1178 W-1.2786 F600
G1 X326.4838 Y207.5787 Z0.4500 E4.6103 W-1.3276 F600
G1 X321.2828 Y206.5292 Z0.4500 E5.2528 W-1.4552 F600
G1 X315.3968 Y205.5490 Z0.4500 E5.9074 W-1.6432 F600
G1 X309.3522 Y204.7114 Z0.4500 E6.0413 W-1.9848 F600
G1 X300.4225 Y203.6681 Z0.4500 E8.9005 W-2.7680 F600
G1 X295.8724 Y203.1889 Z0.4500 E4.5294 W-4.3439 F600
G1 X294.3354 Y203.1022 Z0.4500 E1.5240 W-6.8986 F600
G1 X293.0766 Y203.3004 Z0.4500 E1.2616 W-10.3683 F600
G1 X292.7981 Y203.4442 Z0.4500 E0.3103 W-10.5503 F600
G1 X292.6238 Y203.6136 Z0.4500 E0.2406 W-16.8719 F600
G1 X292.5670 Y203.7940 Z0.4500 E0.1872 W-28.3174 F600
G1 W-37.9443 ;in place turn
G1 X292.6328 Y203.9707 Z0.4500 W0.0000 E0.1868 F600
G1 W-37.3991 ;in place turn
G1 X293.1139 Y204.2732 Z0.4500 W0.0000 E0.5626 F600
G1 X294.4872 Y204.5745 Z0.4500 E1.3919 W-19.7806 F600
G1 X306.8360 Y205.9836 Z0.4500 E12.3046 W-5.8666 F600
G1 X312.3682 Y206.7074 Z0.4500 E5.5235 W0.9447 F600
G1 X318.3089 Y207.6247 Z0.4500 E5.9510 W3.7161 F600
G1 X323.5819 Y208.6069 Z0.4500 E5.3101 W0.2392 F600
G1 X328.6723 Y209.7652 Z0.4500 E5.1683 W1.1337 F600
G1 X340.0167 Y212.7973 Z0.4500 E11.6252 W1.4905 F600
G1 X354.4960 Y216.4406 Z0.4500 E14.7814 W1.7165 F600
G1 X358.8464 Y217.7158 Z0.4500 E4.4881 W2.0487 F600
G1 X362.0740 Y218.8614 Z0.4500 E3.3906 W2.5963 F600
G1 X365.5892 Y220.3509 Z0.4500 E3.7796 W3.5213 F600
G1 X371.1468 Y222.9162 Z0.4500 E6.0599 W5.1594 F600
G1 X372.8105 Y223.7573 Z0.4500 E1.8456 W7.9142 F600
G1 X373.8251 Y224.5324 Z0.4500 E1.2640 W0.3873 F600
G1 X374.1504 Y225.0987 Z0.4500 E0.6466 W22.7445 F600
G1 X374.1578 Y225.3404 Z0.4500 E0.2395 W28.1394 F600
G1 W31.0651 ;in place turn
G1 X374.0572 Y225.5195 Z0.4500 W0.0000 E0.2034 F600
G1 W34.1916 ;in place turn
G1 X373.8587 Y225.6184 Z0.4500 W0.0000 E0.2195 F600
G1 W30.7434 ;in place turn
G1 X373.2430 Y225.5725 Z0.4500 W0.0000 E0.6112 F600
G1 X372.4670 Y225.2962 Z0.4500 E0.8154 W15.3415 F600
G1 X366.0928 Y222.3416 Z0.4500 E6.9554 W5.2655 F600
G1 X362.5961 Y220.8422 Z0.4500 E3.7666 W-1.6583 F600
G1 X359.8719 Y219.8147 Z0.4500 E2.8825 W-4.3504 F600
G1 X357.0474 Y218.8900 Z0.4500 E2.9423 W-0.7685 F600
G1 X352.1648 Y217.5238 Z0.4500 E5.0194 W-1.3419 F600
G1 X340.1618 Y214.5260 Z0.4500 E12.2480 W-1.3703 F600
G1 X329.3179 Y211.6195 Z0.4500 E11.1144 W-1.2868 F600
G1 X325.3065 Y210.6307 Z0.4500 E4.0901 W-1.3242 F600
G1 X320.1192 Y209.5665 Z0.4500 E5.2424 W-1.5244 F600
G1 X314.2392 Y208.5815 Z0.4500 E5.9023 W-1.9138 F600
G1 X308.7448 Y207.8137 Z0.4500 E5.4922 W-2.7020 F600
G1 X299.8436 Y206.7510 Z0.4500 E8.8748 W-4.2976 F600
G1 X291.4857 Y205.8728 Z0.4500 E8.3199 W3.6679 F600
G1 X290.2351 Y205.9644 Z0.4500 E1.2414 W-10.1888 F600
G1 X289.6935 Y206.2248 Z0.4500 E0.5950 W-21.4906 F600
G1 W-30.9521 ;in place turn
G1 X289.4620 Y206.5763 Z0.4500 W0.0000 E0.4166 F600
G1 W-45.2989 ;in place turn
G1 X289.4988 Y206.7501 Z0.4500 W0.0000 E0.1759 F600
G1 W-31.8768 ;in place turn
G1 X289.6501 Y206.9079 Z0.4500 W0.0000 E0.2164 F600
G1 X289.9126 Y207.0449 Z0.4500 E0.2932 W-18.6270 F600
G1 X291.1785 Y207.3449 Z0.4500 E1.2879 W-14.2347 F600
G1 X302.3528 Y208.6129 Z0.4500 E11.1335 W-6.8553 F600
G1 X309.5353 Y209.5122 Z0.4500 E7.1662 W5.5235 F600
G1 X316.0868 Y210.4816 Z0.4500 E6.5566 W-1.2292 F600
G1 X321.3705 Y211.4401 Z0.4500 E5.3162 W0.3968 F600
G1 X326.9829 Y212.7041 Z0.4500 E5.6955 W1.1812 F600
G1 X338.3202 Y215.7417 Z0.4500 E11.6198 W1.4665 F600
G1 X352.7996 Y219.3896 Z0.4500 E14.7825 W1.6052 F600
G1 X356.6813 Y220.5035 Z0.4500 E3.9981 W1.8170 F600
G1 X360.4233 Y221.7647 Z0.4500 E3.9093 W2.1632 F600
G1 X363.9957 Y223.1898 Z0.4500 E3.8077 W2.6838 F600
G1 X368.3100 Y225.1312 Z0.4500 E4.6837 W3.5727 F600
G1 X372.1128 Y226.9501 Z0.4500 E4.1733 W5.1874 F600
G1 X373.3088 Y227.6300 Z0.4500 E1.3620 W7.8769 F600
G1 X373.9426 Y228.1711 Z0.4500 E0.8250 W1.7702 F600
G1 X374.2706 Y228.7408 Z0.4500 E0.6508 W19.5773 F600
G1 X374.2789 Y228.9838 Z0.4500 E0.2407 W27.9938 F600
G1 W31.1675 ;in place turn
G1 X374.1782 Y229.1637 Z0.4500 W0.0000 E0.2041 F600
G1 W34.3783 ;in place turn
G1 X373.9786 Y229.2628 Z0.4500 W0.0000 E0.2206 F600
G1 W30.7986 ;in place turn
G1 X373.3587 Y229.2150 Z0.4500 W0.0000 E0.6155 F600
G1 X372.5804 Y228.9343 Z0.4500 E0.8192 W15.4292 F600
G1 X366.6670 Y226.1457 Z0.4500 E6.4725 W5.4133 F600
G1 X362.3097 Y224.2512 Z0.4500 E4.7038 W-1.7491 F600
G1 X359.1385 Y223.0478 Z0.4500 E3.3579 W-4.4409 F600
G1 X356.3225 Y222.1158 Z0.4500 E2.9366 W-0.8030 F600
G1 X350.9631 Y220.5988 Z0.4500 E5.5143 W-1.3786 F600
G1 X338.4677 Y217.4688 Z0.4500 E12.7526 W-1.4036 F600
G1 X327.6322 Y214.5554 Z0.4500 E11.1082 W-1.3097 F600
G1 X323.6206 Y213.5683 Z0.4500 E4.0900 W-1.3267 F600
G1 X318.9555 Y212.6058 Z0.4500 E4.7157 W-1.4800 F600
G1 X313.6196 Y211.6992 Z0.4500 E5.3582 W-1.7456 F600
G1 X306.4725 Y210.7029 Z0.4500 E7.1441 W-2.2412 F600
G1 X299.2584 Y209.8361 Z0.4500 E7.1933 W-3.2826 F600
G1 X289.6896 Y208.8393 Z0.4500 E9.5243 W-5.2620 F600
G1 X288.7531 Y208.8432 Z0.4500 E0.9272 W0.9367 F600
G1 X288.0006 Y208.9971 Z0.4500 E0.7604 W-11.3157 F600
G1 X287.5518 Y209.3025 Z0.4500 E0.5374 W-22.6776 F600
G1 W-36.0108 ;in place turn
G1 X287.4858 Y209.4860 Z0.4500 W0.0000 E0.1931 F600
G1 W-36.8937 ;in place turn
G1 X287.5424 Y209.6695 Z0.4500 W0.0000 E0.1901 F600
G1 X287.7239 Y209.8395 Z0.4500 E0.2462 W-29.7469 F600
G1 X288.0227 Y209.9877 Z0.4500 E0.3302 W-16.7264 F600
G1 X289.4229 Y210.3005 Z0.4500 E1.4203 W-13.7984 F600
G1 X307.8477 Y212.4729 Z0.4500 E18.3669 W3.5641 F600
G1 X314.9204 Y213.5191 Z0.4500 E7.0781 W-3.2825 F600
G1 X320.2036 Y214.4835 Z0.4500 E5.3169 W-0.7963 F600
G1 X325.8000 Y215.7628 Z0.4500 E5.6833 W0.6085 F600
G1 X337.1273 Y218.8104 Z0.4500 E11.6129 W1.2236 F600
G1 X351.5988 Y222.4619 Z0.4500 E14.7758 W1.4800 F600
G1 X355.4866 Y223.5764 Z0.4500 E4.0039 W1.7113 F600
G1 X359.2379 Y224.8238 Z0.4500 E3.9137 W2.0523 F600
G1 X362.3939 Y226.0451 Z0.4500 E3.3503 W2.5463 F600
G1 X366.3051 Y227.7537 Z0.4500 E4.2254 W3.2990 F600
G1 X371.3833 Y230.1838 Z0.4500 E5.5735 W4.4766 F600
G1 X373.0212 Y231.1070 Z0.4500 E1.8613 W6.1586 F600
G1 X373.7143 Y231.6966 Z0.4500 E0.9009 W8.2696 F600
G1 X373.9703 Y232.0192 Z0.4500 E0.4077 W10.7695 F600
G1 X374.1355 Y232.3337 Z0.4500 E0.3517 W7.6144 F600
G1 X374.1931 Y232.6092 Z0.4500 E0.2786 W15.8918 F600
G1 X374.1374 Y232.8154 Z0.4500 E0.2115 W26.9401 F600
G1 W39.0806 ;in place turn
G1 X373.9752 Y232.9324 Z0.4500 W0.0000 E0.1980 F600
G1 W30.4708 ;in place turn
G1 X373.7238 Y232.9558 Z0.4500 W0.0000 E0.2500 F600
G1 X373.0430 Y232.7735 Z0.4500 E0.6978 W20.3242 F600
G1 X366.8020 Y229.7622 Z0.4500 E6.8602 W10.7637 F600
G1 X362.9155 Y228.0215 Z0.4500 E4.2160 W-1.6316 F600
G1 X359.3393 Y226.5989 Z0.4500 E3.8102 W-5.2295 F600
G1 X355.6076 Y225.3285 Z0.4500 E3.9026 W-0.4933 F600
G1 X350.2645 Y223.7984 Z0.4500 E5.5023 W-1.3758 F600
G1 X336.2840 Y220.2794 Z0.4500 E14.2724 W-1.5492 F600
G1 X323.9619 Y216.9757 Z0.4500 E12.6298 W-1.4972 F600
G1 X320.9128 Y216.2752 Z0.4500 E3.0972 W-1.5068 F600
G1 X317.2657 Y215.5497 Z0.4500 E3.6815 W-1.6587 F600
G1 X309.7380 Y214.3327 Z0.4500 E7.5492 W-1.9812 F600
G1 X298.6636 Y212.9232 Z0.4500 E11.0521 W-2.6122 F600
G1 X289.0924 Y211.8665 Z0.4500 E9.5331 W-3.8183 F600
G1 X287.5269 Y211.7682 Z0.4500 E1.5528 W-5.8922 F600
G1 X286.6007 Y211.8504 Z0.4500 E0.9206 W-1.5840 F600
G1 X286.2308 Y211.9563 Z0.4500 E0.3808 W-10.9065 F600
G1 X285.7912 Y212.2737 Z0.4500 E0.5368 W-19.8528 F600
G1 W-41.9637 ;in place turn
G1 X285.7516 Y212.4571 Z0.4500 W0.0000 E0.1857 F600
G1 W-37.7699 ;in place turn
G1 X285.8370 Y212.6357 Z0.4500 W0.0000 E0.1961 F600
G1 X286.0394 Y212.7981 Z0.4500 E0.2569 W-25.6923 F600
G1 X286.7312 Y213.0565 Z0.4500 E0.7311 W-18.2625 F600
G1 X288.2289 Y213.3150 Z0.4500 E1.5047 W-10.6882 F600
G1 X306.6949 Y215.5099 Z0.4500 E18.4100 W4.6480 F600
G1 X312.6708 Y216.3853 Z0.4500 E5.9793 W-2.5404 F600
G1 X317.9922 Y217.3201 Z0.4500 E5.3489 W-0.3180 F600
G1 X324.1269 Y218.6849 Z0.4500 E6.2218 W0.9057 F600
G1 X335.4392 Y221.7481 Z0.4500 E11.6025 W1.4572 F600
G1 X349.9174 Y225.3957 Z0.4500 E14.7813 W1.7390 F600
G1 X355.7305 Y227.0810 Z0.4500 E5.9919 W2.0330 F600
G1 X360.7891 Y228.8976 Z0.4500 E5.3211 W2.4644 F600
G1 X363.8672 Y230.1965 Z0.4500 E3.3076 W3.1739 F600
G1 X367.2881 Y231.7766 Z0.4500 E3.7305 W4.5029 F600
G1 X370.1964 Y233.2334 Z0.4500 E3.2202 W-1.2519 F600
G1 X371.5292 Y234.0542 Z0.4500 E1.5497 W5.0206 F600
G1 X371.6566 Y234.2286 Z0.4500 E0.2138 W22.2377 F600
G1 W46.1108 ;in place turn
G1 X371.6312 Y234.3728 Z0.4500 W0.0000 E0.1450 F600
G1 W64.8320 ;in place turn
G1 X371.0728 Y234.5245 Z0.4500 W0.0000 E0.5728 F600
G1 X370.0148 Y234.4509 Z0.4500 E1.0500 W19.1684 F600
G1 X368.8519 Y234.1849 Z0.4500 E1.1811 W8.9113 F600
G1 X367.3622 Y233.6135 Z0.4500 E1.5795 W8.0970 F600
G1 X363.9413 Y231.9993 Z0.4500 E3.7448 W-2.8428 F600
G1 X360.4364 Y230.5000 Z0.4500 E3.7740 W1.5705 F600
G1 X357.2532 Y229.3076 Z0.4500 E3.3652 W-0.2431 F600
G1 X353.9562 Y228.2338 Z0.4500 E3.4327 W-1.1979 F600
G1 X348.5820 Y226.7300 Z0.4500 E5.5249 W-1.4757 F600
G1 X335.0914 Y223.3449 Z0.4500 E13.7697 W-1.4138 F600
G1 X324.7843 Y220.5288 Z0.4500 E10.5781 W-1.3377 F600
G1 X320.7661 Y219.5443 Z0.4500 E4.0956 W-1.4096 F600
G1 X315.0327 Y218.4029 Z0.4500 E5.7875 W-1.6191 F600
G1 X308.0271 Y217.2952 Z0.4500 E7.0216 W-1.9440 F600
G1 X298.6343 Y216.0798 Z0.4500 E9.3764 W-2.5287 F600
G1 X287.4346 Y214.7895 Z0.4500 E11.1611 W-3.6755 F600
G1 X285.2991 Y214.6045 Z0.4500 E2.1221 W-5.6610 F600
G1 X284.4859 Y214.6628 Z0.4500 E0.8071 W-1.3033 F600
G1 X284.1824 Y214.7588 Z0.4500 E0.3152 W-13.4552 F600
G1 X283.9565 Y214.8988 Z0.4500 E0.2631 W-14.2237 F600
G1 W-31.0963 ;in place turn
G1 X283.7703 Y215.2621 Z0.4500 W0.0000 E0.4041 F600
G1 W-44.4706 ;in place turn
G1 X283.8294 Y215.4511 Z0.4500 W0.0000 E0.1961 F600
G1 X283.9977 Y215.6251 Z0.4500 E0.2396 W-26.7093 F600
G1 X284.2708 Y215.7762 Z0.4500 E0.3090 W-16.9924 F600
G1 X285.5419 Y216.0993 Z0.4500 E1.2984 W-14.6913 F600
G1 X301.1134 Y217.9706 Z0.4500 E15.5267 W2.4474 F600
G1 X309.3438 Y219.0952 Z0.4500 E8.2238 W-3.7237 F600
G1 X316.2947 Y220.2662 Z0.4500 E6.9784 W-1.0787 F600
G1 X322.4582 Y221.6042 Z0.4500 E6.2439 W0.4903 F600
G1 X333.2597 Y224.5537 Z0.4500 E11.0850 W1.2061 F600
G1 X347.7439 Y228.1923 Z0.4500 E14.7849 W1.5187 F600
G1 X353.1310 Y229.6817 Z0.4500 E5.5333 W1.9026 F600
G1 X356.4431 Y230.7440 Z0.4500 E3.4436 W2.7249 F600
G1 X359.6386 Y231.9255 Z0.4500 E3.3728 W4.2919 F600
G1 X362.6971 Y233.2352 Z0.4500 E3.2939 W-0.8616 F600
G1 X364.0911 Y233.9994 Z0.4500 E1.5738 W5.5492 F600
G1 X364.2317 Y234.1676 Z0.4500 E0.2170 W21.3914 F600
G1 W46.3233 ;in place turn
G1 X364.2155 Y234.3110 Z0.4500 W0.0000 E0.1429 F600
G1 W66.9379 ;in place turn
G1 X363.6538 Y234.4786 Z0.4500 W0.0000 E0.5803 F600
G1 X362.5588 Y234.4410 Z0.4500 E1.0847 W18.5835 F600
G1 X361.3373 Y234.2221 Z0.4500 E1.2285 W8.1941 F600
G1 X360.2460 Y233.9030 Z0.4500 E1.1257 W6.1371 F600
G1 X355.1632 Y232.0257 Z0.4500 E5.3642 W-2.7240 F600
G1 X350.3627 Y230.5748 Z0.4500 E4.9648 W1.3735 F600
G1 X332.9155 Y226.1478 Z0.4500 E17.8201 W-0.1668 F600
G1 X322.6221 Y223.3151 Z0.4500 E10.5693 W-1.0460 F600
G1 X317.5335 Y222.1517 Z0.4500 E5.1677 W-1.5360 F600
G1 X311.1907 Y220.9973 Z0.4500 E6.3825 W-1.8963 F600
G1 X303.5717 Y219.8832 Z0.4500 E7.6230 W-2.3909 F600
G1 X287.4172 Y217.9214 Z0.4500 E16.1105 W-3.3850 F600
G1 X284.6189 Y217.6388 Z0.4500 E2.7844 W-5.3234 F600
G1 X283.6831 Y217.6234 Z0.4500 E0.9265 W1.7394 F600
G1 X282.9552 Y217.7585 Z0.4500 E0.7329 W-11.4530 F600
G1 X282.5327 Y218.0581 Z0.4500 E0.5128 W-24.8375 F600
G1 W-37.5480 ;in place turn
G1 X282.4752 Y218.2452 Z0.4500 W0.0000 E0.1937 F600
G1 W-34.9894 ;in place turn
G1 X282.5365 Y218.4352 Z0.4500 W0.0000 E0.1977 F600
G1 X282.7196 Y218.6133 Z0.4500 E0.2529 W-27.8997 F600
G1 X283.0169 Y218.7700 Z0.4500 E0.3327 W-16.4239 F600
G1 X283.8772 Y219.0115 Z0.4500 E0.8846 W-12.1112 F600
G1 X299.9461 Y221.0033 Z0.4500 E16.0299 W0.9521 F600
G1 X306.5376 Y221.8993 Z0.4500 E6.5856 W-3.7814 F600
G1 X313.5424 Y223.0234 Z0.4500 E7.0235 W-1.2036 F600
G1 X319.7713 Y224.2911 Z0.4500 E6.2931 W0.3806 F600
G1 X323.7707 Y225.2939 Z0.4500 E4.0819 W1.1560 F600
G1 X333.0686 Y227.8685 Z0.4500 E9.5513 W1.5946 F600
G1 X348.5494 Y231.7652 Z0.4500 E15.8041 W2.3321 F600
G1 X352.9216 Y233.0184 Z0.4500 E4.5028 W-1.1162 F600
G1 X355.2241 Y233.8083 Z0.4500 E2.4099 W2.9422 F600
G1 X356.2436 Y234.2614 Z0.4500 E1.1045 W5.0234 F600
G1 W30.0019 ;in place turn
G1 X356.3413 Y234.3956 Z0.4500 W0.0000 E0.1643 F600
G1 W77.0051 ;in place turn
G1 X356.2423 Y234.5095 Z0.4500 W0.0000 E0.1494 F600
G1 W34.1825 ;in place turn
G1 X355.9272 Y234.5931 Z0.4500 W0.0000 E0.3227 F600
G1 X354.7473 Y234.6375 Z0.4500 E1.1690 W12.6958 F600
G1 X352.5298 Y234.4194 Z0.4500 E2.2059 W7.7718 F600
G1 X350.6934 Y234.0619 Z0.4500 E1.8522 W5.4000 F600
G1 X345.7382 Y232.6989 Z0.4500 E5.0878 W-0.6490 F600
G1 X331.7384 Y229.1984 Z0.4500 E14.2865 W1.9556 F600
G1 X321.4494 Y226.3630 Z0.4500 E10.5658 W0.4740 F600
G1 X317.9073 Y225.5305 Z0.4500 E3.6023 W-0.5727 F600
G1 X313.7418 Y224.6932 Z0.4500 E4.2063 W-1.3013 F600
G1 X307.3235 Y223.6249 Z0.4500 E6.4415 W-1.9435 F600
G1 X298.5416 Y222.4123 Z0.4500 E8.7766 W-2.8654 F600
G1 X285.1160 Y220.7961 Z0.4500 E13.3873 W-4.4702 F600
G1 X282.5288 Y220.6054 Z0.4500 E2.5683 W-7.0168 F600
G1 X281.7241 Y220.7277 Z0.4500 E0.8058 W-3.2720 F600
G1 X281.4419 Y220.8574 Z0.4500 E0.3075 W-16.0249 F600
G1 X281.2688 Y221.0256 Z0.4500 E0.2389 W-19.5155 F600
G1 W-31.1531 ;in place turn
G1 X281.2186 Y221.2176 Z0.4500 W0.0000 E0.1965 F600
G1 W-35.9304 ;in place turn
G1 X281.2955 Y221.4150 Z0.4500 W0.0000 E0.2097 F600
G1 X281.4947 Y221.6009 Z0.4500 E0.2698 W-25.7142 F600
G1 X281.8042 Y221.7639 Z0.4500 E0.3463 W-15.2374 F600
G1 X282.6811 Y222.0118 Z0.4500 E0.9022 W-11.9937 F600
G1 X304.2833 Y224.7884 Z0.4500 E21.5621 W1.2562 F600
G1 X309.6970 Y225.6179 Z0.4500 E5.4221 W-3.4576 F600
G1 X314.9901 Y226.5710 Z0.4500 E5.3244 W-0.7827 F600
G1 X321.6098 Y228.0770 Z0.4500 E6.7210 W1.2649 F600
G1 X330.4132 Y230.5253 Z0.4500 E9.0462 W1.4750 F600
G1 X339.8969 Y232.9150 Z0.4500 E9.6823 W-1.3986 F600
G1 X344.9277 Y234.2810 Z0.4500 E5.1609 W1.0483 F600
G1 W40.4693 ;in place turn
G1 X344.9959 Y234.3808 Z0.4500 W0.0000 E0.1196 F600
G1 W96.8172 ;in place turn
G1 X344.8217 Y234.4715 Z0.4500 W0.0000 E0.1944 F600
G1 X344.3848 Y234.5447 Z0.4500 E0.4386 W18.0218 F600
G1 X341.9432 Y234.5772 Z0.4500 E2.4174 W8.7375 F600
G1 X339.4310 Y234.3503 Z0.4500 E2.4972 W5.9224 F600
G1 X337.0160 Y233.9475 Z0.4500 E2.4238 W1.3034 F600
G1 X335.4793 Y233.5859 Z0.4500 E1.5629 W3.1190 F600
G1 X319.7758 Y229.2861 Z0.4500 E16.1188 W1.4677 F600
G1 X315.1844 Y228.2537 Z0.4500 E4.6589 W0.1165 F600
G1 X309.9107 Y227.2803 Z0.4500 E5.3091 W-0.8660 F600
G1 X303.9535 Y226.3501 Z0.4500 E5.9691 W-1.5860 F600
G1 X296.8255 Y225.3721 Z0.4500 E7.1228 W-2.3857 F600
G1 X284.0092 Y223.8013 Z0.4500 E12.7831 W-3.6933 F600
G1 X281.9064 Y223.6432 Z0.4500 E2.0877 W-5.8245 F600
G1 X280.9780 Y223.7307 Z0.4500 E0.9232 W-2.1914 F600
G1 X280.6080 Y223.8390 Z0.4500 E0.3817 W-10.9377 F600
G1 X280.1708 Y224.1584 Z0.4500 E0.5360 W-19.8356 F600
G1 W-42.4002 ;in place turn
G1 X280.1338 Y224.3409 Z0.4500 W0.0000 E0.1844 F600
G1 W-52.6574 ;in place turn
G1 X280.4284 Y224.6772 Z0.4500 W0.0000 E0.4426 F600
G1 W-31.8170 ;in place turn
G1 X281.5754 Y225.0273 Z0.4500 W0.0000 E1.1872 F600
G1 X295.4276 Y226.7775 Z0.4500 E13.8227 W-9.7703 F600
G1 X303.1030 Y227.8351 Z0.4500 E7.6704 W0.6447 F600
G1 X312.7674 Y229.4207 Z0.4500 E9.6957 W1.4714 F600
G1 X316.3993 Y230.1623 Z0.4500 E3.6697 W2.2246 F600
G1 X320.9388 Y231.2507 Z0.4500 E4.6215 W1.9409 F600
G1 X331.7233 Y234.3406 Z0.4500 E11.1062 W2.5050 F600
G1 W46.4633 ;in place turn
G1 X331.7781 Y234.4456 Z0.4500 W0.0000 E0.1172 F600
G1 W90.5533 ;in place turn
G1 X331.5937 Y234.5395 Z0.4500 W0.0000 E0.2048 F600
G1 X330.4802 Y234.6547 Z0.4500 E1.1083 W21.0891 F600
G1 X328.7391 Y234.6225 Z0.4500 E1.7240 W6.9681 F600
G1 X327.0245 Y234.4546 Z0.4500 E1.7055 W4.5318 F600
G1 X324.5159 Y233.9667 Z0.4500 E2.5300 W1.6665 F600
G1 X320.0988 Y232.7131 Z0.4500 E4.5457 W2.4650 F600
G1 X315.0446 Y231.5169 Z0.4500 E5.1419 W0.5919 F600
G1 X307.1213 Y230.0674 Z0.4500 E7.9742 W-0.9982 F600
G1 X294.0008 Y228.1810 Z0.4500 E13.1229 W-2.4141 F600
G1 X282.9139 Y226.8107 Z0.4500 E11.0595 W-3.9870 F600
G1 X281.3123 Y226.7114 Z0.4500 E1.5886 W-6.1265 F600
G1 X280.3654 Y226.8048 Z0.4500 E0.9419 W-2.4218 F600
G1 X279.9923 Y226.9162 Z0.4500 E0.3855 W-10.9884 F600
G1 X279.5629 Y227.2363 Z0.4500 E0.5303 W-20.0815 F600
G1 W-45.1421 ;in place turn
G1 X279.5372 Y227.4155 Z0.4500 W0.0000 E0.1793 F600
G1 W-53.2906 ;in place turn
G1 X279.8648 Y227.7416 Z0.4500 W0.0000 E0.4577 F600
G1 X281.0399 Y228.0848 Z0.4500 E1.2119 W-28.5854 F600
G1 X286.9990 Y228.9221 Z0.4500 E5.9575 W-8.2829 F600
G1 X294.8311 Y229.8724 Z0.4500 E7.8107 W-1.0802 F600
G1 X305.2020 Y231.3615 Z0.4500 E10.3724 W6.8086 F600
G1 X313.6809 Y232.8749 Z0.4500 E8.5268 W-3.6066 F600
G1 X319.0210 Y234.1929 Z0.4500 E5.4453 W3.7442 F600
G1 X319.2755 Y234.2978 Z0.4500 E0.2725 W8.5363 F600
G1 W36.3892 ;in place turn
G1 X319.3374 Y234.4000 Z0.4500 W0.0000 E0.1183 F600
G1 W93.7791 ;in place turn
G1 X319.1563 Y234.4941 Z0.4500 W0.0000 E0.2021 F600
G1 X318.0331 Y234.6208 Z0.4500 E1.1190 W20.9931 F600
G1 X316.2647 Y234.6157 Z0.4500 E1.7508 W6.6025 F600
G1 X313.7589 Y234.4114 Z0.4500 E2.4889 W4.4961 F600
G1 X309.5378 Y233.8968 Z0.4500 E4.2099 W-0.1201 F600
G1 X304.8875 Y232.9181 Z0.4500 E4.7046 W2.1822 F600
G1 X299.3884 Y232.2000 Z0.4500 E5.4903 W0.7125 F600
G1 X293.9745 Y231.3367 Z0.4500 E5.4274 W-0.5463 F600
G1 X287.7791 Y230.6403 Z0.4500 E6.1721 W-1.9583 F600
G1 X282.3476 Y229.8772 Z0.4500 E5.4300 W-3.9594 F600
G1 X280.7582 Y229.7802 Z0.4500 E1.5764 W-6.8617 F600
G1 X279.9128 Y229.9005 Z0.4500 E0.8455 W-2.2072 F600
G1 X279.6356 Y230.0337 Z0.4500 E0.3044 W-17.5699 F600
G1 X279.4861 Y230.2067 Z0.4500 E0.2264 W-23.4979 F600
G1 W-37.4211 ;in place turn
G1 X279.4744 Y230.4027 Z0.4500 W0.0000 E0.1944 F600
G1 W-46.9994 ;in place turn
G1 X279.8400 Y230.7868 Z0.4500 W0.0000 E0.5250 F600
G1 X281.0475 Y231.1941 Z0.4500 E1.2616 W-27.7752 F600
G1 X285.2158 Y231.8882 Z0.4500 E4.1835 W-9.1845 F600
cut_filament
G1 X286.9187 Y232.1718 Z0.4500 W0.0000 F450
G1 X294.2442 Y232.9496 Z0.4500 W0.0000 F450
G1 X298.9158 Y233.8839 Z0.4500 W0.0000 F450
G1 X304.1274 Y234.3570 Z0.4500 W0.0000 F450
G1 X305.4167 Y234.6194 Z0.4500 W0.0000 F450
G1 X306.4425 Y235.0000 Z0.4500 W0.0000 F450
; sum of skipped extrusion after the cut: 21.5
G0 X311.1302 Y236.7393 Z0.4500 W0.0000 F450 ;Ironing out move
;------------------------
; - END OF Fiber STRETCH #11 -
;------------------------
;========================
; - END OF ZCHUNK #6, range=[0.45, 0.45] -
;========================
;========================
; - START OF ZCHUNK #7, range=[0.60, 0.60] -
;========================
;- START OF POLYMER STRETCH INITIALIZATION -
G10 S1
; nozzle change gcode for switching from the fiber guide (T0) to the polymer nozzle(T1)
M104 S230 T1 ; set polymer nozzle temperature
SET_STATE_TARGET STATE=buffer TARGET=0

G91 ; use relative coordinates
G0 Z3.0000 F5500 ; sits currently at heigth +3 over layer
G90 ; use absolute coordinates
M83 ; extruder relative mode

M109 S230 T1 ; wait for polymer nozzle temperature
M104 S230 T1 ; set polymer nozzle temperature
T1 ; change nozzle
; end of T1 for Shoed-Red-Series
;- START OF POLYMER STRETCH INITIALIZATION -
G10
G0 Z0.6000 F5500
G0 X374.2000 Y135.3000
G0 Z0.6000
G1 F3600
G11
;- END OF POLYMER STRETCH INITIALIZATION -
;------------------------
; - START OF POLYMER STRETCH #12 (Infill) -
;------------------------
G1 X374.2000 Y234.7000 E67.5920 ; infill
G1 X373.2000 Y234.7000 E0.6800 ; infill step
G1 X373.2000 Y135.3000 E67.5920 ; infill
G1 X372.2000 Y135.3000 E0.6800 ; infill step
G1 X372.2000 Y234.7000 E67.5920 ; infill
G1 X371.2000 Y234.7000 E0.6800 ; infill step
G1 X371.2000 Y135.3000 E67.5920 ; infill
G1 X370.2000 Y135.3000 E0.6800 ; infill step
G1 X370.2000 Y234.7000 E67.5920 ; infill
G1 X369.2000 Y234.7000 E0.6800 ; infill step
G1 X369.2000 Y135.3000 E67.5920 ; infill
G1 X368.2000 Y135.3000 E0.6800 ; infill step
G1 X368.2000 Y234.7000 E67.5920 ; infill
G1 X367.2000 Y234.7000 E0.6800 ; infill step
G1 X367.2000 Y135.3000 E67.5920 ; infill
G1 X366.2000 Y135.3000 E0.6800 ; infill step
G1 X366.2000 Y234.7000 E67.5920 ; infill
G1 X365.2000 Y234.7000 E0.6800 ; infill step
G1 X365.2000 Y135.3000 E67.5920 ; infill
G1 X364.2000 Y135.3000 E0.6800 ; infill step
G1 X364.2000 Y234.7000 E67.5920 ; infill
G1 X363.2000 Y234.7000 E0.6800 ; infill step
G1 X363.2000 Y135.3000 E67.5920 ; infill
G1 X362.2000 Y135.3000 E0.6800 ; infill step
G1 X362.2000 Y234.7000 E67.5920 ; infill
G1 X361.2000 Y234.7000 E0.6800 ; infill step
G1 X361.2000 Y135.3000 E67.5920 ; infill
G1 X360.2000 Y135.3000 E0.6800 ; infill step
G1 X360.2000 Y234.7000 E67.5920 ; infill
G1 X359.2000 Y234.7000 E0.6800 ; infill step
G1 X359.2000 Y135.3000 E67.5920 ; infill
G1 X358.2000 Y135.3000 E0.6800 ; infill step
G1 X358.2000 Y234.7000 E67.5920 ; infill
G1 X357.2000 Y234.7000 E0.6800 ; infill step
G1 X357.2000 Y135.3000 E67.5920 ; infill
G1 X356.2000 Y135.3000 E0.6800 ; infill step
G1 X356.2000 Y234.7000 E67.5920 ; infill
G1 X355.2000 Y234.7000 E0.6800 ; infill step
G1 X355.2000 Y135.3000 E67.5920 ; infill
G1 X354.2000 Y135.3000 E0.6800 ; infill step
G1 X354.2000 Y234.7000 E67.5920 ; infill
G1 X353.2000 Y234.7000 E0.6800 ; infill step
G1 X353.2000 Y135.3000 E67.5920 ; infill
G1 X352.2000 Y135.3000 E0.6800 ; infill step
G1 X352.2000 Y234.7000 E67.5920 ; infill
G1 X351.2000 Y234.7000 E0.6800 ; infill step
G1 X351.2000 Y135.3000 E67.5920 ; infill
G1 X350.2000 Y135.3000 E0.6800 ; infill step
G1 X350.2000 Y234.7000 E67.5920 ; infill
G1 X349.2000 Y234.7000 E0.6800 ; infill step
G1 X349.2000 Y135.3000 E67.5920 ; infill
G1 X348.2000 Y135.3000 E0.6800 ; infill step
G1 X348.2000 Y234.7000 E67.5920 ; infill
G1 X347.2000 Y234.7000 E0.6800 ; infill step
G1 X347.2000 Y135.3000 E67.5920 ; infill
G1 X346.2000 Y135.3000 E0.6800 ; infill step
G1 X346.2000 Y234.7000 E67.5920 ; infill
G1 X345.2000 Y234.7000 E0.6800 ; infill step
G1 X345.2000 Y135.3000 E67.5920 ; infill
G1 X344.2000 Y135.3000 E0.6800 ; infill step
G1 X344.2000 Y234.7000 E67.5920 ; infill
G1 X343.2000 Y234.7000 E0.6800 ; infill step
G1 X343.2000 Y135.3000 E67.5920 ; infill
G1 X342.2000 Y135.3000 E0.6800 ; infill step
G1 X342.2000 Y234.7000 E67.5920 ; infill
G1 X341.2000 Y234.7000 E0.6800 ; infill step
G1 X341.2000 Y135.3000 E67.5920 ; infill
G1 X340.2000 Y135.3000 E0.6800 ; infill step
G1 X340.2000 Y234.7000 E67.5920 ; infill
G1 X339.2000 Y234.7000 E0.6800 ; infill step
G1 X339.2000 Y135.3000 E67.5920 ; infill
G1 X338.2000 Y135.3000 E0.6800 ; infill step
G1 X338.2000 Y234.7000 E67.5920 ; infill
G1 X337.2000 Y234.7000 E0.6800 ; infill step
G1 X337.2000 Y135.3000 E67.5920 ; infill
G1 X336.2000 Y135.3000 E0.6800 ; infill step
G1 X336.2000 Y234.7000 E67.5920 ; infill
G1 X335.2000 Y234.7000 E0.6800 ; infill step
G1 X335.2000 Y135.3000 E67.5920 ; infill
G1 X334.2000 Y135.3000 E0.6800 ; infill step
G1 X334.2000 Y234.7000 E67.5920 ; infill
G1 X333.2000 Y234.7000 E0.6800 ; infill step
G1 X333.2000 Y135.3000 E67.5920 ; infill
G1 X332.2000 Y135.3000 E0.6800 ; infill step
G1 X332.2000 Y234.7000 E67.5920 ; infill
G1 X331.2000 Y234.7000 E0.6800 ; infill step
G1 X331.2000 Y135.3000 E67.5920 ; infill
G1 X330.2000 Y135.3000 E0.6800 ; infill step
G1 X330.2000 Y234.7000 E67.5920 ; infill
G1 X329.2000 Y234.7000 E0.6800 ; infill step
G1 X329.2000 Y135.3000 E67.5920 ; infill
G1 X328.2000 Y135.3000 E0.6800 ; infill step
G1 X328.2000 Y234.7000 E67.5920 ; infill
G1 X327.2000 Y234.7000 E0.6800 ; infill step
G1 X327.2000 Y135.3000 E67.5920 ; infill
G1 X326.2000 Y135.3000 E0.6800 ; infill step
G1 X326.2000 Y234.7000 E67.5920 ; infill
G1 X325.2000 Y234.7000 E0.6800 ; infill step
G1 X325.2000 Y135.3000 E67.5920 ; infill
G1 X324.2000 Y135.3000 E0.6800 ; infill step
G1 X324.2000 Y234.7000 E67.5920 ; infill
G1 X323.2000 Y234.7000 E0.6800 ; infill step
G1 X323.2000 Y135.3000 E67.5920 ; infill
G1 X322.2000 Y135.3000 E0.6800 ; infill step
G1 X322.2000 Y234.7000 E67.5920 ; infill
G1 X321.2000 Y234.7000 E0.6800 ; infill step
G1 X321.2000 Y135.3000 E67.5920 ; infill
G1 X320.2000 Y135.3000 E0.6800 ; infill step
G1 X320.2000 Y234.7000 E67.5920 ; infill
G1 X319.2000 Y234.7000 E0.6800 ; infill step
G1 X319.2000 Y135.3000 E67.5920 ; infill
G1 X318.2000 Y135.3000 E0.6800 ; infill step
G1 X318.2000 Y234.7000 E67.5920 ; infill
G1 X317.2000 Y234.7000 E0.6800 ; infill step
G1 X317.2000 Y135.3000 E67.5920 ; infill
G1 X316.2000 Y135.3000 E0.6800 ; infill step
G1 X316.2000 Y234.7000 E67.5920 ; infill
G1 X315.2000 Y234.7000 E0.6800 ; infill step
G1 X315.2000 Y135.3000 E67.5920 ; infill
G1 X314.2000 Y135.3000 E0.6800 ; infill step
G1 X314.2000 Y234.7000 E67.5920 ; infill
G1 X313.2000 Y234.7000 E0.6800 ; infill step
G1 X313.2000 Y135.3000 E67.5920 ; infill
G1 X312.2000 Y135.3000 E0.6800 ; infill step
G1 X312.2000 Y234.7000 E67.5920 ; infill
G1 X311.2000 Y234.7000 E0.6800 ; infill step
G1 X311.2000 Y135.3000 E67.5920 ; infill
G1 X310.2000 Y135.3000 E0.6800 ; infill step
G1 X310.2000 Y234.7000 E67.5920 ; infill
G1 X309.2000 Y234.7000 E0.6800 ; infill step
G1 X309.2000 Y135.3000 E67.5920 ; infill
G1 X308.2000 Y135.3000 E0.6800 ; infill step
G1 X308.2000 Y234.7000 E67.5920 ; infill
G1 X307.2000 Y234.7000 E0.6800 ; infill step
G1 X307.2000 Y135.3000 E67.5920 ; infill
G1 X306.2000 Y135.3000 E0.6800 ; infill step
G1 X306.2000 Y234.7000 E67.5920 ; infill
G1 X305.2000 Y234.7000 E0.6800 ; infill step
G1 X305.2000 Y135.3000 E67.5920 ; infill
G1 X304.2000 Y135.3000 E0.6800 ; infill step
G1 X304.2000 Y234.7000 E67.5920 ; infill
G1 X303.2000 Y234.7000 E0.6800 ; infill step
G1 X303.2000 Y135.3000 E67.5920 ; infill
G1 X302.2000 Y135.3000 E0.6800 ; infill step
G1 X302.2000 Y234.7000 E67.5920 ; infill
G1 X301.2000 Y234.7000 E0.6800 ; infill step
G1 X301.2000 Y135.3000 E67.5920 ; infill
G1 X300.2000 Y135.3000 E0.6800 ; infill step
G1 X300.2000 Y234.7000 E67.5920 ; infill
G1 X299.2000 Y234.7000 E0.6800 ; infill step
G1 X299.2000 Y135.3000 E67.5920 ; infill
G1 X298.2000 Y135.3000 E0.6800 ; infill step
G1 X298.2000 Y234.7000 E67.5920 ; infill
G1 X297.2000 Y234.7000 E0.6800 ; infill step
G1 X297.2000 Y135.3000 E67.5920 ; infill
G1 X296.2000 Y135.3000 E0.6800 ; infill step
G1 X296.2000 Y234.7000 E67.5920 ; infill
G1 X295.2000 Y234.7000 E0.6800 ; infill step
G1 X295.2000 Y135.3000 E67.5920 ; infill
G1 X294.2000 Y135.3000 E0.6800 ; infill step
G1 X294.2000 Y234.7000 E67.5920 ; infill
G1 X293.2000 Y234.7000 E0.6800 ; infill step
G1 X293.2000 Y135.3000 E67.5920 ; infill
G1 X292.2000 Y135.3000 E0.6800 ; infill step
G1 X292.2000 Y234.7000 E67.5920 ; infill
G1 X291.2000 Y234.7000 E0.6800 ; infill step
G1 X291.2000 Y135.3000 E67.5920 ; infill
G1 X290.2000 Y135.3000 E0.6800 ; infill step
G1 X290.2000 Y234.7000 E67.5920 ; infill
G1 X289.2000 Y234.7000 E0.6800 ; infill step
G1 X289.2000 Y135.3000 E67.5920 ; infill
;------------------------
; - END OF POLYMER STRETCH #12 -
;------------------------
;- START OF POLYMER STRETCH INITIALIZATION -
G10
G0 Z0.6000 F5500
G0 X240.2000 Y234.7000
G0 Z0.6000
G1 F3600
G11
;- END OF POLYMER STRETCH INITIALIZATION -
;------------------------
; - START OF POLYMER STRETCH #13 (Infill) -
;------------------------
G1 X240.2000 Y135.3000 E67.5920 ; infill
G1 X241.2000 Y135.3000 E0.6800 ; infill step
G1 X241.2000 Y234.7000 E67.5920 ; infill
G1 X242.2000 Y234.7000 E0.6800 ; infill step
G1 X242.2000 Y135.3000 E67.5920 ; infill
G1 X243.2000 Y135.3000 E0.6800 ; infill step
G1 X243.2000 Y234.7000 E67.5920 ; infill
G1 X244.2000 Y234.7000 E0.6800 ; infill step
G1 X244.2000 Y135.3000 E67.5920 ; infill
G1 X245.2000 Y135.3000 E0.6800 ; infill step
G1 X245.2000 Y234.7000 E67.5920 ; infill
G1 X246.2000 Y234.7000 E0.6800 ; infill step
G1 X246.2000 Y135.3000 E67.5920 ; infill
G1 X247.2000 Y135.3000 E0.6800 ; infill step
G1 X247.2000 Y234.7000 E67.5920 ; infill
G1 X248.2000 Y234.7000 E0.6800 ; infill step
G1 X248.2000 Y135.3000 E67.5920 ; infill
G1 X249.2000 Y135.3000 E0.6800 ; infill step
G1 X249.2000 Y234.7000 E67.5920 ; infill
G1 X250.2000 Y234.7000 E0.6800 ; infill step
G1 X250.2000 Y135.3000 E67.5920 ; infill
G1 X251.2000 Y135.3000 E0.6800 ; infill step
G1 X251.2000 Y234.7000 E67.5920 ; infill
G1 X252.2000 Y234.7000 E0.6800 ; infill step
G1 X252.2000 Y135.3000 E67.5920 ; infill
G1 X253.2000 Y135.3000 E0.6800 ; infill step
G1 X253.2000 Y234.7000 E67.5920 ; infill
G1 X254.2000 Y234.7000 E0.6800 ; infill step
G1 X254.2000 Y135.3000 E67.5920 ; infill
G1 X255.2000 Y135.3000 E0.6800 ; infill step
G1 X255.2000 Y234.7000 E67.5920 ; infill
G1 X256.2000 Y234.7000 E0.6800 ; infill step
G1 X256.2000 Y135.3000 E67.5920 ; infill
G1 X257.2000 Y135.3000 E0.6800 ; infill step
G1 X257.2000 Y234.7000 E67.5920 ; infill
G1 X258.2000 Y234.7000 E0.6800 ; infill step
G1 X258.2000 Y135.3000 E67.5920 ; infill
G1 X259.2000 Y135.3000 E0.6800 ; infill step
G1 X259.2000 Y234.7000 E67.5920 ; infill
G1 X260.2000 Y234.7000 E0.6800 ; infill step
G1 X260.2000 Y135.3000 E67.5920 ; infill
G1 X261.2000 Y135.3000 E0.6800 ; infill step
G1 X261.2000 Y234.7000 E67.5920 ; infill
G1 X262.2000 Y234.7000 E0.6800 ; infill step
G1 X262.2000 Y135.3000 E67.5920 ; infill
G1 X263.2000 Y135.3000 E0.6800 ; infill step
G1 X263.2000 Y234.7000 E67.5920 ; infill
G1 X264.2000 Y234.7000 E0.6800 ; infill step
G1 X264.2000 Y135.3000 E67.5920 ; infill
G1 X265.2000 Y135.3000 E0.6800 ; infill step
G1 X265.2000 Y234.7000 E67.5920 ; infill
G1 X266.2000 Y234.7000 E0.6800 ; infill step
G1 X266.2000 Y135.3000 E67.5920 ; infill
G1 X267.2000 Y135.3000 E0.6800 ; infill step
G1 X267.2000 Y234.7000 E67.5920 ; infill
G1 X268.2000 Y234.7000 E0.6800 ; infill step
G1 X268.2000 Y135.3000 E67.5920 ; infill
G1 X269.2000 Y135.3000 E0.6800 ; infill step
G1 X269.2000 Y234.7000 E67.5920 ; infill
G1 X270.2000 Y234.7000 E0.6800 ; infill step
G1 X270.2000 Y135.3000 E67.5920 ; infill
G1 X271.2000 Y135.3000 E0.6800 ; infill step
G1 X271.2000 Y234.7000 E67.5920 ; infill
G1 X272.2000 Y234.7000 E0.6800 ; infill step
G1 X272.2000 Y135.3000 E67.5920 ; infill
G1 X273.2000 Y135.3000 E0.6800 ; infill step
G1 X273.2000 Y234.7000 E67.5920 ; infill
G1 X274.2000 Y234.7000 E0.6800 ; infill step
G1 X274.2000 Y135.3000 E67.5920 ; infill
G1 X275.2000 Y135.3000 E0.6800 ; infill step
G1 X275.2000 Y234.7000 E67.5920 ; infill
G1 X276.2000 Y234.7000 E0.6800 ; infill step
G1 X276.2000 Y135.3000 E67.5920 ; infill
G1 X277.2000 Y135.3000 E0.6800 ; infill step
G1 X277.2000 Y234.7000 E67.5920 ; infill
G1 X278.2000 Y234.7000 E0.6800 ; infill step
G1 X278.2000 Y135.3000 E67.5920 ; infill
G1 X279.2000 Y135.3000 E0.6800 ; infill step
G1 X279.2000 Y234.7000 E67.5920 ; infill
G1 X280.2000 Y234.7000 E0.6800 ; infill step
G1 X280.2000 Y135.3000 E67.5920 ; infill
G1 X281.2000 Y135.3000 E0.6800 ; infill step
G1 X281.2000 Y234.7000 E67.5920 ; infill
G1 X282.2000 Y234.7000 E0.6800 ; infill step
G1 X282.2000 Y135.3000 E67.5920 ; infill
G1 X283.2000 Y135.3000 E0.6800 ; infill step
G1 X283.2000 Y234.7000 E67.5920 ; infill
G1 X284.2000 Y234.7000 E0.6800 ; infill step
G1 X284.2000 Y135.3000 E67.5920 ; infill
G1 X285.2000 Y135.3000 E0.6800 ; infill step
G1 X285.2000 Y234.7000 E67.5920 ; infill
G1 X286.2000 Y234.7000 E0.6800 ; infill step
G1 X286.2000 Y135.3000 E67.5920 ; infill
G1 X287.2000 Y135.3000 E0.6800 ; infill step
G1 X287.2000 Y234.7000 E67.5920 ; infill
G1 X288.2000 Y234.7000 E0.6800 ; infill step
G1 X288.2000 Y135.3000 E67.5920 ; infill
;------------------------
; - END OF POLYMER STRETCH #13 -
;------------------------
;- START OF POLYMER STRETCH INITIALIZATION -
G10
G0 Z0.6000 F5500
G0 X239.2000 Y135.3000
G0 Z0.6000
G1 F3600
G11
;- END OF POLYMER STRETCH INITIALIZATION -
;------------------------
; - START OF POLYMER STRETCH #14 (Infill) -
;------------------------
G1 X239.2000 Y234.7000 E67.5920 ; infill
G1 X238.2000 Y234.7000 E0.6800 ; infill step
G1 X238.2000 Y135.3000 E67.5920 ; infill
G1 X237.2000 Y135.3000 E0.6800 ; infill step
G1 X237.2000 Y234.7000 E67.5920 ; infill
G1 X236.2000 Y234.7000 E0.6800 ; infill step
G1 X236.2000 Y135.3000 E67.5920 ; infill
G1 X235.2000 Y135.3000 E0.6800 ; infill step
G1 X235.2000 Y234.7000 E67.5920 ; infill
G1 X234.2000 Y234.7000 E0.6800 ; infill step
G1 X234.2000 Y135.3000 E67.5920 ; infill
G1 X233.2000 Y135.3000 E0.6800 ; infill step
G1 X233.2000 Y234.7000 E67.5920 ; infill
G1 X232.2000 Y234.7000 E0.6800 ; infill step
G1 X232.2000 Y135.3000 E67.5920 ; infill
G1 X231.2000 Y135.3000 E0.6800 ; infill step
G1 X231.2000 Y234.7000 E67.5920 ; infill
G1 X230.2000 Y234.7000 E0.6800 ; infill step
G1 X230.2000 Y135.3000 E67.5920 ; infill
G1 X229.2000 Y135.3000 E0.6800 ; infill step
G1 X229.2000 Y234.7000 E67.5920 ; infill
G1 X228.2000 Y234.7000 E0.6800 ; infill step
G1 X228.2000 Y135.3000 E67.5920 ; infill
G1 X227.2000 Y135.3000 E0.6800 ; infill step
G1 X227.2000 Y234.7000 E67.5920 ; infill
G1 X226.2000 Y234.7000 E0.6800 ; infill step
G1 X226.2000 Y135.3000 E67.5920 ; infill
G1 X225.2000 Y135.3000 E0.6800 ; infill step
G1 X225.2000 Y234.7000 E67.5920 ; infill
G1 X224.2000 Y234.7000 E0.6800 ; infill step
G1 X224.2000 Y135.3000 E67.5920 ; infill
G1 X223.2000 Y135.3000 E0.6800 ; infill step
G1 X223.2000 Y234.7000 E67.5920 ; infill
G1 X222.2000 Y234.7000 E0.6800 ; infill step
G1 X222.2000 Y135.3000 E67.5920 ; infill
G1 X221.2000 Y135.3000 E0.6800 ; infill step
G1 X221.2000 Y234.7000 E67.5920 ; infill
G1 X220.2000 Y234.7000 E0.6800 ; infill step
G1 X220.2000 Y135.3000 E67.5920 ; infill
G1 X219.2000 Y135.3000 E0.6800 ; infill step
G1 X219.2000 Y234.7000 E67.5920 ; infill
G1 X218.2000 Y234.7000 E0.6800 ; infill step
G1 X218.2000 Y135.3000 E67.5920 ; infill
G1 X217.2000 Y135.3000 E0.6800 ; infill step
G1 X217.2000 Y234.7000 E67.5920 ; infill
G1 X216.2000 Y234.7000 E0.6800 ; infill step
G1 X216.2000 Y135.3000 E67.5920 ; infill
G1 X215.2000 Y135.3000 E0.6800 ; infill step
G1 X215.2000 Y234.7000 E67.5920 ; infill
G1 X214.2000 Y234.7000 E0.6800 ; infill step
G1 X214.2000 Y135.3000 E67.5920 ; infill
G1 X213.2000 Y135.3000 E0.6800 ; infill step
G1 X213.2000 Y234.7000 E67.5920 ; infill
G1 X212.2000 Y234.7000 E0.6800 ; infill step
G1 X212.2000 Y135.3000 E67.5920 ; infill
G1 X211.2000 Y135.3000 E0.6800 ; infill step
G1 X211.2000 Y234.7000 E67.5920 ; infill
G1 X210.2000 Y234.7000 E0.6800 ; infill step
G1 X210.2000 Y135.3000 E67.5920 ; infill
G1 X209.2000 Y135.3000 E0.6800 ; infill step
G1 X209.2000 Y234.7000 E67.5920 ; infill
G1 X208.2000 Y234.7000 E0.6800 ; infill step
G1 X208.2000 Y135.3000 E67.5920 ; infill
G1 X207.2000 Y135.3000 E0.6800 ; infill step
G1 X207.2000 Y234.7000 E67.5920 ; infill
G1 X206.2000 Y234.7000 E0.6800 ; infill step
G1 X206.2000 Y135.3000 E67.5920 ; infill
G1 X205.2000 Y135.3000 E0.6800 ; infill step
G1 X205.2000 Y234.7000 E67.5920 ; infill
G1 X204.2000 Y234.7000 E0.6800 ; infill step
G1 X204.2000 Y135.3000 E67.5920 ; infill
G1 X203.2000 Y135.3000 E0.6800 ; infill step
G1 X203.2000 Y234.7000 E67.5920 ; infill
G1 X202.2000 Y234.7000 E0.6800 ; infill step
G1 X202.2000 Y135.3000 E67.5920 ; infill
G1 X201.2000 Y135.3000 E0.6800 ; infill step
G1 X201.2000 Y234.7000 E67.5920 ; infill
G1 X200.2000 Y234.7000 E0.6800 ; infill step
G1 X200.2000 Y135.3000 E67.5920 ; infill
G1 X199.2000 Y135.3000 E0.6800 ; infill step
G1 X199.2000 Y234.7000 E67.5920 ; infill
G1 X198.2000 Y234.7000 E0.6800 ; infill step
G1 X198.2000 Y135.3000 E67.5920 ; infill
G1 X197.2000 Y135.3000 E0.6800 ; infill step
G1 X197.2000 Y234.7000 E67.5920 ; infill
G1 X196.2000 Y234.7000 E0.6800 ; infill step
G1 X196.2000 Y135.3000 E67.5920 ; infill
G1 X195.2000 Y135.3000 E0.6800 ; infill step
G1 X195.2000 Y234.7000 E67.5920 ; infill
G1 X194.2000 Y234.7000 E0.6800 ; infill step
G1 X194.2000 Y135.3000 E67.5920 ; infill
G1 X193.2000 Y135.3000 E0.6800 ; infill step
G1 X193.2000 Y234.7000 E67.5920 ; infill
G1 X192.2000 Y234.7000 E0.6800 ; infill step
G1 X192.2000 Y135.3000 E67.5920 ; infill
G1 X191.2000 Y135.3000 E0.6800 ; infill step
G1 X191.2000 Y234.7000 E67.5920 ; infill
G1 X184.2000 Y234.7000 E4.7600 ; infill step
G1 X184.2000 Y135.3000 E67.5920 ; infill
G1 X185.2000 Y135.3000 E0.6800 ; infill step
G1 X185.2000 Y234.7000 E67.5920 ; infill
G1 X186.2000 Y234.7000 E0.6800 ; infill step
G1 X186.2000 Y135.3000 E67.5920 ; infill
G1 X187.2000 Y135.3000 E0.6800 ; infill step
G1 X187.2000 Y234.7000 E67.5920 ; infill
G1 X188.2000 Y234.7000 E0.6800 ; infill step
G1 X188.2000 Y135.3000 E67.5920 ; infill
G1 X189.2000 Y135.3000 E0.6800 ; infill step
G1 X189.2000 Y234.7000 E67.5920 ; infill
G1 X190.2000 Y234.7000 E0.6800 ; infill step
G1 X190.2000 Y135.3000 E67.5920 ; infill
G1 X183.2000 Y135.3000 E4.7600 ; infill step
G1 X183.2000 Y234.7000 E67.5920 ; infill
G1 X182.2000 Y234.7000 E0.6800 ; infill step
G1 X182.2000 Y135.3000 E67.5920 ; infill
G1 X181.2000 Y135.3000 E0.6800 ; infill step
G1 X181.2000 Y234.7000 E67.5920 ; infill
G1 X180.2000 Y234.7000 E0.6800 ; infill step
G1 X180.2000 Y135.3000 E67.5920 ; infill
G1 X179.2000 Y135.3000 E0.6800 ; infill step
G1 X179.2000 Y234.7000 E67.5920 ; infill
G1 X178.2000 Y234.7000 E0.6800 ; infill step
G1 X178.2000 Y135.3000 E67.5920 ; infill
G1 X177.2000 Y135.3000 E0.6800 ; infill step
G1 X177.2000 Y234.7000 E67.5920 ; infill
G1 X176.2000 Y234.7000 E0.6800 ; infill step
G1 X176.2000 Y135.3000 E67.5920 ; infill
;------------------------
; - END OF POLYMER STRETCH #14 -
;------------------------
;========================
; - END OF ZCHUNK #7, range=[0.60, 0.60] -
;========================
;========================
; - START OF ZCHUNK #8, range=[0.75, 0.75] -
;========================
;- START OF POLYMER STRETCH INITIALIZATION -
G10
G0 Z0.7500 F5500
G0 X374.7000 Y234.2000
G0 Z0.7500
G1 F3600
G11
;- END OF POLYMER STRETCH INITIALIZATION -
;------------------------
; - START OF POLYMER STRETCH #15 (Infill) -
;------------------------
G1 X175.3000 Y234.2000 E135.5920 ; infill
G1 X175.3000 Y233.2000 E0.6800 ; infill step
G1 X374.7000 Y233.2000 E135.5920 ; infill
G1 X374.7000 Y232.2000 E0.6800 ; infill step
G1 X175.3000 Y232.2000 E135.5920 ; infill
G1 X175.3000 Y231.2000 E0.6800 ; infill step
G1 X374.7000 Y231.2000 E135.5920 ; infill
G1 X374.7000 Y230.2000 E0.6800 ; infill step
G1 X175.3000 Y230.2000 E135.5920 ; infill
G1 X175.3000 Y229.2000 E0.6800 ; infill step
G1 X374.7000 Y229.2000 E135.5920 ; infill
G1 X374.7000 Y228.2000 E0.6800 ; infill step
G1 X175.3000 Y228.2000 E135.5920 ; infill
G1 X175.3000 Y227.2000 E0.6800 ; infill step
G1 X374.7000 Y227.2000 E135.5920 ; infill
G1 X374.7000 Y226.2000 E0.6800 ; infill step
G1 X175.3000 Y226.2000 E135.5920 ; infill
G1 X175.3000 Y225.2000 E0.6800 ; infill step
G1 X374.7000 Y225.2000 E135.5920 ; infill
G1 X374.7000 Y224.2000 E0.6800 ; infill step
G1 X175.3000 Y224.2000 E135.5920 ; infill
G1 X175.3000 Y223.2000 E0.6800 ; infill step
G1 X374.7000 Y223.2000 E135.5920 ; infill
G1 X374.7000 Y222.2000 E0.6800 ; infill step
G1 X175.3000 Y222.2000 E135.5920 ; infill
G1 X175.3000 Y221.2000 E0.6800 ; infill step
G1 X374.7000 Y221.2000 E135.5920 ; infill
G1 X374.7000 Y220.2000 E0.6800 ; infill step
G1 X175.3000 Y220.2000 E135.5920 ; infill
G1 X175.3000 Y219.2000 E0.6800 ; infill step
G1 X374.7000 Y219.2000 E135.5920 ; infill
G1 X374.7000 Y218.2000 E0.6800 ; infill step
G1 X175.3000 Y218.2000 E135.5920 ; infill
G1 X175.3000 Y217.2000 E0.6800 ; infill step
G1 X374.7000 Y217.2000 E135.5920 ; infill
G1 X374.7000 Y216.2000 E0.6800 ; infill step
G1 X175.3000 Y216.2000 E135.5920 ; infill
G1 X175.3000 Y215.2000 E0.6800 ; infill step
G1 X374.7000 Y215.2000 E135.5920 ; infill
G1 X374.7000 Y214.2000 E0.6800 ; infill step
G1 X175.3000 Y214.2000 E135.5920 ; infill
G1 X175.3000 Y213.2000 E0.6800 ; infill step
G1 X374.7000 Y213.2000 E135.5920 ; infill
G1 X374.7000 Y212.2000 E0.6800 ; infill step
G1 X175.3000 Y212.2000 E135.5920 ; infill
G1 X175.3000 Y211.2000 E0.6800 ; infill step
G1 X374.7000 Y211.2000 E135.5920 ; infill
G1 X374.7000 Y210.2000 E0.6800 ; infill step
G1 X175.3000 Y210.2000 E135.5920 ; infill
G1 X175.3000 Y209.2000 E0.6800 ; infill step
G1 X374.7000 Y209.2000 E135.5920 ; infill
G1 X374.7000 Y208.2000 E0.6800 ; infill step
G1 X175.3000 Y208.2000 E135.5920 ; infill
G1 X175.3000 Y207.2000 E0.6800 ; infill step
G1 X374.7000 Y207.2000 E135.5920 ; infill
G1 X374.7000 Y206.2000 E0.6800 ; infill step
G1 X175.3000 Y206.2000 E135.5920 ; infill
G1 X175.3000 Y205.2000 E0.6800 ; infill step
G1 X374.7000 Y205.2000 E135.5920 ; infill
G1 X374.7000 Y204.2000 E0.6800 ; infill step
G1 X175.3000 Y204.2000 E135.5920 ; infill
G1 X175.3000 Y203.2000 E0.6800 ; infill step
G1 X374.7000 Y203.2000 E135.5920 ; infill
G1 X374.7000 Y202.2000 E0.6800 ; infill step
G1 X175.3000 Y202.2000 E135.5920 ; infill
G1 X175.3000 Y201.2000 E0.6800 ; infill step
G1 X374.7000 Y201.2000 E135.5920 ; infill
G1 X374.7000 Y200.2000 E0.6800 ; infill step
G1 X175.3000 Y200.2000 E135.5920 ; infill
G1 X175.3000 Y199.2000 E0.6800 ; infill step
G1 X374.7000 Y199.2000 E135.5920 ; infill
G1 X374.7000 Y198.2000 E0.6800 ; infill step
G1 X175.3000 Y198.2000 E135.5920 ; infill
G1 X175.3000 Y197.2000 E0.6800 ; infill step
G1 X374.7000 Y197.2000 E135.5920 ; infill
G1 X374.7000 Y196.2000 E0.6800 ; infill step
G1 X175.3000 Y196.2000 E135.5920 ; infill
G1 X175.3000 Y195.2000 E0.6800 ; infill step
G1 X374.7000 Y195.2000 E135.5920 ; infill
G1 X374.7000 Y194.2000 E0.6800 ; infill step
G1 X175.3000 Y194.2000 E135.5920 ; infill
G1 X175.3000 Y193.2000 E0.6800 ; infill step
G1 X374.7000 Y193.2000 E135.5920 ; infill
G1 X374.7000 Y192.2000 E0.6800 ; infill step
G1 X175.3000 Y192.2000 E135.5920 ; infill
G1 X175.3000 Y191.2000 E0.6800 ; infill step
G1 X374.7000 Y191.2000 E135.5920 ; infill
G1 X374.7000 Y190.2000 E0.6800 ; infill step
G1 X175.3000 Y190.2000 E135.5920 ; infill
G1 X175.3000 Y189.2000 E0.6800 ; infill step
G1 X374.7000 Y189.2000 E135.5920 ; infill
G1 X374.7000 Y188.2000 E0.6800 ; infill step
G1 X175.3000 Y188.2000 E135.5920 ; infill
G1 X175.3000 Y187.2000 E0.6800 ; infill step
G1 X374.7000 Y187.2000 E135.5920 ; infill
G1 X374.7000 Y186.2000 E0.6800 ; infill step
G1 X175.3000 Y186.2000 E135.5920 ; infill
G1 X175.3000 Y185.2000 E0.6800 ; infill step
G1 X374.7000 Y185.2000 E135.5920 ; infill
G1 X374.7000 Y184.2000 E0.6800 ; infill step
G1 X175.3000 Y184.2000 E135.5920 ; infill
G1 X175.3000 Y183.2000 E0.6800 ; infill step
G1 X374.7000 Y183.2000 E135.5920 ; infill
G1 X374.7000 Y182.2000 E0.6800 ; infill step
G1 X175.3000 Y182.2000 E135.5920 ; infill
G1 X175.3000 Y181.2000 E0.6800 ; infill step
G1 X374.7000 Y181.2000 E135.5920 ; infill
G1 X374.7000 Y180.2000 E0.6800 ; infill step
G1 X175.3000 Y180.2000 E135.5920 ; infill
G1 X175.3000 Y179.2000 E0.6800 ; infill step
G1 X374.7000 Y179.2000 E135.5920 ; infill
G1 X374.7000 Y178.2000 E0.6800 ; infill step
G1 X175.3000 Y178.2000 E135.5920 ; infill
G1 X175.3000 Y177.2000 E0.6800 ; infill step
G1 X374.7000 Y177.2000 E135.5920 ; infill
G1 X374.7000 Y176.2000 E0.6800 ; infill step
G1 X175.3000 Y176.2000 E135.5920 ; infill
G1 X175.3000 Y175.2000 E0.6800 ; infill step
G1 X374.7000 Y175.2000 E135.5920 ; infill
G1 X374.7000 Y174.2000 E0.6800 ; infill step
G1 X175.3000 Y174.2000 E135.5920 ; infill
G1 X175.3000 Y173.2000 E0.6800 ; infill step
G1 X374.7000 Y173.2000 E135.5920 ; infill
G1 X374.7000 Y172.2000 E0.6800 ; infill step
G1 X175.3000 Y172.2000 E135.5920 ; infill
G1 X175.3000 Y171.2000 E0.6800 ; infill step
G1 X374.7000 Y171.2000 E135.5920 ; infill
G1 X374.7000 Y170.2000 E0.6800 ; infill step
G1 X175.3000 Y170.2000 E135.5920 ; infill
G1 X175.3000 Y169.2000 E0.6800 ; infill step
G1 X374.7000 Y169.2000 E135.5920 ; infill
G1 X374.7000 Y168.2000 E0.6800 ; infill step
G1 X175.3000 Y168.2000 E135.5920 ; infill
G1 X175.3000 Y167.2000 E0.6800 ; infill step
G1 X374.7000 Y167.2000 E135.5920 ; infill
G1 X374.7000 Y166.2000 E0.6800 ; infill step
G1 X175.3000 Y166.2000 E135.5920 ; infill
G1 X175.3000 Y165.2000 E0.6800 ; infill step
G1 X374.7000 Y165.2000 E135.5920 ; infill
G1 X374.7000 Y164.2000 E0.6800 ; infill step
G1 X175.3000 Y164.2000 E135.5920 ; infill
G1 X175.3000 Y163.2000 E0.6800 ; infill step
G1 X374.7000 Y163.2000 E135.5920 ; infill
G1 X374.7000 Y162.2000 E0.6800 ; infill step
G1 X175.3000 Y162.2000 E135.5920 ; infill
G1 X175.3000 Y161.2000 E0.6800 ; infill step
G1 X374.7000 Y161.2000 E135.5920 ; infill
G1 X374.7000 Y160.2000 E0.6800 ; infill step
G1 X175.3000 Y160.2000 E135.5920 ; infill
G1 X175.3000 Y159.2000 E0.6800 ; infill step
G1 X374.7000 Y159.2000 E135.5920 ; infill
G1 X374.7000 Y158.2000 E0.6800 ; infill step
G1 X175.3000 Y158.2000 E135.5920 ; infill
G1 X175.3000 Y157.2000 E0.6800 ; infill step
G1 X374.7000 Y157.2000 E135.5920 ; infill
G1 X374.7000 Y156.2000 E0.6800 ; infill step
G1 X175.3000 Y156.2000 E135.5920 ; infill
G1 X175.3000 Y155.2000 E0.6800 ; infill step
G1 X374.7000 Y155.2000 E135.5920 ; infill
G1 X374.7000 Y154.2000 E0.6800 ; infill step
G1 X175.3000 Y154.2000 E135.5920 ; infill
G1 X175.3000 Y153.2000 E0.6800 ; infill step
G1 X374.7000 Y153.2000 E135.5920 ; infill
G1 X374.7000 Y152.2000 E0.6800 ; infill step
G1 X175.3000 Y152.2000 E135.5920 ; infill
G1 X175.3000 Y151.2000 E0.6800 ; infill step
G1 X374.7000 Y151.2000 E135.5920 ; infill
G1 X374.7000 Y150.2000 E0.6800 ; infill step
G1 X175.3000 Y150.2000 E135.5920 ; infill
G1 X175.3000 Y149.2000 E0.6800 ; infill step
G1 X374.7000 Y149.2000 E135.5920 ; infill
G1 X374.7000 Y148.2000 E0.6800 ; infill step
G1 X175.3000 Y148.2000 E135.5920 ; infill
G1 X175.3000 Y147.2000 E0.6800 ; infill step
G1 X374.7000 Y147.2000 E135.5920 ; infill
G1 X374.7000 Y146.2000 E0.6800 ; infill step
G1 X175.3000 Y146.2000 E135.5920 ; infill
G1 X175.3000 Y145.2000 E0.6800 ; infill step
G1 X374.7000 Y145.2000 E135.5920 ; infill
G1 X374.7000 Y144.2000 E0.6800 ; infill step
G1 X175.3000 Y144.2000 E135.5920 ; infill
G1 X175.3000 Y143.2000 E0.6800 ; infill step
G1 X374.7000 Y143.2000 E135.5920 ; infill
G1 X374.7000 Y142.2000 E0.6800 ; infill step
G1 X175.3000 Y142.2000 E135.5920 ; infill
G1 X175.3000 Y141.2000 E0.6800 ; infill step
G1 X374.7000 Y141.2000 E135.5920 ; infill
G1 X374.7000 Y140.2000 E0.6800 ; infill step
G1 X175.3000 Y140.2000 E135.5920 ; infill
G1 X175.3000 Y139.2000 E0.6800 ; infill step
G1 X374.7000 Y139.2000 E135.5920 ; infill
G1 X374.7000 Y138.2000 E0.6800 ; infill step
G1 X175.3000 Y138.2000 E135.5920 ; infill
G1 X175.3000 Y137.2000 E0.6800 ; infill step
G1 X374.7000 Y137.2000 E135.5920 ; infill
G1 X374.7000 Y136.2000 E0.6800 ; infill step
G1 X175.3000 Y136.2000 E135.5920 ; infill
;------------------------
; - END OF POLYMER STRETCH #15 -
;------------------------
;========================
; - END OF ZCHUNK #8, range=[0.75, 0.75] -
;========================
;========================
; - START OF ZCHUNK #9, range=[0.90, 0.90] -
;========================
;- START OF POLYMER STRETCH INITIALIZATION -
G10
G0 Z0.9000 F5500
G0 X211.8000 Y234.7000
G0 Z0.9000
G1 F3600
G11
;- END OF POLYMER STRETCH INITIALIZATION -
;------------------------
; - START OF POLYMER STRETCH #16 (Infill) -
;------------------------
G1 X211.8000 Y135.3000 E67.5920 ; infill
G1 X210.8000 Y135.3000 E0.6800 ; infill step
G1 X210.8000 Y234.7000 E67.5920 ; infill
G1 X209.8000 Y234.7000 E0.6800 ; infill step
G1 X209.8000 Y135.3000 E67.5920 ; infill
G1 X208.8000 Y135.3000 E0.6800 ; infill step
G1 X208.8000 Y234.7000 E67.5920 ; infill
G1 X207.8000 Y234.7000 E0.6800 ; infill step
G1 X207.8000 Y135.3000 E67.5920 ; infill
G1 X206.8000 Y135.3000 E0.6800 ; infill step
G1 X206.8000 Y234.7000 E67.5920 ; infill
;------------------------
; - END OF POLYMER STRETCH #16 -
;------------------------
;- START OF POLYMER STRETCH INITIALIZATION -
G10
G0 Z0.9000 F5500
G0 X175.8000 Y234.7000
G0 Z0.9000
G1 F3600
G11
;- END OF POLYMER STRETCH INITIALIZATION -
;------------------------
; - START OF POLYMER STRETCH #17 (Infill) -
;------------------------
G1 X175.8000 Y135.3000 E67.5920 ; infill
G1 X176.8000 Y135.3000 E0.6800 ; infill step
G1 X176.8000 Y234.7000 E67.5920 ; infill
G1 X177.8000 Y234.7000 E0.6800 ; infill step
G1 X177.8000 Y135.3000 E67.5920 ; infill
G1 X178.8000 Y135.3000 E0.6800 ; infill step
G1 X178.8000 Y234.7000 E67.5920 ; infill
G1 X179.8000 Y234.7000 E0.6800 ; infill step
G1 X179.8000 Y135.3000 E67.5920 ; infill
G1 X180.8000 Y135.3000 E0.6800 ; infill step
G1 X180.8000 Y234.7000 E67.5920 ; infill
G1 X181.8000 Y234.7000 E0.6800 ; infill step
G1 X181.8000 Y135.3000 E67.5920 ; infill
G1 X182.8000 Y135.3000 E0.6800 ; infill step
G1 X182.8000 Y234.7000 E67.5920 ; infill
G1 X183.8000 Y234.7000 E0.6800 ; infill step
G1 X183.8000 Y135.3000 E67.5920 ; infill
G1 X184.8000 Y135.3000 E0.6800 ; infill step
G1 X184.8000 Y234.7000 E67.5920 ; infill
G1 X185.8000 Y234.7000 E0.6800 ; infill step
G1 X185.8000 Y135.3000 E67.5920 ; infill
G1 X186.8000 Y135.3000 E0.6800 ; infill step
G1 X186.8000 Y234.7000 E67.5920 ; infill
G1 X187.8000 Y234.7000 E0.6800 ; infill step
G1 X187.8000 Y135.3000 E67.5920 ; infill
G1 X188.8000 Y135.3000 E0.6800 ; infill step
G1 X188.8000 Y234.7000 E67.5920 ; infill
G1 X189.8000 Y234.7000 E0.6800 ; infill step
G1 X189.8000 Y135.3000 E67.5920 ; infill
G1 X190.8000 Y135.3000 E0.6800 ; infill step
G1 X190.8000 Y234.7000 E67.5920 ; infill
G1 X191.8000 Y234.7000 E0.6800 ; infill step
G1 X191.8000 Y135.3000 E67.5920 ; infill
G1 X192.8000 Y135.3000 E0.6800 ; infill step
G1 X192.8000 Y234.7000 E67.5920 ; infill
G1 X193.8000 Y234.7000 E0.6800 ; infill step
G1 X193.8000 Y135.3000 E67.5920 ; infill
G1 X194.8000 Y135.3000 E0.6800 ; infill step
G1 X194.8000 Y234.7000 E67.5920 ; infill
G1 X195.8000 Y234.7000 E0.6800 ; infill step
G1 X195.8000 Y135.3000 E67.5920 ; infill
G1 X196.8000 Y135.3000 E0.6800 ; infill step
G1 X196.8000 Y234.7000 E67.5920 ; infill
G1 X197.8000 Y234.7000 E0.6800 ; infill step
G1 X197.8000 Y135.3000 E67.5920 ; infill
G1 X198.8000 Y135.3000 E0.6800 ; infill step
G1 X198.8000 Y234.7000 E67.5920 ; infill
G1 X199.8000 Y234.7000 E0.6800 ; infill step
G1 X199.8000 Y135.3000 E67.5920 ; infill
G1 X200.8000 Y135.3000 E0.6800 ; infill step
G1 X200.8000 Y234.7000 E67.5920 ; infill
G1 X201.8000 Y234.7000 E0.6800 ; infill step
G1 X201.8000 Y135.3000 E67.5920 ; infill
G1 X202.8000 Y135.3000 E0.6800 ; infill step
G1 X202.8000 Y234.7000 E67.5920 ; infill
G1 X203.8000 Y234.7000 E0.6800 ; infill step
G1 X203.8000 Y135.3000 E67.5920 ; infill
G1 X204.8000 Y135.3000 E0.6800 ; infill step
G1 X204.8000 Y234.7000 E67.5920 ; infill
G1 X205.8000 Y234.7000 E0.6800 ; infill step
G1 X205.8000 Y135.3000 E67.5920 ; infill
G1 X212.8000 Y135.3000 E4.7600 ; infill step
G1 X212.8000 Y234.7000 E67.5920 ; infill
G1 X213.8000 Y234.7000 E0.6800 ; infill step
G1 X213.8000 Y135.3000 E67.5920 ; infill
G1 X214.8000 Y135.3000 E0.6800 ; infill step
G1 X214.8000 Y234.7000 E67.5920 ; infill
G1 X215.8000 Y234.7000 E0.6800 ; infill step
G1 X215.8000 Y135.3000 E67.5920 ; infill
G1 X216.8000 Y135.3000 E0.6800 ; infill step
G1 X216.8000 Y234.7000 E67.5920 ; infill
G1 X217.8000 Y234.7000 E0.6800 ; infill step
G1 X217.8000 Y135.3000 E67.5920 ; infill
G1 X218.8000 Y135.3000 E0.6800 ; infill step
G1 X218.8000 Y234.7000 E67.5920 ; infill
G1 X219.8000 Y234.7000 E0.6800 ; infill step
G1 X219.8000 Y135.3000 E67.5920 ; infill
G1 X220.8000 Y135.3000 E0.6800 ; infill step
G1 X220.8000 Y234.7000 E67.5920 ; infill
G1 X221.8000 Y234.7000 E0.6800 ; infill step
G1 X221.8000 Y135.3000 E67.5920 ; infill
G1 X222.8000 Y135.3000 E0.6800 ; infill step
G1 X222.8000 Y234.7000 E67.5920 ; infill
G1 X223.8000 Y234.7000 E0.6800 ; infill step
G1 X223.8000 Y135.3000 E67.5920 ; infill
G1 X224.8000 Y135.3000 E0.6800 ; infill step
G1 X224.8000 Y234.7000 E67.5920 ; infill
G1 X225.8000 Y234.7000 E0.6800 ; infill step
G1 X225.8000 Y135.3000 E67.5920 ; infill
G1 X226.8000 Y135.3000 E0.6800 ; infill step
G1 X226.8000 Y234.7000 E67.5920 ; infill
G1 X227.8000 Y234.7000 E0.6800 ; infill step
G1 X227.8000 Y135.3000 E67.5920 ; infill
G1 X228.8000 Y135.3000 E0.6800 ; infill step
G1 X228.8000 Y234.7000 E67.5920 ; infill
G1 X229.8000 Y234.7000 E0.6800 ; infill step
G1 X229.8000 Y135.3000 E67.5920 ; infill
G1 X230.8000 Y135.3000 E0.6800 ; infill step
G1 X230.8000 Y234.7000 E67.5920 ; infill
G1 X231.8000 Y234.7000 E0.6800 ; infill step
G1 X231.8000 Y135.3000 E67.5920 ; infill
G1 X232.8000 Y135.3000 E0.6800 ; infill step
G1 X232.8000 Y234.7000 E67.5920 ; infill
G1 X233.8000 Y234.7000 E0.6800 ; infill step
G1 X233.8000 Y135.3000 E67.5920 ; infill
G1 X234.8000 Y135.3000 E0.6800 ; infill step
G1 X234.8000 Y234.7000 E67.5920 ; infill
G1 X235.8000 Y234.7000 E0.6800 ; infill step
G1 X235.8000 Y135.3000 E67.5920 ; infill
G1 X236.8000 Y135.3000 E0.6800 ; infill step
G1 X236.8000 Y234.7000 E67.5920 ; infill
G1 X237.8000 Y234.7000 E0.6800 ; infill step
G1 X237.8000 Y135.3000 E67.5920 ; infill
G1 X238.8000 Y135.3000 E0.6800 ; infill step
G1 X238.8000 Y234.7000 E67.5920 ; infill
G1 X239.8000 Y234.7000 E0.6800 ; infill step
G1 X239.8000 Y135.3000 E67.5920 ; infill
G1 X240.8000 Y135.3000 E0.6800 ; infill step
G1 X240.8000 Y234.7000 E67.5920 ; infill
G1 X241.8000 Y234.7000 E0.6800 ; infill step
G1 X241.8000 Y135.3000 E67.5920 ; infill
G1 X242.8000 Y135.3000 E0.6800 ; infill step
G1 X242.8000 Y234.7000 E67.5920 ; infill
G1 X243.8000 Y234.7000 E0.6800 ; infill step
G1 X243.8000 Y135.3000 E67.5920 ; infill
G1 X244.8000 Y135.3000 E0.6800 ; infill step
G1 X244.8000 Y234.7000 E67.5920 ; infill
G1 X245.8000 Y234.7000 E0.6800 ; infill step
G1 X245.8000 Y135.3000 E67.5920 ; infill
G1 X246.8000 Y135.3000 E0.6800 ; infill step
G1 X246.8000 Y234.7000 E67.5920 ; infill
G1 X247.8000 Y234.7000 E0.6800 ; infill step
G1 X247.8000 Y135.3000 E67.5920 ; infill
G1 X248.8000 Y135.3000 E0.6800 ; infill step
G1 X248.8000 Y234.7000 E67.5920 ; infill
G1 X249.8000 Y234.7000 E0.6800 ; infill step
G1 X249.8000 Y135.3000 E67.5920 ; infill
G1 X250.8000 Y135.3000 E0.6800 ; infill step
G1 X250.8000 Y234.7000 E67.5920 ; infill
G1 X251.8000 Y234.7000 E0.6800 ; infill step
G1 X251.8000 Y135.3000 E67.5920 ; infill
G1 X252.8000 Y135.3000 E0.6800 ; infill step
G1 X252.8000 Y234.7000 E67.5920 ; infill
G1 X253.8000 Y234.7000 E0.6800 ; infill step
G1 X253.8000 Y135.3000 E67.5920 ; infill
G1 X254.8000 Y135.3000 E0.6800 ; infill step
G1 X254.8000 Y234.7000 E67.5920 ; infill
G1 X255.8000 Y234.7000 E0.6800 ; infill step
G1 X255.8000 Y135.3000 E67.5920 ; infill
G1 X256.8000 Y135.3000 E0.6800 ; infill step
G1 X256.8000 Y234.7000 E67.5920 ; infill
G1 X257.8000 Y234.7000 E0.6800 ; infill step
G1 X257.8000 Y135.3000 E67.5920 ; infill
G1 X258.8000 Y135.3000 E0.6800 ; infill step
G1 X258.8000 Y234.7000 E67.5920 ; infill
G1 X259.8000 Y234.7000 E0.6800 ; infill step
G1 X259.8000 Y135.3000 E67.5920 ; infill
G1 X260.8000 Y135.3000 E0.6800 ; infill step
G1 X260.8000 Y234.7000 E67.5920 ; infill
G1 X261.8000 Y234.7000 E0.6800 ; infill step
G1 X261.8000 Y135.3000 E67.5920 ; infill
G1 X262.8000 Y135.3000 E0.6800 ; infill step
G1 X262.8000 Y234.7000 E67.5920 ; infill
G1 X263.8000 Y234.7000 E0.6800 ; infill step
G1 X263.8000 Y135.3000 E67.5920 ; infill
G1 X264.8000 Y135.3000 E0.6800 ; infill step
G1 X264.8000 Y234.7000 E67.5920 ; infill
G1 X265.8000 Y234.7000 E0.6800 ; infill step
G1 X265.8000 Y135.3000 E67.5920 ; infill
G1 X266.8000 Y135.3000 E0.6800 ; infill step
G1 X266.8000 Y234.7000 E67.5920 ; infill
G1 X267.8000 Y234.7000 E0.6800 ; infill step
G1 X267.8000 Y135.3000 E67.5920 ; infill
G1 X268.8000 Y135.3000 E0.6800 ; infill step
G1 X268.8000 Y234.7000 E67.5920 ; infill
G1 X269.8000 Y234.7000 E0.6800 ; infill step
G1 X269.8000 Y135.3000 E67.5920 ; infill
G1 X270.8000 Y135.3000 E0.6800 ; infill step
G1 X270.8000 Y234.7000 E67.5920 ; infill
G1 X271.8000 Y234.7000 E0.6800 ; infill step
G1 X271.8000 Y135.3000 E67.5920 ; infill
G1 X272.8000 Y135.3000 E0.6800 ; infill step
G1 X272.8000 Y234.7000 E67.5920 ; infill
G1 X273.8000 Y234.7000 E0.6800 ; infill step
G1 X273.8000 Y135.3000 E67.5920 ; infill
G1 X274.8000 Y135.3000 E0.6800 ; infill step
G1 X274.8000 Y234.7000 E67.5920 ; infill
G1 X275.8000 Y234.7000 E0.6800 ; infill step
G1 X275.8000 Y135.3000 E67.5920 ; infill
G1 X276.8000 Y135.3000 E0.6800 ; infill step
G1 X276.8000 Y234.7000 E67.5920 ; infill
G1 X277.8000 Y234.7000 E0.6800 ; infill step
G1 X277.8000 Y135.3000 E67.5920 ; infill
G1 X278.8000 Y135.3000 E0.6800 ; infill step
G1 X278.8000 Y234.7000 E67.5920 ; infill
G1 X279.8000 Y234.7000 E0.6800 ; infill step
G1 X279.8000 Y135.3000 E67.5920 ; infill
G1 X280.8000 Y135.3000 E0.6800 ; infill step
G1 X280.8000 Y234.7000 E67.5920 ; infill
G1 X281.8000 Y234.7000 E0.6800 ; infill step
G1 X281.8000 Y135.3000 E67.5920 ; infill
G1 X282.8000 Y135.3000 E0.6800 ; infill step
G1 X282.8000 Y234.7000 E67.5920 ; infill
G1 X283.8000 Y234.7000 E0.6800 ; infill step
G1 X283.8000 Y135.3000 E67.5920 ; infill
G1 X284.8000 Y135.3000 E0.6800 ; infill step
G1 X284.8000 Y234.7000 E67.5920 ; infill
G1 X285.8000 Y234.7000 E0.6800 ; infill step
G1 X285.8000 Y135.3000 E67.5920 ; infill
G1 X286.8000 Y135.3000 E0.6800 ; infill step
G1 X286.8000 Y234.7000 E67.5920 ; infill
G1 X287.8000 Y234.7000 E0.6800 ; infill step
G1 X287.8000 Y135.3000 E67.5920 ; infill
G1 X288.8000 Y135.3000 E0.6800 ; infill step
G1 X288.8000 Y234.7000 E67.5920 ; infill
G1 X289.8000 Y234.7000 E0.6800 ; infill step
G1 X289.8000 Y135.3000 E67.5920 ; infill
G1 X290.8000 Y135.3000 E0.6800 ; infill step
G1 X290.8000 Y234.7000 E67.5920 ; infill
G1 X291.8000 Y234.7000 E0.6800 ; infill step
G1 X291.8000 Y135.3000 E67.5920 ; infill
G1 X292.8000 Y135.3000 E0.6800 ; infill step
G1 X292.8000 Y234.7000 E67.5920 ; infill
G1 X293.8000 Y234.7000 E0.6800 ; infill step
G1 X293.8000 Y135.3000 E67.5920 ; infill
G1 X294.8000 Y135.3000 E0.6800 ; infill step
G1 X294.8000 Y234.7000 E67.5920 ; infill
G1 X295.8000 Y234.7000 E0.6800 ; infill step
G1 X295.8000 Y135.3000 E67.5920 ; infill
G1 X296.8000 Y135.3000 E0.6800 ; infill step
G1 X296.8000 Y234.7000 E67.5920 ; infill
G1 X297.8000 Y234.7000 E0.6800 ; infill step
G1 X297.8000 Y135.3000 E67.5920 ; infill
G1 X298.8000 Y135.3000 E0.6800 ; infill step
G1 X298.8000 Y234.7000 E67.5920 ; infill
G1 X299.8000 Y234.7000 E0.6800 ; infill step
G1 X299.8000 Y135.3000 E67.5920 ; infill
G1 X300.8000 Y135.3000 E0.6800 ; infill step
G1 X300.8000 Y234.7000 E67.5920 ; infill
G1 X301.8000 Y234.7000 E0.6800 ; infill step
G1 X301.8000 Y135.3000 E67.5920 ; infill
G1 X302.8000 Y135.3000 E0.6800 ; infill step
G1 X302.8000 Y234.7000 E67.5920 ; infill
G1 X303.8000 Y234.7000 E0.6800 ; infill step
G1 X303.8000 Y135.3000 E67.5920 ; infill
G1 X304.8000 Y135.3000 E0.6800 ; infill step
G1 X304.8000 Y234.7000 E67.5920 ; infill
G1 X305.8000 Y234.7000 E0.6800 ; infill step
G1 X305.8000 Y135.3000 E67.5920 ; infill
G1 X306.8000 Y135.3000 E0.6800 ; infill step
G1 X306.8000 Y234.7000 E67.5920 ; infill
G1 X307.8000 Y234.7000 E0.6800 ; infill step
G1 X307.8000 Y135.3000 E67.5920 ; infill
G1 X308.8000 Y135.3000 E0.6800 ; infill step
G1 X308.8000 Y234.7000 E67.5920 ; infill
G1 X309.8000 Y234.7000 E0.6800 ; infill step
G1 X309.8000 Y135.3000 E67.5920 ; infill
G1 X310.8000 Y135.3000 E0.6800 ; infill step
G1 X310.8000 Y234.7000 E67.5920 ; infill
G1 X311.8000 Y234.7000 E0.6800 ; infill step
G1 X311.8000 Y135.3000 E67.5920 ; infill
G1 X312.8000 Y135.3000 E0.6800 ; infill step
G1 X312.8000 Y234.7000 E67.5920 ; infill
G1 X313.8000 Y234.7000 E0.6800 ; infill step
G1 X313.8000 Y135.3000 E67.5920 ; infill
G1 X314.8000 Y135.3000 E0.6800 ; infill step
G1 X314.8000 Y234.7000 E67.5920 ; infill
G1 X315.8000 Y234.7000 E0.6800 ; infill step
G1 X315.8000 Y135.3000 E67.5920 ; infill
G1 X316.8000 Y135.3000 E0.6800 ; infill step
G1 X316.8000 Y234.7000 E67.5920 ; infill
G1 X317.8000 Y234.7000 E0.6800 ; infill step
G1 X317.8000 Y135.3000 E67.5920 ; infill
G1 X318.8000 Y135.3000 E0.6800 ; infill step
G1 X318.8000 Y234.7000 E67.5920 ; infill
G1 X319.8000 Y234.7000 E0.6800 ; infill step
G1 X319.8000 Y135.3000 E67.5920 ; infill
G1 X320.8000 Y135.3000 E0.6800 ; infill step
G1 X320.8000 Y234.7000 E67.5920 ; infill
G1 X321.8000 Y234.7000 E0.6800 ; infill step
G1 X321.8000 Y135.3000 E67.5920 ; infill
G1 X322.8000 Y135.3000 E0.6800 ; infill step
G1 X322.8000 Y234.7000 E67.5920 ; infill
G1 X323.8000 Y234.7000 E0.6800 ; infill step
G1 X323.8000 Y135.3000 E67.5920 ; infill
G1 X324.8000 Y135.3000 E0.6800 ; infill step
G1 X324.8000 Y234.7000 E67.5920 ; infill
G1 X325.8000 Y234.7000 E0.6800 ; infill step
G1 X325.8000 Y135.3000 E67.5920 ; infill
G1 X326.8000 Y135.3000 E0.6800 ; infill step
G1 X326.8000 Y234.7000 E67.5920 ; infill
G1 X327.8000 Y234.7000 E0.6800 ; infill step
G1 X327.8000 Y135.3000 E67.5920 ; infill
G1 X328.8000 Y135.3000 E0.6800 ; infill step
G1 X328.8000 Y234.7000 E67.5920 ; infill
G1 X329.8000 Y234.7000 E0.6800 ; infill step
G1 X329.8000 Y135.3000 E67.5920 ; infill
G1 X330.8000 Y135.3000 E0.6800 ; infill step
G1 X330.8000 Y234.7000 E67.5920 ; infill
G1 X331.8000 Y234.7000 E0.6800 ; infill step
G1 X331.8000 Y135.3000 E67.5920 ; infill
G1 X332.8000 Y135.3000 E0.6800 ; infill step
G1 X332.8000 Y234.7000 E67.5920 ; infill
G1 X333.8000 Y234.7000 E0.6800 ; infill step
G1 X333.8000 Y135.3000 E67.5920 ; infill
G1 X334.8000 Y135.3000 E0.6800 ; infill step
G1 X334.8000 Y234.7000 E67.5920 ; infill
G1 X335.8000 Y234.7000 E0.6800 ; infill step
G1 X335.8000 Y135.3000 E67.5920 ; infill
G1 X336.8000 Y135.3000 E0.6800 ; infill step
G1 X336.8000 Y234.7000 E67.5920 ; infill
G1 X337.8000 Y234.7000 E0.6800 ; infill step
G1 X337.8000 Y135.3000 E67.5920 ; infill
G1 X338.8000 Y135.3000 E0.6800 ; infill step
G1 X338.8000 Y234.7000 E67.5920 ; infill
G1 X339.8000 Y234.7000 E0.6800 ; infill step
G1 X339.8000 Y135.3000 E67.5920 ; infill
G1 X340.8000 Y135.3000 E0.6800 ; infill step
G1 X340.8000 Y234.7000 E67.5920 ; infill
G1 X341.8000 Y234.7000 E0.6800 ; infill step
G1 X341.8000 Y135.3000 E67.5920 ; infill
G1 X342.8000 Y135.3000 E0.6800 ; infill step
G1 X342.8000 Y234.7000 E67.5920 ; infill
G1 X343.8000 Y234.7000 E0.6800 ; infill step
G1 X343.8000 Y135.3000 E67.5920 ; infill
G1 X344.8000 Y135.3000 E0.6800 ; infill step
G1 X344.8000 Y234.7000 E67.5920 ; infill
G1 X345.8000 Y234.7000 E0.6800 ; infill step
G1 X345.8000 Y135.3000 E67.5920 ; infill
G1 X346.8000 Y135.3000 E0.6800 ; infill step
G1 X346.8000 Y234.7000 E67.5920 ; infill
G1 X347.8000 Y234.7000 E0.6800 ; infill step
G1 X347.8000 Y135.3000 E67.5920 ; infill
G1 X348.8000 Y135.3000 E0.6800 ; infill step
G1 X348.8000 Y234.7000 E67.5920 ; infill
G1 X349.8000 Y234.7000 E0.6800 ; infill step
G1 X349.8000 Y135.3000 E67.5920 ; infill
G1 X350.8000 Y135.3000 E0.6800 ; infill step
G1 X350.8000 Y234.7000 E67.5920 ; infill
G1 X351.8000 Y234.7000 E0.6800 ; infill step
G1 X351.8000 Y135.3000 E67.5920 ; infill
G1 X352.8000 Y135.3000 E0.6800 ; infill step
G1 X352.8000 Y234.7000 E67.5920 ; infill
G1 X353.8000 Y234.7000 E0.6800 ; infill step
G1 X353.8000 Y135.3000 E67.5920 ; infill
G1 X354.8000 Y135.3000 E0.6800 ; infill step
G1 X354.8000 Y234.7000 E67.5920 ; infill
G1 X355.8000 Y234.7000 E0.6800 ; infill step
G1 X355.8000 Y135.3000 E67.5920 ; infill
G1 X356.8000 Y135.3000 E0.6800 ; infill step
G1 X356.8000 Y234.7000 E67.5920 ; infill
G1 X357.8000 Y234.7000 E0.6800 ; infill step
G1 X357.8000 Y135.3000 E67.5920 ; infill
G1 X358.8000 Y135.3000 E0.6800 ; infill step
G1 X358.8000 Y234.7000 E67.5920 ; infill
G1 X359.8000 Y234.7000 E0.6800 ; infill step
G1 X359.8000 Y135.3000 E67.5920 ; infill
G1 X360.8000 Y135.3000 E0.6800 ; infill step
G1 X360.8000 Y234.7000 E67.5920 ; infill
G1 X361.8000 Y234.7000 E0.6800 ; infill step
G1 X361.8000 Y135.3000 E67.5920 ; infill
G1 X362.8000 Y135.3000 E0.6800 ; infill step
G1 X362.8000 Y234.7000 E67.5920 ; infill
G1 X363.8000 Y234.7000 E0.6800 ; infill step
G1 X363.8000 Y135.3000 E67.5920 ; infill
G1 X364.8000 Y135.3000 E0.6800 ; infill step
G1 X364.8000 Y234.7000 E67.5920 ; infill
G1 X365.8000 Y234.7000 E0.6800 ; infill step
G1 X365.8000 Y135.3000 E67.5920 ; infill
G1 X366.8000 Y135.3000 E0.6800 ; infill step
G1 X366.8000 Y234.7000 E67.5920 ; infill
G1 X367.8000 Y234.7000 E0.6800 ; infill step
G1 X367.8000 Y135.3000 E67.5920 ; infill
G1 X368.8000 Y135.3000 E0.6800 ; infill step
G1 X368.8000 Y234.7000 E67.5920 ; infill
G1 X369.8000 Y234.7000 E0.6800 ; infill step
G1 X369.8000 Y135.3000 E67.5920 ; infill
G1 X370.8000 Y135.3000 E0.6800 ; infill step
G1 X370.8000 Y234.7000 E67.5920 ; infill
G1 X371.8000 Y234.7000 E0.6800 ; infill step
G1 X371.8000 Y135.3000 E67.5920 ; infill
G1 X372.8000 Y135.3000 E0.6800 ; infill step
G1 X372.8000 Y234.7000 E67.5920 ; infill
G1 X373.8000 Y234.7000 E0.6800 ; infill step
G1 X373.8000 Y135.3000 E67.5920 ; infill
;------------------------
; - END OF POLYMER STRETCH #17 -
;------------------------
;========================
; - END OF ZCHUNK #9, range=[0.90, 0.90] -
;========================
;*-- END CODE --
G90
M83
USE_ABSOLUTE_ROTARY_POSITION
G1 Z100.0000 W0.0000 F6000 ; move to anchoring start
USE_RELATIVE_ROTARY_POSITION
M104 S0 T0 ; turn off fiber guide
M104 S0 T1 ; turn off polymer nozzle
M140 S0 ; turn off bed
set_state_target state=buffer target=0 ; turn off buffer
set_heater_temperature heater=print_chamber target=0 ; turn off chamber heater
;*-- END OF END CODE --

